{
"type": "FeatureCollection",
"name": "boundaries",
"crs": { "type": "name", "properties": { "name": "urn:ogc:def:crs:OGC:1.3:CRS84" } },
"features": [
{ "type": "Feature", "properties": { "cluster_id": 65 }, "geometry": { "type": "Polygon", "coordinates": [ [ [ -89.746467590332031, 29.077529907226562 ], [ -89.746536254882812, 29.077539443969727 ], [ -89.746612548828125, 29.077550888061523 ], [ -89.746726989746094, 29.077569961547852 ], [ -89.746772766113281, 29.077579498291016 ], [ -89.74688720703125, 29.077619552612305 ], [ -89.746940612792969, 29.07765007019043 ], [ -89.74700927734375, 29.077709197998047 ], [ -89.7470703125, 29.077770233154297 ], [ -89.7476806640625, 29.078489303588867 ], [ -89.747718811035156, 29.078540802001953 ], [ -89.747779846191406, 29.078739166259766 ], [ -89.747779846191406, 29.07880973815918 ], [ -89.747238159179688, 29.079790115356445 ], [ -89.747039794921875, 29.079990386962891 ], [ -89.74700927734375, 29.080009460449219 ], [ -89.746780395507812, 29.080150604248047 ], [ -89.746711730957031, 29.080190658569336 ], [ -89.746429443359375, 29.080230712890625 ], [ -89.746223449707031, 29.080160140991211 ], [ -89.745712280273438, 29.079940795898438 ], [ -89.745620727539062, 29.079900741577148 ], [ -89.745368957519531, 29.079669952392578 ], [ -89.74530029296875, 29.079580307006836 ], [ -89.745246887207031, 29.079450607299805 ], [ -89.745231628417969, 29.079410552978516 ], [ -89.745216369628906, 29.079189300537109 ], [ -89.745208740234375, 29.079050064086914 ], [ -89.745208740234375, 29.0789794921875 ], [ -89.745216369628906, 29.078910827636719 ], [ -89.745506286621094, 29.078090667724609 ], [ -89.745658874511719, 29.077909469604492 ], [ -89.745819091796875, 29.077749252319336 ], [ -89.745849609375, 29.077720642089844 ], [ -89.745903015136719, 29.077680587768555 ], [ -89.746047973632812, 29.077600479125977 ], [ -89.746246337890625, 29.077560424804688 ], [ -89.746353149414062, 29.077539443969727 ], [ -89.746467590332031, 29.077529907226562 ] ] ] } },
{ "type": "Feature", "properties": { "cluster_id": 25 }, "geometry": { "type": "Polygon", "coordinates": [ [ [ -64.977073669433594, 18.241979598999023 ], [ -64.977210998535156, 18.242000579833984 ], [ -64.977867126464844, 18.242219924926758 ], [ -64.977928161621094, 18.242240905761719 ], [ -64.978233337402344, 18.242469787597656 ], [ -64.979072570800781, 18.243219375610352 ], [ -64.979156494140625, 18.243339538574219 ], [ -64.979263305664062, 18.243509292602539 ], [ -64.979393005371094, 18.243759155273438 ], [ -64.979423522949219, 18.243949890136719 ], [ -64.979461669921875, 18.244230270385742 ], [ -64.982398986816406, 18.340290069580078 ], [ -64.982391357421875, 18.340320587158203 ], [ -64.982330322265625, 18.340499877929688 ], [ -64.980667114257812, 18.341880798339844 ], [ -64.932037353515625, 18.369630813598633 ], [ -64.766387939453125, 18.440000534057617 ], [ -64.714431762695312, 18.450799942016602 ], [ -64.714317321777344, 18.450820922851562 ], [ -64.577491760253906, 18.472940444946289 ], [ -64.577392578125, 18.472930908203125 ], [ -64.444053649902344, 18.454330444335938 ], [ -64.437332153320312, 18.452720642089844 ], [ -64.437286376953125, 18.452709197998047 ], [ -64.437271118164062, 18.452669143676758 ], [ -64.4371337890625, 18.450309753417969 ], [ -64.437149047851562, 18.450220108032227 ], [ -64.437156677246094, 18.450199127197266 ], [ -64.448829650878906, 18.430669784545898 ], [ -64.448997497558594, 18.430500030517578 ], [ -64.450668334960938, 18.429170608520508 ], [ -64.626167297363281, 18.312559127807617 ], [ -64.626449584960938, 18.312469482421875 ], [ -64.630577087402344, 18.311420440673828 ], [ -64.976951599121094, 18.241989135742188 ], [ -64.977073669433594, 18.241979598999023 ] ] ] } },
{ "type": "Feature", "properties": { "cluster_id": 228 }, "geometry": { "type": "Polygon", "coordinates": [ [ [ -118.114402770996094, 33.652698516845703 ], [ -118.268478393554688, 33.715938568115234 ], [ -118.2735595703125, 33.718379974365234 ], [ -118.279670715332031, 33.723831176757812 ], [ -118.278861999511719, 33.739639282226562 ], [ -118.277328491210938, 33.758750915527344 ], [ -118.277236938476562, 33.759078979492188 ], [ -118.276039123535156, 33.762191772460938 ], [ -118.2734375, 33.766620635986328 ], [ -118.273193359375, 33.766830444335938 ], [ -118.243873596191406, 33.776378631591797 ], [ -118.210441589355469, 33.776729583740234 ], [ -118.21038818359375, 33.776729583740234 ], [ -118.210357666015625, 33.776718139648438 ], [ -118.210319519042969, 33.776699066162109 ], [ -118.142646789550781, 33.736461639404297 ], [ -118.142349243164062, 33.736270904541016 ], [ -118.142059326171875, 33.735958099365234 ], [ -118.114486694335938, 33.688491821289062 ], [ -118.110260009765625, 33.677738189697266 ], [ -118.108879089355469, 33.667888641357422 ], [ -118.108818054199219, 33.667449951171875 ], [ -118.108818054199219, 33.667301177978516 ], [ -118.1134033203125, 33.653221130371094 ], [ -118.114151000976562, 33.652801513671875 ], [ -118.114280700683594, 33.652748107910156 ], [ -118.114402770996094, 33.652698516845703 ] ] ] } },
{ "type": "Feature", "properties": { "cluster_id": 4 }, "geometry": { "type": "Polygon", "coordinates": [ [ [ -96.862312316894531, 27.769159317016602 ], [ -97.463897705078125, 27.815639495849609 ], [ -97.470916748046875, 27.817050933837891 ], [ -97.480506896972656, 27.819690704345703 ], [ -97.486602783203125, 27.822040557861328 ], [ -97.494918823242188, 27.825870513916016 ], [ -97.525047302246094, 27.843429565429688 ], [ -97.525199890136719, 27.843530654907227 ], [ -97.525321960449219, 27.843799591064453 ], [ -97.522491455078125, 27.844940185546875 ], [ -97.5224609375, 27.844949722290039 ], [ -97.126213073730469, 27.911140441894531 ], [ -97.126197814941406, 27.911140441894531 ], [ -96.832618713378906, 27.870189666748047 ], [ -96.763832092285156, 27.832160949707031 ], [ -96.763771057128906, 27.832120895385742 ], [ -96.762451171875, 27.830549240112305 ], [ -96.841529846191406, 27.780380249023438 ], [ -96.859573364257812, 27.770240783691406 ], [ -96.862289428710938, 27.769159317016602 ], [ -96.862312316894531, 27.769159317016602 ] ] ] } },
{ "type": "Feature", "properties": { "cluster_id": 263 }, "geometry": { "type": "Polygon", "coordinates": [ [ [ -122.7646484375, 48.101081848144531 ], [ -122.76611328125, 48.101348876953125 ], [ -122.782157897949219, 48.105201721191406 ], [ -122.782188415527344, 48.105289459228516 ], [ -122.781936645507812, 48.105819702148438 ], [ -122.78192138671875, 48.105831146240234 ], [ -122.772850036621094, 48.107170104980469 ], [ -122.772819519042969, 48.107158660888672 ], [ -122.764640808105469, 48.101100921630859 ], [ -122.764640808105469, 48.101089477539062 ], [ -122.7646484375, 48.101081848144531 ] ] ] } },
{ "type": "Feature", "properties": { "cluster_id": 143 }, "geometry": { "type": "Polygon", "coordinates": [ [ [ -89.635589599609375, 40.634288787841797 ], [ -89.636772155761719, 40.634510040283203 ], [ -89.636650085449219, 40.634761810302734 ], [ -89.616020202636719, 40.664890289306641 ], [ -89.615669250488281, 40.665390014648438 ], [ -89.613067626953125, 40.668041229248047 ], [ -89.606292724609375, 40.674659729003906 ], [ -89.586708068847656, 40.688991546630859 ], [ -89.586647033691406, 40.689029693603516 ], [ -89.586601257324219, 40.689041137695312 ], [ -89.5865478515625, 40.689029693603516 ], [ -89.586509704589844, 40.689010620117188 ], [ -89.58648681640625, 40.688991546630859 ], [ -89.58648681640625, 40.688968658447266 ], [ -89.586509704589844, 40.688888549804688 ], [ -89.588226318359375, 40.683879852294922 ], [ -89.610382080078125, 40.647609710693359 ], [ -89.61151123046875, 40.646011352539062 ], [ -89.616928100585938, 40.638748168945312 ], [ -89.617927551269531, 40.637409210205078 ], [ -89.618217468261719, 40.637111663818359 ], [ -89.61968994140625, 40.635799407958984 ], [ -89.634086608886719, 40.634410858154297 ], [ -89.635589599609375, 40.634288787841797 ] ] ] } },
{ "type": "Feature", "properties": { "cluster_id": 112 }, "geometry": { "type": "Polygon", "coordinates": [ [ [ -76.295730590820312, 36.798908233642578 ], [ -76.295822143554688, 36.798919677734375 ], [ -76.442192077636719, 36.966930389404297 ], [ -76.442131042480469, 36.967159271240234 ], [ -76.441940307617188, 36.96746826171875 ], [ -76.441612243652344, 36.967758178710938 ], [ -76.434349060058594, 36.973258972167969 ], [ -76.343238830566406, 37.023159027099609 ], [ -76.113151550292969, 36.967800140380859 ], [ -76.08648681640625, 36.906940460205078 ], [ -76.086471557617188, 36.906620025634766 ], [ -76.289306640625, 36.801521301269531 ], [ -76.294059753417969, 36.799468994140625 ], [ -76.295730590820312, 36.798908233642578 ] ] ] } },
{ "type": "Feature", "properties": { "cluster_id": 53 }, "geometry": { "type": "Polygon", "coordinates": [ [ [ -91.087730407714844, 29.637140274047852 ], [ -91.402702331542969, 29.650459289550781 ], [ -91.4205322265625, 29.656570434570312 ], [ -91.488937377929688, 29.688329696655273 ], [ -91.493377685546875, 29.690469741821289 ], [ -91.22711181640625, 29.746170043945312 ], [ -91.176986694335938, 29.752889633178711 ], [ -91.011787414550781, 29.668050765991211 ], [ -91.011756896972656, 29.667949676513672 ], [ -91.011756896972656, 29.667890548706055 ], [ -91.011787414550781, 29.667819976806641 ], [ -91.014198303222656, 29.665409088134766 ], [ -91.033889770507812, 29.64933967590332 ], [ -91.034011840820312, 29.649269104003906 ], [ -91.087516784667969, 29.637170791625977 ], [ -91.087730407714844, 29.637140274047852 ] ] ] } },
{ "type": "Feature", "properties": { "cluster_id": 52 }, "geometry": { "type": "Polygon", "coordinates": [ [ [ -122.431877136230469, 37.903541564941406 ], [ -122.4320068359375, 37.903659820556641 ], [ -122.432373046875, 37.904048919677734 ], [ -122.433158874511719, 37.905139923095703 ], [ -122.433563232421875, 37.905811309814453 ], [ -122.433570861816406, 37.905841827392578 ], [ -122.417633056640625, 37.927280426025391 ], [ -122.416923522949219, 37.927661895751953 ], [ -122.415977478027344, 37.927749633789062 ], [ -122.368942260742188, 37.920650482177734 ], [ -122.368797302246094, 37.920619964599609 ], [ -122.363800048828125, 37.9180908203125 ], [ -122.361618041992188, 37.915008544921875 ], [ -122.359367370605469, 37.909038543701172 ], [ -122.363739013671875, 37.904918670654297 ], [ -122.363929748535156, 37.904861450195312 ], [ -122.367088317871094, 37.904441833496094 ], [ -122.372039794921875, 37.904270172119141 ], [ -122.431571960449219, 37.903541564941406 ], [ -122.431877136230469, 37.903541564941406 ] ] ] } },
{ "type": "Feature", "properties": { "cluster_id": 23 }, "geometry": { "type": "Polygon", "coordinates": [ [ [ -87.26593017578125, 30.344310760498047 ], [ -87.265953063964844, 30.344339370727539 ], [ -87.265953063964844, 30.344350814819336 ], [ -87.265342712402344, 30.346530914306641 ], [ -87.265327453613281, 30.346569061279297 ], [ -87.241813659667969, 30.399740219116211 ], [ -87.193611145019531, 30.413930892944336 ], [ -87.153083801269531, 30.378839492797852 ], [ -87.150749206542969, 30.375530242919922 ], [ -87.265846252441406, 30.344320297241211 ], [ -87.265907287597656, 30.344310760498047 ], [ -87.26593017578125, 30.344310760498047 ] ] ] } },
{ "type": "Feature", "properties": { "cluster_id": 125 }, "geometry": { "type": "Polygon", "coordinates": [ [ [ -80.045417785644531, 26.70189094543457 ], [ -80.045867919921875, 26.702320098876953 ], [ -80.047119140625, 26.703769683837891 ], [ -80.049819946289062, 26.713600158691406 ], [ -80.082992553710938, 26.909109115600586 ], [ -80.08306884765625, 26.931610107421875 ], [ -80.083030700683594, 26.931629180908203 ], [ -80.020866394042969, 26.809370040893555 ], [ -80.003982543945312, 26.756860733032227 ], [ -80.044456481933594, 26.703029632568359 ], [ -80.045387268066406, 26.701900482177734 ], [ -80.045402526855469, 26.70189094543457 ], [ -80.045417785644531, 26.70189094543457 ] ] ] } },
{ "type": "Feature", "properties": { "cluster_id": 203 }, "geometry": { "type": "Polygon", "coordinates": [ [ [ -88.058837890625, 30.649959564208984 ], [ -88.058853149414062, 30.649969100952148 ], [ -88.058891296386719, 30.650030136108398 ], [ -88.058921813964844, 30.650100708007812 ], [ -88.059921264648438, 30.768739700317383 ], [ -88.059913635253906, 30.77947998046875 ], [ -88.011970520019531, 30.793190002441406 ], [ -88.011878967285156, 30.793140411376953 ], [ -88.011817932128906, 30.793100357055664 ], [ -88.005348205566406, 30.785430908203125 ], [ -88.005203247070312, 30.785209655761719 ], [ -88.005203247070312, 30.785179138183594 ], [ -88.023200988769531, 30.663360595703125 ], [ -88.023239135742188, 30.663150787353516 ], [ -88.023277282714844, 30.663089752197266 ], [ -88.032203674316406, 30.652019500732422 ], [ -88.058837890625, 30.649959564208984 ] ] ] } },
{ "type": "Feature", "properties": { "cluster_id": 71 }, "geometry": { "type": "Polygon", "coordinates": [ [ [ -123.118217468261719, 49.271648406982422 ], [ -123.138481140136719, 49.272098541259766 ], [ -123.192703247070312, 49.281009674072266 ], [ -123.194053649902344, 49.28125 ], [ -123.214927673339844, 49.285579681396484 ], [ -123.254249572753906, 49.294399261474609 ], [ -123.255180358886719, 49.294811248779297 ], [ -123.2557373046875, 49.295108795166016 ], [ -123.257942199707031, 49.296470642089844 ], [ -123.257957458496094, 49.296520233154297 ], [ -123.257987976074219, 49.296630859375 ], [ -123.258010864257812, 49.296749114990234 ], [ -123.272056579589844, 49.375919342041016 ], [ -123.272056579589844, 49.375930786132812 ], [ -123.271560668945312, 49.376991271972656 ], [ -122.873046875, 49.293498992919922 ], [ -122.873016357421875, 49.293491363525391 ], [ -122.872940063476562, 49.293460845947266 ], [ -122.872718811035156, 49.293361663818359 ], [ -122.859756469726562, 49.286899566650391 ], [ -122.85968017578125, 49.286861419677734 ], [ -122.853736877441406, 49.281360626220703 ], [ -122.854019165039062, 49.280941009521484 ], [ -123.118217468261719, 49.271648406982422 ] ] ] } },
{ "type": "Feature", "properties": { "cluster_id": 178 }, "geometry": { "type": "Polygon", "coordinates": [ [ [ -152.415817260742188, 57.777351379394531 ], [ -152.4158935546875, 57.777389526367188 ], [ -152.4158935546875, 57.777408599853516 ], [ -152.402603149414062, 57.786811828613281 ], [ -152.402572631835938, 57.786819458007812 ], [ -152.402572631835938, 57.786788940429688 ], [ -152.41552734375, 57.777370452880859 ], [ -152.415603637695312, 57.777351379394531 ], [ -152.415817260742188, 57.777351379394531 ] ] ] } },
{ "type": "Feature", "properties": { "cluster_id": 175 }, "geometry": { "type": "Polygon", "coordinates": [ [ [ -122.464813232421875, 47.51129150390625 ], [ -122.639373779296875, 47.543430328369141 ], [ -122.639640808105469, 47.543701171875 ], [ -122.623252868652344, 47.561721801757812 ], [ -122.623092651367188, 47.561851501464844 ], [ -122.405258178710938, 47.701980590820312 ], [ -122.209358215332031, 47.674068450927734 ], [ -122.2093505859375, 47.674060821533203 ], [ -122.208732604980469, 47.655818939208984 ], [ -122.208740234375, 47.65576171875 ], [ -122.208793640136719, 47.655628204345703 ], [ -122.213088989257812, 47.651229858398438 ], [ -122.338516235351562, 47.546680450439453 ], [ -122.464797973632812, 47.51129150390625 ], [ -122.464813232421875, 47.51129150390625 ] ] ] } },
{ "type": "Feature", "properties": { "cluster_id": 34 }, "geometry": { "type": "Polygon", "coordinates": [ [ [ -89.963020324707031, 29.669319152832031 ], [ -90.118179321289062, 29.720180511474609 ], [ -91.326087951660156, 30.14794921875 ], [ -91.326759338378906, 30.148269653320312 ], [ -91.32861328125, 30.152620315551758 ], [ -91.299171447753906, 30.418609619140625 ], [ -91.252456665039062, 30.51140022277832 ], [ -91.252418518066406, 30.511430740356445 ], [ -91.21759033203125, 30.523130416870117 ], [ -89.930328369140625, 30.01310920715332 ], [ -89.930313110351562, 30.013099670410156 ], [ -89.899757385253906, 29.884969711303711 ], [ -89.962890625, 29.669349670410156 ], [ -89.962982177734375, 29.669319152832031 ], [ -89.963020324707031, 29.669319152832031 ] ] ] } },
{ "type": "Feature", "properties": { "cluster_id": 67 }, "geometry": { "type": "Polygon", "coordinates": [ [ [ -131.560592651367188, 55.2681884765625 ], [ -131.649246215820312, 55.339580535888672 ], [ -131.649276733398438, 55.339611053466797 ], [ -131.64947509765625, 55.339859008789062 ], [ -131.649490356445312, 55.339889526367188 ], [ -131.6494140625, 55.339908599853516 ], [ -131.648773193359375, 55.339908599853516 ], [ -131.648605346679688, 55.339881896972656 ], [ -131.648086547851562, 55.339778900146484 ], [ -131.635208129882812, 55.337051391601562 ], [ -131.6351318359375, 55.337028503417969 ], [ -131.628662109375, 55.334320068359375 ], [ -131.56048583984375, 55.26824951171875 ], [ -131.560516357421875, 55.268230438232422 ], [ -131.560592651367188, 55.2681884765625 ] ] ] } },
{ "type": "Feature", "properties": { "cluster_id": 80 }, "geometry": { "type": "Polygon", "coordinates": [ [ [ -89.118247985839844, 36.753501892089844 ], [ -89.124580383300781, 36.759449005126953 ], [ -89.124603271484375, 36.759471893310547 ], [ -89.148712158203125, 36.820018768310547 ], [ -89.182281494140625, 37.042160034179688 ], [ -89.182281494140625, 37.042209625244141 ], [ -89.182266235351562, 37.042221069335938 ], [ -89.182212829589844, 37.042228698730469 ], [ -89.182098388671875, 37.042228698730469 ], [ -89.181930541992188, 37.042221069335938 ], [ -89.09552001953125, 36.966041564941406 ], [ -89.095046997070312, 36.965110778808594 ], [ -89.094749450683594, 36.962890625 ], [ -89.115837097167969, 36.757999420166016 ], [ -89.117668151855469, 36.753879547119141 ], [ -89.118080139160156, 36.753528594970703 ], [ -89.11810302734375, 36.753520965576172 ], [ -89.118247985839844, 36.753501892089844 ] ] ] } },
{ "type": "Feature", "properties": { "cluster_id": 160 }, "geometry": { "type": "Polygon", "coordinates": [ [ [ -83.408203125, 45.067001342773438 ], [ -83.408531188964844, 45.067668914794922 ], [ -83.406829833984375, 45.067340850830078 ], [ -83.406822204589844, 45.067268371582031 ], [ -83.406829833984375, 45.067230224609375 ], [ -83.406837463378906, 45.067211151123047 ], [ -83.4068603515625, 45.067188262939453 ], [ -83.406913757324219, 45.067180633544922 ], [ -83.408203125, 45.067001342773438 ] ] ] } },
{ "type": "Feature", "properties": { "cluster_id": 123 }, "geometry": { "type": "Polygon", "coordinates": [ [ [ -122.834037780761719, 45.982349395751953 ], [ -122.834671020507812, 45.982521057128906 ], [ -122.840202331542969, 45.985298156738281 ], [ -123.106216430664062, 46.172260284423828 ], [ -123.106376647949219, 46.172389984130859 ], [ -123.106498718261719, 46.172599792480469 ], [ -123.106643676757812, 46.172901153564453 ], [ -123.106643676757812, 46.173011779785156 ], [ -123.106491088867188, 46.173709869384766 ], [ -123.106407165527344, 46.173931121826172 ], [ -123.106353759765625, 46.173999786376953 ], [ -123.10626220703125, 46.174098968505859 ], [ -123.106048583984375, 46.174259185791016 ], [ -123.105537414550781, 46.1744384765625 ], [ -123.104820251464844, 46.174640655517578 ], [ -123.103668212890625, 46.174701690673828 ], [ -123.101112365722656, 46.174751281738281 ], [ -123.085052490234375, 46.173671722412109 ], [ -123.049430847167969, 46.168441772460938 ], [ -123.049339294433594, 46.168418884277344 ], [ -122.909980773925781, 46.103569030761719 ], [ -122.847923278808594, 46.009201049804688 ], [ -122.833480834960938, 45.982528686523438 ], [ -122.833503723144531, 45.982460021972656 ], [ -122.833511352539062, 45.982440948486328 ], [ -122.833610534667969, 45.982398986816406 ], [ -122.834037780761719, 45.982349395751953 ] ] ] } },
{ "type": "Feature", "properties": { "cluster_id": 140 }, "geometry": { "type": "Polygon", "coordinates": [ [ [ -80.232109069824219, 25.729459762573242 ], [ -80.23211669921875, 25.729469299316406 ], [ -80.256629943847656, 25.804220199584961 ], [ -80.188751220703125, 26.086669921875 ], [ -80.188552856445312, 26.087009429931641 ], [ -80.15277099609375, 26.115739822387695 ], [ -80.109878540039062, 26.142219543457031 ], [ -80.07305908203125, 26.136009216308594 ], [ -80.070976257324219, 26.13361930847168 ], [ -80.067680358886719, 26.127719879150391 ], [ -80.067626953125, 26.127609252929688 ], [ -80.067451477050781, 26.126979827880859 ], [ -80.067413330078125, 26.126760482788086 ], [ -80.045791625976562, 25.984149932861328 ], [ -80.090507507324219, 25.785980224609375 ], [ -80.09454345703125, 25.776479721069336 ], [ -80.129859924316406, 25.758039474487305 ], [ -80.18560791015625, 25.734970092773438 ], [ -80.232101440429688, 25.729459762573242 ], [ -80.232109069824219, 25.729459762573242 ] ] ] } },
{ "type": "Feature", "properties": { "cluster_id": 75 }, "geometry": { "type": "Polygon", "coordinates": [ [ [ -74.017799377441406, 40.582958221435547 ], [ -74.209869384765625, 40.582969665527344 ], [ -74.204841613769531, 40.625770568847656 ], [ -74.203598022460938, 40.630760192871094 ], [ -74.202499389648438, 40.633010864257812 ], [ -74.153053283691406, 40.700111389160156 ], [ -73.965499877929688, 40.833419799804688 ], [ -73.765419006347656, 40.813148498535156 ], [ -73.765380859375, 40.813140869140625 ], [ -73.765357971191406, 40.813121795654297 ], [ -73.765350341796875, 40.813079833984375 ], [ -73.74395751953125, 40.631351470947266 ], [ -73.7440185546875, 40.631130218505859 ], [ -73.744056701660156, 40.631099700927734 ], [ -73.744087219238281, 40.631088256835938 ], [ -73.75775146484375, 40.626819610595703 ], [ -74.017578125, 40.582988739013672 ], [ -74.017692565917969, 40.582969665527344 ], [ -74.017799377441406, 40.582958221435547 ] ] ] } },
{ "type": "Feature", "properties": { "cluster_id": 239 }, "geometry": { "type": "Polygon", "coordinates": [ [ [ -123.416313171386719, 48.121498107910156 ], [ -123.417266845703125, 48.121578216552734 ], [ -123.450653076171875, 48.124828338623047 ], [ -123.452133178710938, 48.125331878662109 ], [ -123.453498840332031, 48.125831604003906 ], [ -123.461029052734375, 48.134998321533203 ], [ -123.461036682128906, 48.135021209716797 ], [ -123.461029052734375, 48.135051727294922 ], [ -123.46099853515625, 48.13507080078125 ], [ -123.41851806640625, 48.139888763427734 ], [ -123.413230895996094, 48.139739990234375 ], [ -123.403396606445312, 48.134269714355469 ], [ -123.403182983398438, 48.134128570556641 ], [ -123.403099060058594, 48.134071350097656 ], [ -123.416313171386719, 48.121498107910156 ] ] ] } },
{ "type": "Feature", "properties": { "cluster_id": 190 }, "geometry": { "type": "Polygon", "coordinates": [ [ [ -117.082977294921875, 32.293941497802734 ], [ -117.083168029785156, 32.293949127197266 ], [ -117.08380126953125, 32.293991088867188 ], [ -117.084281921386719, 32.294059753417969 ], [ -117.084327697753906, 32.294071197509766 ], [ -117.084442138671875, 32.294109344482422 ], [ -117.085006713867188, 32.294471740722656 ], [ -117.129417419433594, 32.324321746826172 ], [ -117.129600524902344, 32.324600219726562 ], [ -117.130073547363281, 32.325420379638672 ], [ -117.125556945800781, 32.347808837890625 ], [ -117.124870300292969, 32.348690032958984 ], [ -117.124519348144531, 32.34906005859375 ], [ -117.12432861328125, 32.34912109375 ], [ -117.123863220214844, 32.349220275878906 ], [ -117.122642517089844, 32.349380493164062 ], [ -117.097518920898438, 32.346031188964844 ], [ -117.096916198730469, 32.345901489257812 ], [ -117.0968017578125, 32.345851898193359 ], [ -117.096672058105469, 32.345771789550781 ], [ -117.096221923828125, 32.345470428466797 ], [ -117.096038818359375, 32.345298767089844 ], [ -117.09539794921875, 32.344619750976562 ], [ -117.095046997070312, 32.344219207763672 ], [ -117.093971252441406, 32.342868804931641 ], [ -117.093696594238281, 32.342250823974609 ], [ -117.079696655273438, 32.296230316162109 ], [ -117.079971313476562, 32.295089721679688 ], [ -117.080307006835938, 32.294719696044922 ], [ -117.080520629882812, 32.294521331787109 ], [ -117.080780029296875, 32.294300079345703 ], [ -117.081268310546875, 32.294029235839844 ], [ -117.082977294921875, 32.293941497802734 ] ] ] } },
{ "type": "Feature", "properties": { "cluster_id": 41 }, "geometry": { "type": "Polygon", "coordinates": [ [ [ -90.757820129394531, 29.544679641723633 ], [ -90.75775146484375, 29.54486083984375 ], [ -90.754913330078125, 29.550739288330078 ], [ -90.751106262207031, 29.557640075683594 ], [ -90.701400756835938, 29.614389419555664 ], [ -90.701377868652344, 29.614400863647461 ], [ -90.490859985351562, 29.610799789428711 ], [ -90.375228881835938, 29.585380554199219 ], [ -90.375106811523438, 29.585269927978516 ], [ -90.376792907714844, 29.569400787353516 ], [ -90.392196655273438, 29.554319381713867 ], [ -90.411872863769531, 29.551769256591797 ], [ -90.412033081054688, 29.551750183105469 ], [ -90.701606750488281, 29.545389175415039 ], [ -90.757820129394531, 29.544679641723633 ] ] ] } },
{ "type": "Feature", "properties": { "cluster_id": 138 }, "geometry": { "type": "Polygon", "coordinates": [ [ [ -122.672698974609375, 45.511318206787109 ], [ -122.770713806152344, 45.587509155273438 ], [ -122.771636962890625, 45.588310241699219 ], [ -122.780799865722656, 45.605709075927734 ], [ -122.779380798339844, 45.638740539550781 ], [ -122.767120361328125, 45.667011260986328 ], [ -122.767036437988281, 45.667041778564453 ], [ -122.766921997070312, 45.667060852050781 ], [ -122.766838073730469, 45.667041778564453 ], [ -122.644203186035156, 45.612018585205078 ], [ -122.644119262695312, 45.611961364746094 ], [ -122.644096374511719, 45.611911773681641 ], [ -122.644180297851562, 45.611530303955078 ], [ -122.672660827636719, 45.511341094970703 ], [ -122.672683715820312, 45.511318206787109 ], [ -122.672698974609375, 45.511318206787109 ] ] ] } },
{ "type": "Feature", "properties": { "cluster_id": 45 }, "geometry": { "type": "Polygon", "coordinates": [ [ [ -95.017051696777344, 29.607049942016602 ], [ -95.017318725585938, 29.607059478759766 ], [ -95.025009155273438, 29.607839584350586 ], [ -95.275581359863281, 29.720939636230469 ], [ -95.324691772460938, 29.759279251098633 ], [ -95.324790954589844, 29.759359359741211 ], [ -95.325187683105469, 29.75984001159668 ], [ -95.325119018554688, 29.759870529174805 ], [ -95.06683349609375, 29.793619155883789 ], [ -94.917892456054688, 29.760959625244141 ], [ -94.916236877441406, 29.760469436645508 ], [ -94.916183471679688, 29.760339736938477 ], [ -94.91522216796875, 29.697460174560547 ], [ -94.91522216796875, 29.697080612182617 ], [ -94.930000305175781, 29.67296028137207 ], [ -94.990547180175781, 29.610479354858398 ], [ -94.990608215332031, 29.610439300537109 ], [ -95.017051696777344, 29.607049942016602 ] ] ] } },
{ "type": "Feature", "properties": { "cluster_id": 144 }, "geometry": { "type": "Polygon", "coordinates": [ [ [ -92.170021057128906, 29.775760650634766 ], [ -92.177909851074219, 29.776649475097656 ], [ -92.18560791015625, 29.778419494628906 ], [ -92.185638427734375, 29.778440475463867 ], [ -92.18927001953125, 29.781110763549805 ], [ -92.189292907714844, 29.781150817871094 ], [ -92.130210876464844, 29.875919342041016 ], [ -92.116500854492188, 29.896099090576172 ], [ -91.843490600585938, 29.945159912109375 ], [ -91.837486267089844, 29.942159652709961 ], [ -91.837440490722656, 29.942100524902344 ], [ -91.841842651367188, 29.934610366821289 ], [ -91.999443054199219, 29.829170227050781 ], [ -92.004493713378906, 29.827009201049805 ], [ -92.054573059082031, 29.810819625854492 ], [ -92.170021057128906, 29.775760650634766 ] ] ] } },
{ "type": "Feature", "properties": { "cluster_id": 51 }, "geometry": { "type": "Polygon", "coordinates": [ [ [ -94.711830139160156, 29.061620712280273 ], [ -94.712722778320312, 29.062049865722656 ], [ -94.712753295898438, 29.062070846557617 ], [ -94.985336303710938, 29.271440505981445 ], [ -94.918540954589844, 29.363449096679688 ], [ -94.918502807617188, 29.363479614257812 ], [ -94.893356323242188, 29.377309799194336 ], [ -94.648780822753906, 29.467060089111328 ], [ -94.620010375976562, 29.4775390625 ], [ -94.616203308105469, 29.478490829467773 ], [ -94.378196716308594, 29.211349487304688 ], [ -94.377189636230469, 29.209770202636719 ], [ -94.497169494628906, 29.13463020324707 ], [ -94.5823974609375, 29.08772087097168 ], [ -94.582511901855469, 29.087669372558594 ], [ -94.582763671875, 29.087560653686523 ], [ -94.582977294921875, 29.087490081787109 ], [ -94.663932800292969, 29.064449310302734 ], [ -94.667579650878906, 29.064050674438477 ], [ -94.711830139160156, 29.061620712280273 ] ] ] } },
{ "type": "Feature", "properties": { "cluster_id": 88 }, "geometry": { "type": "Polygon", "coordinates": [ [ [ -93.184646606445312, 29.541330337524414 ], [ -93.721977233886719, 29.559209823608398 ], [ -93.72210693359375, 29.559299468994141 ], [ -93.764472961425781, 29.589910507202148 ], [ -93.779121398925781, 29.601579666137695 ], [ -93.790817260742188, 29.611740112304688 ], [ -93.790847778320312, 29.611770629882812 ], [ -93.790901184082031, 29.611839294433594 ], [ -93.790992736816406, 29.612049102783203 ], [ -93.791038513183594, 29.61216926574707 ], [ -93.794746398925781, 29.622840881347656 ], [ -93.7947998046875, 29.62523078918457 ], [ -93.793601989746094, 29.625850677490234 ], [ -93.793403625488281, 29.625919342041016 ], [ -93.317138671875, 29.665670394897461 ], [ -93.305320739746094, 29.665359497070312 ], [ -93.235687255859375, 29.660200119018555 ], [ -93.235458374023438, 29.660049438476562 ], [ -93.183731079101562, 29.543790817260742 ], [ -93.183578491210938, 29.543149948120117 ], [ -93.183670043945312, 29.542629241943359 ], [ -93.183738708496094, 29.54231071472168 ], [ -93.183769226074219, 29.542230606079102 ], [ -93.183921813964844, 29.542030334472656 ], [ -93.184272766113281, 29.54163932800293 ], [ -93.184356689453125, 29.541549682617188 ], [ -93.184646606445312, 29.541330337524414 ] ] ] } },
{ "type": "Feature", "properties": { "cluster_id": 197 }, "geometry": { "type": "Polygon", "coordinates": [ [ [ -123.862777709960938, 46.144138336181641 ], [ -123.862808227539062, 46.144180297851562 ], [ -123.862823486328125, 46.144210815429688 ], [ -123.862823486328125, 46.144218444824219 ], [ -123.860496520996094, 46.188831329345703 ], [ -123.860488891601562, 46.188880920410156 ], [ -123.856956481933594, 46.1905517578125 ], [ -123.791633605957031, 46.215579986572266 ], [ -123.779029846191406, 46.219570159912109 ], [ -123.777297973632812, 46.220069885253906 ], [ -123.776580810546875, 46.220130920410156 ], [ -123.77642822265625, 46.220100402832031 ], [ -123.77581787109375, 46.219879150390625 ], [ -123.775619506835938, 46.219779968261719 ], [ -123.775016784667969, 46.219398498535156 ], [ -123.774833679199219, 46.219249725341797 ], [ -123.746330261230469, 46.190818786621094 ], [ -123.746269226074219, 46.190681457519531 ], [ -123.746246337890625, 46.190498352050781 ], [ -123.74627685546875, 46.190479278564453 ], [ -123.862693786621094, 46.144149780273438 ], [ -123.862777709960938, 46.144138336181641 ] ] ] } },
{ "type": "Feature", "properties": { "cluster_id": 324 }, "geometry": { "type": "Polygon", "coordinates": [ [ [ -70.968307495117188, 42.236518859863281 ], [ -70.968406677246094, 42.236530303955078 ], [ -70.983428955078125, 42.253650665283203 ], [ -70.983428955078125, 42.253658294677734 ], [ -70.983413696289062, 42.253681182861328 ], [ -70.966331481933594, 42.248310089111328 ], [ -70.96630859375, 42.248268127441406 ], [ -70.966270446777344, 42.248161315917969 ], [ -70.96820068359375, 42.236568450927734 ], [ -70.968307495117188, 42.236518859863281 ] ] ] } },
{ "type": "Feature", "properties": { "cluster_id": 214 }, "geometry": { "type": "Polygon", "coordinates": [ [ [ -123.132423400878906, 49.005451202392578 ], [ -123.16510009765625, 49.009681701660156 ], [ -123.171470642089844, 49.011180877685547 ], [ -123.1484375, 49.025089263916016 ], [ -123.148147583007812, 49.024948120117188 ], [ -123.128997802734375, 49.006050109863281 ], [ -123.128990173339844, 49.006019592285156 ], [ -123.128990173339844, 49.006008148193359 ], [ -123.129142761230469, 49.005771636962891 ], [ -123.129150390625, 49.005760192871094 ], [ -123.132423400878906, 49.005451202392578 ] ] ] } },
{ "type": "Feature", "properties": { "cluster_id": 55 }, "geometry": { "type": "Polygon", "coordinates": [ [ [ -77.956733703613281, 34.182029724121094 ], [ -77.956771850585938, 34.182071685791016 ], [ -77.95770263671875, 34.19390869140625 ], [ -77.958106994628906, 34.200469970703125 ], [ -77.958106994628906, 34.200508117675781 ], [ -77.95245361328125, 34.24517822265625 ], [ -77.952392578125, 34.245231628417969 ], [ -77.95233154296875, 34.245281219482422 ], [ -77.952232360839844, 34.245121002197266 ], [ -77.9515380859375, 34.243839263916016 ], [ -77.9515380859375, 34.243820190429688 ], [ -77.955467224121094, 34.193931579589844 ], [ -77.956588745117188, 34.183010101318359 ], [ -77.956703186035156, 34.182048797607422 ], [ -77.956733703613281, 34.182029724121094 ] ] ] } },
{ "type": "Feature", "properties": { "cluster_id": 15 }, "geometry": { "type": "Polygon", "coordinates": [ [ [ -82.760002136230469, 27.586000442504883 ], [ -82.947883605957031, 27.61383056640625 ], [ -82.973716735839844, 27.619209289550781 ], [ -82.974113464355469, 27.619340896606445 ], [ -82.974273681640625, 27.619400024414062 ], [ -82.974349975585938, 27.619430541992188 ], [ -82.980010986328125, 27.621820449829102 ], [ -82.980766296386719, 27.624080657958984 ], [ -82.979072570800781, 27.627119064331055 ], [ -82.978843688964844, 27.627460479736328 ], [ -82.443321228027344, 27.954469680786133 ], [ -82.442039489746094, 27.954780578613281 ], [ -82.441902160644531, 27.954740524291992 ], [ -82.441818237304688, 27.954700469970703 ], [ -82.41082763671875, 27.903980255126953 ], [ -82.392242431640625, 27.85713005065918 ], [ -82.392257690429688, 27.857009887695312 ], [ -82.40283203125, 27.807779312133789 ], [ -82.563133239746094, 27.627429962158203 ], [ -82.563163757324219, 27.627420425415039 ], [ -82.75982666015625, 27.586000442504883 ], [ -82.760002136230469, 27.586000442504883 ] ] ] } },
{ "type": "Feature", "properties": { "cluster_id": 319 }, "geometry": { "type": "Polygon", "coordinates": [ [ [ -93.850837707519531, 29.705770492553711 ], [ -94.061080932617188, 29.757240295410156 ], [ -94.060417175292969, 29.757509231567383 ], [ -93.902557373046875, 29.759370803833008 ], [ -93.868873596191406, 29.745639801025391 ], [ -93.850471496582031, 29.707799911499023 ], [ -93.850837707519531, 29.705770492553711 ] ] ] } },
{ "type": "Feature", "properties": { "cluster_id": 108 }, "geometry": { "type": "Polygon", "coordinates": [ [ [ -70.691337585449219, 43.030418395996094 ], [ -70.691841125488281, 43.030479431152344 ], [ -70.691978454589844, 43.030521392822266 ], [ -70.692626953125, 43.030719757080078 ], [ -70.75750732421875, 43.078231811523438 ], [ -70.7645263671875, 43.089611053466797 ], [ -70.764541625976562, 43.089710235595703 ], [ -70.764556884765625, 43.089820861816406 ], [ -70.764442443847656, 43.089778900146484 ], [ -70.738822937011719, 43.080108642578125 ], [ -70.686187744140625, 43.033500671386719 ], [ -70.686119079589844, 43.033401489257812 ], [ -70.685958862304688, 43.033168792724609 ], [ -70.685890197753906, 43.032958984375 ], [ -70.685958862304688, 43.032371520996094 ], [ -70.6861572265625, 43.03179931640625 ], [ -70.686233520507812, 43.031669616699219 ], [ -70.686370849609375, 43.031501770019531 ], [ -70.686431884765625, 43.031429290771484 ], [ -70.686508178710938, 43.031341552734375 ], [ -70.686767578125, 43.031150817871094 ], [ -70.687156677246094, 43.030868530273438 ], [ -70.687408447265625, 43.030719757080078 ], [ -70.687843322753906, 43.030590057373047 ], [ -70.689697265625, 43.030448913574219 ], [ -70.691337585449219, 43.030418395996094 ] ] ] } },
{ "type": "Feature", "properties": { "cluster_id": 17 }, "geometry": { "type": "Polygon", "coordinates": [ [ [ -122.34161376953125, 37.715930938720703 ], [ -122.343086242675781, 37.716678619384766 ], [ -122.343421936035156, 37.716861724853516 ], [ -122.383392333984375, 37.747959136962891 ], [ -122.418167114257812, 37.810779571533203 ], [ -122.418197631835938, 37.810939788818359 ], [ -122.418197631835938, 37.810951232910156 ], [ -122.418190002441406, 37.811061859130859 ], [ -122.418121337890625, 37.811130523681641 ], [ -122.392112731933594, 37.827640533447266 ], [ -122.392036437988281, 37.827671051025391 ], [ -122.313270568847656, 37.839248657226562 ], [ -122.313201904296875, 37.839199066162109 ], [ -122.224037170410156, 37.763778686523438 ], [ -122.224037170410156, 37.763759613037109 ], [ -122.22406005859375, 37.763740539550781 ], [ -122.33056640625, 37.716529846191406 ], [ -122.330657958984375, 37.716499328613281 ], [ -122.331169128417969, 37.716331481933594 ], [ -122.34161376953125, 37.715930938720703 ] ] ] } },
{ "type": "Feature", "properties": { "cluster_id": 16 }, "geometry": { "type": "Polygon", "coordinates": [ [ [ -157.917526245117188, 21.284130096435547 ], [ -157.917892456054688, 21.284170150756836 ], [ -158.131729125976562, 21.308660507202148 ], [ -158.132476806640625, 21.3154296875 ], [ -158.110946655273438, 21.326259613037109 ], [ -157.972808837890625, 21.37108039855957 ], [ -157.942413330078125, 21.36454963684082 ], [ -157.865631103515625, 21.311569213867188 ], [ -157.864852905273438, 21.310979843139648 ], [ -157.843063354492188, 21.286979675292969 ], [ -157.843032836914062, 21.286869049072266 ], [ -157.876785278320312, 21.285079956054688 ], [ -157.917526245117188, 21.284130096435547 ] ] ] } },
{ "type": "Feature", "properties": { "cluster_id": 199 }, "geometry": { "type": "Polygon", "coordinates": [ [ [ -123.446929931640625, 48.650768280029297 ], [ -123.515403747558594, 48.650840759277344 ], [ -123.5181884765625, 48.651538848876953 ], [ -123.518203735351562, 48.65155029296875 ], [ -123.576423645019531, 48.732921600341797 ], [ -123.577247619628906, 48.734130859375 ], [ -123.641220092773438, 48.871639251708984 ], [ -123.641220092773438, 48.871891021728516 ], [ -123.446052551269531, 48.852581024169922 ], [ -123.201591491699219, 48.798450469970703 ], [ -123.223121643066406, 48.782058715820312 ], [ -123.393707275390625, 48.652618408203125 ], [ -123.393798828125, 48.652580261230469 ], [ -123.446929931640625, 48.650768280029297 ] ] ] } },
{ "type": "Feature", "properties": { "cluster_id": 10 }, "geometry": { "type": "Polygon", "coordinates": [ [ [ -122.602088928222656, 48.503059387207031 ], [ -122.665153503417969, 48.51123046875 ], [ -122.665023803710938, 48.511550903320312 ], [ -122.622383117675781, 48.590038299560547 ], [ -122.62225341796875, 48.59027099609375 ], [ -122.621978759765625, 48.590579986572266 ], [ -122.621589660644531, 48.590839385986328 ], [ -122.56817626953125, 48.622951507568359 ], [ -122.567703247070312, 48.6231689453125 ], [ -122.566673278808594, 48.623401641845703 ], [ -122.566429138183594, 48.623451232910156 ], [ -122.566169738769531, 48.623470306396484 ], [ -122.564872741699219, 48.623371124267578 ], [ -122.564468383789062, 48.623298645019531 ], [ -122.563278198242188, 48.622871398925781 ], [ -122.563102722167969, 48.622768402099609 ], [ -122.523841857910156, 48.591800689697266 ], [ -122.523597717285156, 48.591579437255859 ], [ -122.523330688476562, 48.591030120849609 ], [ -122.523300170898438, 48.5908203125 ], [ -122.523292541503906, 48.590389251708984 ], [ -122.523368835449219, 48.589988708496094 ], [ -122.54791259765625, 48.515129089355469 ], [ -122.547927856445312, 48.515090942382812 ], [ -122.5479736328125, 48.515018463134766 ], [ -122.548370361328125, 48.514801025390625 ], [ -122.570388793945312, 48.508159637451172 ], [ -122.602058410644531, 48.503059387207031 ], [ -122.602088928222656, 48.503059387207031 ] ] ] } },
{ "type": "Feature", "properties": { "cluster_id": 97 }, "geometry": { "type": "Polygon", "coordinates": [ [ [ -83.527366638183594, 41.653900146484375 ], [ -83.527397155761719, 41.653911590576172 ], [ -83.527412414550781, 41.653919219970703 ], [ -83.527442932128906, 41.653938293457031 ], [ -83.527427673339844, 41.654018402099609 ], [ -83.461128234863281, 41.698459625244141 ], [ -83.448532104492188, 41.699371337890625 ], [ -83.448486328125, 41.699329376220703 ], [ -83.448471069335938, 41.699310302734375 ], [ -83.448410034179688, 41.699230194091797 ], [ -83.448486328125, 41.699131011962891 ], [ -83.450942993164062, 41.696929931640625 ], [ -83.497772216796875, 41.667289733886719 ], [ -83.497802734375, 41.667270660400391 ], [ -83.527328491210938, 41.653911590576172 ], [ -83.527366638183594, 41.653900146484375 ] ] ] } },
{ "type": "Feature", "properties": { "cluster_id": 116 }, "geometry": { "type": "Polygon", "coordinates": [ [ [ -81.626777648925781, 30.320940017700195 ], [ -81.626792907714844, 30.320959091186523 ], [ -81.647872924804688, 30.392799377441406 ], [ -81.647880554199219, 30.393009185791016 ], [ -81.647872924804688, 30.393020629882812 ], [ -81.645866394042969, 30.3939208984375 ], [ -81.645652770996094, 30.393999099731445 ], [ -81.596626281738281, 30.411249160766602 ], [ -81.596549987792969, 30.411270141601562 ], [ -81.284111022949219, 30.443990707397461 ], [ -81.284080505371094, 30.443990707397461 ], [ -81.283897399902344, 30.443960189819336 ], [ -81.283439636230469, 30.443820953369141 ], [ -81.283409118652344, 30.443809509277344 ], [ -81.16510009765625, 30.390600204467773 ], [ -81.163078308105469, 30.389320373535156 ], [ -81.626762390136719, 30.320940017700195 ], [ -81.626777648925781, 30.320940017700195 ] ] ] } },
{ "type": "Feature", "properties": { "cluster_id": 173 }, "geometry": { "type": "Polygon", "coordinates": [ [ [ -90.21331787109375, 29.04088020324707 ], [ -90.219261169433594, 29.042779922485352 ], [ -90.242561340332031, 29.147989273071289 ], [ -90.242523193359375, 29.148080825805664 ], [ -90.24249267578125, 29.148099899291992 ], [ -90.199211120605469, 29.150209426879883 ], [ -90.123786926269531, 29.102880477905273 ], [ -90.1234130859375, 29.102489471435547 ], [ -90.123367309570312, 29.102439880371094 ], [ -90.123397827148438, 29.102409362792969 ], [ -90.174087524414062, 29.054010391235352 ], [ -90.21331787109375, 29.04088020324707 ] ] ] } },
{ "type": "Feature", "properties": { "cluster_id": 89 }, "geometry": { "type": "Polygon", "coordinates": [ [ [ -89.08837890625, 30.349889755249023 ], [ -89.0885009765625, 30.350009918212891 ], [ -89.08856201171875, 30.350070953369141 ], [ -89.091796875, 30.354169845581055 ], [ -89.09429931640625, 30.357990264892578 ], [ -89.09429931640625, 30.357999801635742 ], [ -89.094268798828125, 30.358039855957031 ], [ -89.094261169433594, 30.358049392700195 ], [ -89.09423828125, 30.358070373535156 ], [ -89.087371826171875, 30.362810134887695 ], [ -89.087356567382812, 30.362819671630859 ], [ -89.087333679199219, 30.362829208374023 ], [ -89.087272644042969, 30.36277961730957 ], [ -89.087257385253906, 30.362739562988281 ], [ -89.087257385253906, 30.362710952758789 ], [ -89.088203430175781, 30.349950790405273 ], [ -89.08837890625, 30.349889755249023 ] ] ] } },
{ "type": "Feature", "properties": { "cluster_id": 180 }, "geometry": { "type": "Polygon", "coordinates": [ [ [ -93.610076904296875, 29.37714958190918 ], [ -93.610733032226562, 29.377250671386719 ], [ -93.712890625, 29.403430938720703 ], [ -93.713188171386719, 29.403509140014648 ], [ -93.717056274414062, 29.404760360717773 ], [ -93.717071533203125, 29.404960632324219 ], [ -93.716667175292969, 29.407739639282227 ], [ -93.701751708984375, 29.427450180053711 ], [ -93.644088745117188, 29.432939529418945 ], [ -93.62811279296875, 29.432939529418945 ], [ -93.623428344726562, 29.430269241333008 ], [ -93.619270324707031, 29.427469253540039 ], [ -93.607383728027344, 29.380470275878906 ], [ -93.607200622558594, 29.379730224609375 ], [ -93.607421875, 29.378719329833984 ], [ -93.607498168945312, 29.378549575805664 ], [ -93.607597351074219, 29.378379821777344 ], [ -93.607749938964844, 29.378179550170898 ], [ -93.607780456542969, 29.378150939941406 ], [ -93.608078002929688, 29.377880096435547 ], [ -93.608551025390625, 29.377569198608398 ], [ -93.60858154296875, 29.37755012512207 ], [ -93.609420776367188, 29.377250671386719 ], [ -93.609779357910156, 29.37714958190918 ], [ -93.610076904296875, 29.37714958190918 ] ] ] } },
{ "type": "Feature", "properties": { "cluster_id": 232 }, "geometry": { "type": "Polygon", "coordinates": [ [ [ -119.1890869140625, 34.098598480224609 ], [ -119.208999633789062, 34.103908538818359 ], [ -119.227592468261719, 34.174358367919922 ], [ -119.22760009765625, 34.174400329589844 ], [ -119.22760009765625, 34.174530029296875 ], [ -119.227493286132812, 34.17449951171875 ], [ -119.22747802734375, 34.174491882324219 ], [ -119.202529907226562, 34.148891448974609 ], [ -119.20245361328125, 34.148689270019531 ], [ -119.186408996582031, 34.099948883056641 ], [ -119.186408996582031, 34.099861145019531 ], [ -119.186431884765625, 34.099781036376953 ], [ -119.1865234375, 34.099620819091797 ], [ -119.186653137207031, 34.099418640136719 ], [ -119.186767578125, 34.099330902099609 ], [ -119.186820983886719, 34.099311828613281 ], [ -119.188949584960938, 34.098609924316406 ], [ -119.1890869140625, 34.098598480224609 ] ] ] } },
{ "type": "Feature", "properties": { "cluster_id": 38 }, "geometry": { "type": "Polygon", "coordinates": [ [ [ -71.021446228027344, 42.342071533203125 ], [ -71.021583557128906, 42.342079162597656 ], [ -71.029518127441406, 42.34307861328125 ], [ -71.04833984375, 42.354820251464844 ], [ -71.049079895019531, 42.35565185546875 ], [ -71.064361572265625, 42.388599395751953 ], [ -71.064369201660156, 42.388629913330078 ], [ -71.064361572265625, 42.388641357421875 ], [ -71.064346313476562, 42.388660430908203 ], [ -71.064056396484375, 42.388771057128906 ], [ -71.013458251953125, 42.397529602050781 ], [ -70.771102905273438, 42.432628631591797 ], [ -70.638908386230469, 42.403060913085938 ], [ -70.638420104980469, 42.402919769287109 ], [ -70.638259887695312, 42.402851104736328 ], [ -70.638130187988281, 42.402790069580078 ], [ -70.63800048828125, 42.402721405029297 ], [ -70.637771606445312, 42.402568817138672 ], [ -70.637458801269531, 42.402339935302734 ], [ -70.637191772460938, 42.402069091796875 ], [ -70.636947631835938, 42.401798248291016 ], [ -70.636932373046875, 42.401779174804688 ], [ -70.636810302734375, 42.401588439941406 ], [ -70.63665771484375, 42.401321411132812 ], [ -70.636619567871094, 42.401218414306641 ], [ -70.636528015136719, 42.400970458984375 ], [ -70.636436462402344, 42.400569915771484 ], [ -70.636436462402344, 42.400379180908203 ], [ -70.636451721191406, 42.400169372558594 ], [ -70.636482238769531, 42.399890899658203 ], [ -70.636550903320312, 42.399600982666016 ], [ -70.636627197265625, 42.399391174316406 ], [ -70.636940002441406, 42.398910522460938 ], [ -70.637062072753906, 42.398761749267578 ], [ -70.637130737304688, 42.398681640625 ], [ -70.637191772460938, 42.39862060546875 ], [ -70.637321472167969, 42.39849853515625 ], [ -70.637496948242188, 42.398349761962891 ], [ -70.637619018554688, 42.398258209228516 ], [ -70.637672424316406, 42.398220062255859 ], [ -70.637962341308594, 42.398048400878906 ], [ -70.638450622558594, 42.397800445556641 ], [ -70.639007568359375, 42.397640228271484 ], [ -70.639091491699219, 42.397621154785156 ], [ -70.639663696289062, 42.397518157958984 ], [ -71.0213623046875, 42.342071533203125 ], [ -71.021446228027344, 42.342071533203125 ] ] ] } },
{ "type": "Feature", "properties": { "cluster_id": 222 }, "geometry": { "type": "Polygon", "coordinates": [ [ [ -76.516578674316406, 43.463058471679688 ], [ -76.5166015625, 43.463069915771484 ], [ -76.516616821289062, 43.463088989257812 ], [ -76.516616821289062, 43.463130950927734 ], [ -76.516586303710938, 43.463161468505859 ], [ -76.516571044921875, 43.463130950927734 ], [ -76.516563415527344, 43.463069915771484 ], [ -76.516578674316406, 43.463058471679688 ] ] ] } },
{ "type": "Feature", "properties": { "cluster_id": 40 }, "geometry": { "type": "Polygon", "coordinates": [ [ [ -122.43389892578125, 47.253158569335938 ], [ -122.577629089355469, 47.333881378173828 ], [ -122.577651977539062, 47.333900451660156 ], [ -122.577629089355469, 47.333950042724609 ], [ -122.577598571777344, 47.333969116210938 ], [ -122.481796264648438, 47.345470428466797 ], [ -122.480880737304688, 47.345470428466797 ], [ -122.480720520019531, 47.345451354980469 ], [ -122.480361938476562, 47.345390319824219 ], [ -122.479881286621094, 47.345298767089844 ], [ -122.479408264160156, 47.345149993896484 ], [ -122.479171752929688, 47.345050811767578 ], [ -122.478797912597656, 47.344871520996094 ], [ -122.478507995605469, 47.344699859619141 ], [ -122.363960266113281, 47.2630615234375 ], [ -122.36395263671875, 47.263050079345703 ], [ -122.364021301269531, 47.26300048828125 ], [ -122.376968383789062, 47.254161834716797 ], [ -122.377410888671875, 47.253948211669922 ], [ -122.378547668457031, 47.253829956054688 ], [ -122.43389892578125, 47.253158569335938 ] ] ] } },
{ "type": "Feature", "properties": { "cluster_id": 54 }, "geometry": { "type": "Polygon", "coordinates": [ [ [ -93.989822387695312, 29.815700531005859 ], [ -94.090461730957031, 30.076850891113281 ], [ -94.084861755371094, 30.080530166625977 ], [ -93.720863342285156, 30.074619293212891 ], [ -93.720382690429688, 30.074409484863281 ], [ -93.684608459472656, 30.058769226074219 ], [ -93.95587158203125, 29.822380065917969 ], [ -93.955970764160156, 29.822359085083008 ], [ -93.984542846679688, 29.816520690917969 ], [ -93.9847412109375, 29.81648063659668 ], [ -93.989822387695312, 29.815700531005859 ] ] ] } },
{ "type": "Feature", "properties": { "cluster_id": 86 }, "geometry": { "type": "Polygon", "coordinates": [ [ [ -79.88372802734375, 32.762111663818359 ], [ -79.944847106933594, 32.773269653320312 ], [ -79.956748962402344, 32.780738830566406 ], [ -79.956771850585938, 32.78076171875 ], [ -79.967666625976562, 32.8790283203125 ], [ -79.967666625976562, 32.879150390625 ], [ -79.966392517089844, 32.888339996337891 ], [ -79.966278076171875, 32.888839721679688 ], [ -79.960968017578125, 32.9010009765625 ], [ -79.937141418457031, 32.936820983886719 ], [ -79.916473388671875, 32.960269927978516 ], [ -79.916412353515625, 32.960311889648438 ], [ -79.916297912597656, 32.960281372070312 ], [ -79.916267395019531, 32.960220336914062 ], [ -79.916252136230469, 32.960178375244141 ], [ -79.887260437011719, 32.862979888916016 ], [ -79.878593444824219, 32.763530731201172 ], [ -79.878570556640625, 32.763118743896484 ], [ -79.878692626953125, 32.762821197509766 ], [ -79.878738403320312, 32.762779235839844 ], [ -79.878791809082031, 32.762771606445312 ], [ -79.88372802734375, 32.762111663818359 ] ] ] } },
{ "type": "Feature", "properties": { "cluster_id": 167 }, "geometry": { "type": "Polygon", "coordinates": [ [ [ -88.511520385742188, 30.32914924621582 ], [ -88.577468872070312, 30.338689804077148 ], [ -88.857269287109375, 30.389730453491211 ], [ -88.857292175292969, 30.389749526977539 ], [ -88.858291625976562, 30.404109954833984 ], [ -88.858291625976562, 30.404140472412109 ], [ -88.564300537109375, 30.369600296020508 ], [ -88.506172180175781, 30.357999801635742 ], [ -88.505859375, 30.357870101928711 ], [ -88.505828857421875, 30.357830047607422 ], [ -88.50360107421875, 30.346029281616211 ], [ -88.50360107421875, 30.345989227294922 ], [ -88.503608703613281, 30.345970153808594 ], [ -88.510856628417969, 30.329509735107422 ], [ -88.511238098144531, 30.329229354858398 ], [ -88.511520385742188, 30.32914924621582 ] ] ] } },
{ "type": "Feature", "properties": { "cluster_id": 18 }, "geometry": { "type": "Polygon", "coordinates": [ [ [ -117.106048583984375, 32.630500793457031 ], [ -117.108322143554688, 32.630668640136719 ], [ -117.236518859863281, 32.687061309814453 ], [ -117.239051818847656, 32.762481689453125 ], [ -117.236457824707031, 32.762111663818359 ], [ -117.174102783203125, 32.723400115966797 ], [ -117.174049377441406, 32.723358154296875 ], [ -117.12158203125, 32.675479888916016 ], [ -117.121551513671875, 32.675399780273438 ], [ -117.105949401855469, 32.630851745605469 ], [ -117.105880737304688, 32.630649566650391 ], [ -117.105880737304688, 32.630619049072266 ], [ -117.105911254882812, 32.630519866943359 ], [ -117.105926513671875, 32.630508422851562 ], [ -117.105987548828125, 32.630500793457031 ], [ -117.106048583984375, 32.630500793457031 ] ] ] } },
{ "type": "Feature", "properties": { "cluster_id": 211 }, "geometry": { "type": "Polygon", "coordinates": [ [ [ -90.879096984863281, 46.598548889160156 ], [ -90.879127502441406, 46.59857177734375 ], [ -90.879127502441406, 46.598579406738281 ], [ -90.879119873046875, 46.598621368408203 ], [ -90.879096984863281, 46.598628997802734 ], [ -90.879081726074219, 46.598628997802734 ], [ -90.879051208496094, 46.598621368408203 ], [ -90.879051208496094, 46.59857177734375 ], [ -90.879081726074219, 46.598548889160156 ], [ -90.879096984863281, 46.598548889160156 ] ] ] } },
{ "type": "Feature", "properties": { "cluster_id": 111 }, "geometry": { "type": "Polygon", "coordinates": [ [ [ -80.56182861328125, 31.920629501342773 ], [ -81.0472412109375, 32.021411895751953 ], [ -81.049186706542969, 32.022018432617188 ], [ -81.131309509277344, 32.116840362548828 ], [ -81.140678405761719, 32.129920959472656 ], [ -81.142097473144531, 32.132110595703125 ], [ -81.142471313476562, 32.132930755615234 ], [ -81.143150329589844, 32.134780883789062 ], [ -81.143730163574219, 32.140171051025391 ], [ -81.143013000488281, 32.143779754638672 ], [ -81.142982482910156, 32.143890380859375 ], [ -81.142898559570312, 32.144161224365234 ], [ -81.142646789550781, 32.144489288330078 ], [ -81.142631530761719, 32.144508361816406 ], [ -81.142562866210938, 32.144580841064453 ], [ -81.14251708984375, 32.144599914550781 ], [ -80.489212036132812, 31.968000411987305 ], [ -80.481842041015625, 31.946479797363281 ], [ -80.481796264648438, 31.946329116821289 ], [ -80.481842041015625, 31.945110321044922 ], [ -80.481948852539062, 31.944679260253906 ], [ -80.482170104980469, 31.94420051574707 ], [ -80.482856750488281, 31.943410873413086 ], [ -80.483146667480469, 31.943080902099609 ], [ -80.560546875, 31.920829772949219 ], [ -80.56182861328125, 31.920629501342773 ] ] ] } },
{ "type": "Feature", "properties": { "cluster_id": 150 }, "geometry": { "type": "Polygon", "coordinates": [ [ [ -90.246231079101562, 29.343719482421875 ], [ -90.2943115234375, 29.427499771118164 ], [ -90.2943115234375, 29.427560806274414 ], [ -90.294273376464844, 29.427530288696289 ], [ -90.273979187011719, 29.407890319824219 ], [ -90.261726379394531, 29.386859893798828 ], [ -90.24688720703125, 29.349620819091797 ], [ -90.24639892578125, 29.347299575805664 ], [ -90.246231079101562, 29.343719482421875 ] ] ] } },
{ "type": "Feature", "properties": { "cluster_id": 235 }, "geometry": { "type": "Polygon", "coordinates": [ [ [ -79.837333679199219, 43.272220611572266 ], [ -79.850120544433594, 43.273311614990234 ], [ -79.850151062011719, 43.273338317871094 ], [ -79.852859497070312, 43.275920867919922 ], [ -79.852882385253906, 43.276058197021484 ], [ -79.852821350097656, 43.276088714599609 ], [ -79.80303955078125, 43.298789978027344 ], [ -79.786170959472656, 43.272499084472656 ], [ -79.786369323730469, 43.272468566894531 ], [ -79.837333679199219, 43.272220611572266 ] ] ] } },
{ "type": "Feature", "properties": { "cluster_id": 176 }, "geometry": { "type": "Polygon", "coordinates": [ [ [ -152.519088745117188, 57.726730346679688 ], [ -152.522445678710938, 57.729568481445312 ], [ -152.523773193359375, 57.731391906738281 ], [ -152.523773193359375, 57.731510162353516 ], [ -152.523178100585938, 57.731941223144531 ], [ -152.5225830078125, 57.73236083984375 ], [ -152.520584106445312, 57.73291015625 ], [ -152.520553588867188, 57.73291015625 ], [ -152.512924194335938, 57.731319427490234 ], [ -152.512832641601562, 57.731288909912109 ], [ -152.512786865234375, 57.731231689453125 ], [ -152.512191772460938, 57.730110168457031 ], [ -152.517349243164062, 57.726779937744141 ], [ -152.519088745117188, 57.726730346679688 ] ] ] } },
{ "type": "Feature", "properties": { "cluster_id": 316 }, "geometry": { "type": "Polygon", "coordinates": [ [ [ -90.1705322265625, 42.061798095703125 ], [ -90.170578002929688, 42.06182861328125 ], [ -90.170608520507812, 42.061859130859375 ], [ -90.170631408691406, 42.061920166015625 ], [ -90.170570373535156, 42.062000274658203 ], [ -90.170440673828125, 42.061939239501953 ], [ -90.170448303222656, 42.061901092529297 ], [ -90.170486450195312, 42.06182861328125 ], [ -90.1705322265625, 42.061798095703125 ] ] ] } },
{ "type": "Feature", "properties": { "cluster_id": 229 }, "geometry": { "type": "Polygon", "coordinates": [ [ [ -88.238922119140625, 30.379739761352539 ], [ -88.265052795410156, 30.394529342651367 ], [ -88.265022277832031, 30.394590377807617 ], [ -88.264991760253906, 30.39463996887207 ], [ -88.264961242675781, 30.394649505615234 ], [ -88.264923095703125, 30.394660949707031 ], [ -88.264900207519531, 30.394660949707031 ], [ -88.238906860351562, 30.37993049621582 ], [ -88.238800048828125, 30.379859924316406 ], [ -88.238792419433594, 30.379800796508789 ], [ -88.23883056640625, 30.3797607421875 ], [ -88.238861083984375, 30.379749298095703 ], [ -88.238922119140625, 30.379739761352539 ] ] ] } },
{ "type": "Feature", "properties": { "cluster_id": 142 }, "geometry": { "type": "Polygon", "coordinates": [ [ [ -122.480537414550781, 37.502338409423828 ], [ -122.480552673339844, 37.502399444580078 ], [ -122.48052978515625, 37.502418518066406 ], [ -122.480499267578125, 37.50244140625 ], [ -122.48046875, 37.50244140625 ], [ -122.480422973632812, 37.502410888671875 ], [ -122.480430603027344, 37.502391815185547 ], [ -122.480453491210938, 37.502349853515625 ], [ -122.480491638183594, 37.502338409423828 ], [ -122.480537414550781, 37.502338409423828 ] ] ] } },
{ "type": "Feature", "properties": { "cluster_id": 79 }, "geometry": { "type": "Polygon", "coordinates": [ [ [ -76.652473449707031, 34.635009765625 ], [ -76.653427124023438, 34.635738372802734 ], [ -76.711013793945312, 34.719810485839844 ], [ -76.703903198242188, 34.722560882568359 ], [ -76.703880310058594, 34.722568511962891 ], [ -76.703849792480469, 34.722549438476562 ], [ -76.703842163085938, 34.722541809082031 ], [ -76.681282043457031, 34.699638366699219 ], [ -76.681236267089844, 34.699569702148438 ], [ -76.648849487304688, 34.638278961181641 ], [ -76.648780822753906, 34.638111114501953 ], [ -76.6488037109375, 34.638069152832031 ], [ -76.649421691894531, 34.637001037597656 ], [ -76.649467468261719, 34.636959075927734 ], [ -76.651260375976562, 34.635330200195312 ], [ -76.652137756347656, 34.635009765625 ], [ -76.652473449707031, 34.635009765625 ] ] ] } },
{ "type": "Feature", "properties": { "cluster_id": 295 }, "geometry": { "type": "Polygon", "coordinates": [ [ [ -80.734947204589844, 40.027809143066406 ], [ -80.735076904296875, 40.027839660644531 ], [ -80.735031127929688, 40.028369903564453 ], [ -80.731231689453125, 40.046169281005859 ], [ -80.730796813964844, 40.046920776367188 ], [ -80.730758666992188, 40.046920776367188 ], [ -80.727767944335938, 40.038619995117188 ], [ -80.72821044921875, 40.037368774414062 ], [ -80.734947204589844, 40.027809143066406 ] ] ] } },
{ "type": "Feature", "properties": { "cluster_id": 139 }, "geometry": { "type": "Polygon", "coordinates": [ [ [ -70.667091369628906, 41.522251129150391 ], [ -70.667449951171875, 41.522331237792969 ], [ -70.672203063964844, 41.523929595947266 ], [ -70.674751281738281, 41.526069641113281 ], [ -70.674758911132812, 41.526081085205078 ], [ -70.674758911132812, 41.526119232177734 ], [ -70.674697875976562, 41.526130676269531 ], [ -70.667068481445312, 41.522331237792969 ], [ -70.66705322265625, 41.522300720214844 ], [ -70.66705322265625, 41.522289276123047 ], [ -70.667091369628906, 41.522251129150391 ] ] ] } },
{ "type": "Feature", "properties": { "cluster_id": 98 }, "geometry": { "type": "Polygon", "coordinates": [ [ [ -75.421669006347656, 39.796451568603516 ], [ -75.421867370605469, 39.796459197998047 ], [ -75.422348022460938, 39.796531677246094 ], [ -75.433616638183594, 39.801109313964844 ], [ -75.433921813964844, 39.801338195800781 ], [ -75.433906555175781, 39.801361083984375 ], [ -75.403236389160156, 39.814491271972656 ], [ -75.38427734375, 39.818519592285156 ], [ -75.384262084960938, 39.818519592285156 ], [ -75.384162902832031, 39.818450927734375 ], [ -75.383750915527344, 39.817989349365234 ], [ -75.383499145507812, 39.817668914794922 ], [ -75.383331298828125, 39.817329406738281 ], [ -75.383331298828125, 39.816001892089844 ], [ -75.383499145507812, 39.815670013427734 ], [ -75.394630432128906, 39.808429718017578 ], [ -75.39501953125, 39.808181762695312 ], [ -75.411529541015625, 39.800060272216797 ], [ -75.411888122558594, 39.799888610839844 ], [ -75.419281005859375, 39.796920776367188 ], [ -75.41961669921875, 39.796791076660156 ], [ -75.419723510742188, 39.796760559082031 ], [ -75.420639038085938, 39.796550750732422 ], [ -75.421669006347656, 39.796451568603516 ] ] ] } },
{ "type": "Feature", "properties": { "cluster_id": 74 }, "geometry": { "type": "Polygon", "coordinates": [ [ [ -97.397323608398438, 25.951559066772461 ], [ -97.400703430175781, 25.952959060668945 ], [ -97.400711059570312, 25.953010559082031 ], [ -97.396690368652344, 25.954580307006836 ], [ -97.395622253417969, 25.954959869384766 ], [ -97.345191955566406, 25.970819473266602 ], [ -97.344467163085938, 25.970460891723633 ], [ -97.344482421875, 25.970249176025391 ], [ -97.39697265625, 25.951559066772461 ], [ -97.397323608398438, 25.951559066772461 ] ] ] } },
{ "type": "Feature", "properties": { "cluster_id": 320 }, "geometry": { "type": "Polygon", "coordinates": [ [ [ -121.787208557128906, 36.802158355712891 ], [ -121.787216186523438, 36.802181243896484 ], [ -121.787063598632812, 36.802410125732422 ], [ -121.78704833984375, 36.802410125732422 ], [ -121.78704833984375, 36.802398681640625 ], [ -121.787193298339844, 36.802158355712891 ], [ -121.787208557128906, 36.802158355712891 ] ] ] } },
{ "type": "Feature", "properties": { "cluster_id": 141 }, "geometry": { "type": "Polygon", "coordinates": [ [ [ -68.3199462890625, 44.273200988769531 ], [ -68.322456359863281, 44.273670196533203 ], [ -68.323051452636719, 44.274349212646484 ], [ -68.32305908203125, 44.274360656738281 ], [ -68.323066711425781, 44.274379730224609 ], [ -68.323066711425781, 44.274410247802734 ], [ -68.323036193847656, 44.274471282958984 ], [ -68.322990417480469, 44.274478912353516 ], [ -68.312858581542969, 44.274940490722656 ], [ -68.312820434570312, 44.274860382080078 ], [ -68.312850952148438, 44.274799346923828 ], [ -68.3199462890625, 44.273200988769531 ] ] ] } },
{ "type": "Feature", "properties": { "cluster_id": 56 }, "geometry": { "type": "Polygon", "coordinates": [ [ [ -74.035041809082031, 40.417789459228516 ], [ -74.253799438476562, 40.487541198730469 ], [ -74.254646301269531, 40.487850189208984 ], [ -74.294059753417969, 40.510810852050781 ], [ -74.241317749023438, 40.557628631591797 ], [ -74.238502502441406, 40.558921813964844 ], [ -74.236869812011719, 40.558319091796875 ], [ -74.009742736816406, 40.466880798339844 ], [ -74.009681701660156, 40.466838836669922 ], [ -74.009681701660156, 40.466808319091797 ], [ -74.015411376953125, 40.435901641845703 ], [ -74.015449523925781, 40.435821533203125 ], [ -74.015960693359375, 40.435001373291016 ], [ -74.016036987304688, 40.434879302978516 ], [ -74.035041809082031, 40.417789459228516 ] ] ] } },
{ "type": "Feature", "properties": { "cluster_id": 204 }, "geometry": { "type": "Polygon", "coordinates": [ [ [ -70.913581848144531, 41.621910095214844 ], [ -70.913719177246094, 41.621940612792969 ], [ -70.913787841796875, 41.621971130371094 ], [ -70.913818359375, 41.622020721435547 ], [ -70.919868469238281, 41.636398315429688 ], [ -70.920928955078125, 41.640449523925781 ], [ -70.918449401855469, 41.640018463134766 ], [ -70.907272338867188, 41.636348724365234 ], [ -70.906272888183594, 41.63336181640625 ], [ -70.906280517578125, 41.633338928222656 ], [ -70.906288146972656, 41.633319854736328 ], [ -70.906326293945312, 41.633251190185547 ], [ -70.913581848144531, 41.621910095214844 ] ] ] } },
{ "type": "Feature", "properties": { "cluster_id": 185 }, "geometry": { "type": "Polygon", "coordinates": [ [ [ -83.109306335449219, 42.260501861572266 ], [ -83.110313415527344, 42.260711669921875 ], [ -83.11041259765625, 42.260780334472656 ], [ -83.157180786132812, 42.3001708984375 ], [ -83.159629821777344, 42.303871154785156 ], [ -83.159843444824219, 42.304309844970703 ], [ -83.15985107421875, 42.304351806640625 ], [ -83.159759521484375, 42.304389953613281 ], [ -83.038139343261719, 42.32794189453125 ], [ -83.027389526367188, 42.329139709472656 ], [ -83.027366638183594, 42.329139709472656 ], [ -83.026771545410156, 42.328449249267578 ], [ -83.10894775390625, 42.260669708251953 ], [ -83.109169006347656, 42.260540008544922 ], [ -83.109306335449219, 42.260501861572266 ] ] ] } },
{ "type": "Feature", "properties": { "cluster_id": 241 }, "geometry": { "type": "Polygon", "coordinates": [ [ [ -80.281158447265625, 25.310819625854492 ], [ -80.281219482421875, 25.310850143432617 ], [ -80.280899047851562, 25.313329696655273 ], [ -80.280570983886719, 25.313480377197266 ], [ -80.27947998046875, 25.313869476318359 ], [ -80.279403686523438, 25.313880920410156 ], [ -80.279380798339844, 25.313850402832031 ], [ -80.279258728027344, 25.313579559326172 ], [ -80.279449462890625, 25.31151008605957 ], [ -80.279556274414062, 25.311429977416992 ], [ -80.281013488769531, 25.310859680175781 ], [ -80.281158447265625, 25.310819625854492 ] ] ] } },
{ "type": "Feature", "properties": { "cluster_id": 39 }, "geometry": { "type": "Polygon", "coordinates": [ [ [ -75.159347534179688, 38.925868988037109 ], [ -75.160438537597656, 38.925899505615234 ], [ -75.160758972167969, 38.925968170166016 ], [ -75.161148071289062, 38.926071166992188 ], [ -75.161880493164062, 38.926509857177734 ], [ -75.163047790527344, 38.927349090576172 ], [ -75.163421630859375, 38.927738189697266 ], [ -75.18414306640625, 38.950489044189453 ], [ -75.196067810058594, 38.965049743652344 ], [ -75.204483032226562, 38.977470397949219 ], [ -75.204399108886719, 38.979351043701172 ], [ -75.2042236328125, 38.979820251464844 ], [ -75.204147338867188, 38.97998046875 ], [ -75.204017639160156, 38.980148315429688 ], [ -75.203727722167969, 38.980518341064453 ], [ -75.203559875488281, 38.980609893798828 ], [ -75.203483581542969, 38.980609893798828 ], [ -74.958976745605469, 38.968578338623047 ], [ -74.958908081054688, 38.968479156494141 ], [ -74.958900451660156, 38.968418121337891 ], [ -74.958946228027344, 38.968379974365234 ], [ -74.958992004394531, 38.968360900878906 ], [ -74.959060668945312, 38.968341827392578 ], [ -75.159347534179688, 38.925868988037109 ] ] ] } },
{ "type": "Feature", "properties": { "cluster_id": 87 }, "geometry": { "type": "Polygon", "coordinates": [ [ [ -89.249259948730469, 29.139850616455078 ], [ -89.362579345703125, 29.238090515136719 ], [ -89.4609375, 29.354490280151367 ], [ -89.4609375, 29.354509353637695 ], [ -89.460922241210938, 29.354549407958984 ], [ -89.460906982421875, 29.354560852050781 ], [ -89.46087646484375, 29.354570388793945 ], [ -89.189262390136719, 29.367219924926758 ], [ -89.189109802246094, 29.367219924926758 ], [ -89.18890380859375, 29.367210388183594 ], [ -89.188491821289062, 29.367109298706055 ], [ -89.188301086425781, 29.367010116577148 ], [ -89.188087463378906, 29.366849899291992 ], [ -89.042770385742188, 29.202999114990234 ], [ -89.042556762695312, 29.202709197998047 ], [ -89.042259216308594, 29.201980590820312 ], [ -89.042167663574219, 29.201740264892578 ], [ -89.042190551757812, 29.201700210571289 ], [ -89.042800903320312, 29.201349258422852 ], [ -89.044059753417969, 29.200729370117188 ], [ -89.044357299804688, 29.200639724731445 ], [ -89.249259948730469, 29.139850616455078 ] ] ] } },
{ "type": "Feature", "properties": { "cluster_id": 7 }, "geometry": { "type": "Polygon", "coordinates": [ [ [ -89.762062072753906, 29.539640426635742 ], [ -89.762138366699219, 29.539649963378906 ], [ -89.762298583984375, 29.539709091186523 ], [ -89.911460876464844, 29.620489120483398 ], [ -89.91339111328125, 29.622030258178711 ], [ -89.913398742675781, 29.622079849243164 ], [ -89.91265869140625, 29.628320693969727 ], [ -89.912559509277344, 29.628389358520508 ], [ -89.912406921386719, 29.628379821777344 ], [ -89.855056762695312, 29.606639862060547 ], [ -89.832527160644531, 29.593849182128906 ], [ -89.812042236328125, 29.580810546875 ], [ -89.78118896484375, 29.5601806640625 ], [ -89.773529052734375, 29.552469253540039 ], [ -89.76220703125, 29.540779113769531 ], [ -89.761947631835938, 29.539779663085938 ], [ -89.761993408203125, 29.539670944213867 ], [ -89.762062072753906, 29.539640426635742 ] ] ] } },
{ "type": "Feature", "properties": { "cluster_id": 132 }, "geometry": { "type": "Polygon", "coordinates": [ [ [ -72.862442016601562, 41.191848754882812 ], [ -72.928787231445312, 41.198028564453125 ], [ -73.051803588867188, 41.211601257324219 ], [ -73.051788330078125, 41.211990356445312 ], [ -73.051689147949219, 41.212181091308594 ], [ -72.909980773925781, 41.298789978027344 ], [ -72.905227661132812, 41.296199798583984 ], [ -72.90521240234375, 41.296188354492188 ], [ -72.858421325683594, 41.192970275878906 ], [ -72.85858154296875, 41.192161560058594 ], [ -72.858596801757812, 41.192108154296875 ], [ -72.858657836914062, 41.192070007324219 ], [ -72.858688354492188, 41.192058563232422 ], [ -72.862442016601562, 41.191848754882812 ] ] ] } },
{ "type": "Feature", "properties": { "cluster_id": 66 }, "geometry": { "type": "Polygon", "coordinates": [ [ [ -75.270652770996094, 39.845211029052734 ], [ -75.340789794921875, 39.850109100341797 ], [ -75.340797424316406, 39.850128173828125 ], [ -75.340797424316406, 39.850139617919922 ], [ -75.340782165527344, 39.85015869140625 ], [ -75.021339416503906, 40.023639678955078 ], [ -75.02081298828125, 40.023639678955078 ], [ -75.01983642578125, 40.021968841552734 ], [ -75.128669738769531, 39.90032958984375 ], [ -75.155693054199219, 39.878749847412109 ], [ -75.227783203125, 39.854400634765625 ], [ -75.261711120605469, 39.84661865234375 ], [ -75.265029907226562, 39.8460693359375 ], [ -75.270538330078125, 39.845211029052734 ], [ -75.270652770996094, 39.845211029052734 ] ] ] } },
{ "type": "Feature", "properties": { "cluster_id": 247 }, "geometry": { "type": "Polygon", "coordinates": [ [ [ -118.449516296386719, 33.971870422363281 ], [ -118.449790954589844, 33.971920013427734 ], [ -118.449851989746094, 33.972011566162109 ], [ -118.451370239257812, 33.983200073242188 ], [ -118.451370239257812, 33.983238220214844 ], [ -118.451362609863281, 33.983249664306641 ], [ -118.451332092285156, 33.983249664306641 ], [ -118.451316833496094, 33.983238220214844 ], [ -118.449996948242188, 33.980659484863281 ], [ -118.446609497070312, 33.973171234130859 ], [ -118.446601867675781, 33.973148345947266 ], [ -118.446601867675781, 33.972980499267578 ], [ -118.446632385253906, 33.972938537597656 ], [ -118.446701049804688, 33.972869873046875 ], [ -118.44671630859375, 33.972858428955078 ], [ -118.449516296386719, 33.971870422363281 ] ] ] } },
{ "type": "Feature", "properties": { "cluster_id": 165 }, "geometry": { "type": "Polygon", "coordinates": [ [ [ -90.116783142089844, 35.072418212890625 ], [ -90.179107666015625, 35.078510284423828 ], [ -90.183479309082031, 35.0977783203125 ], [ -90.1834716796875, 35.097801208496094 ], [ -90.177711486816406, 35.114208221435547 ], [ -90.172721862792969, 35.120998382568359 ], [ -90.172012329101562, 35.121570587158203 ], [ -90.171463012695312, 35.121818542480469 ], [ -90.171432495117188, 35.121829986572266 ], [ -90.128929138183594, 35.132591247558594 ], [ -90.126846313476562, 35.132270812988281 ], [ -90.076622009277344, 35.123989105224609 ], [ -90.076591491699219, 35.123981475830078 ], [ -90.076560974121094, 35.123970031738281 ], [ -90.076499938964844, 35.123908996582031 ], [ -90.089958190917969, 35.086189270019531 ], [ -90.116607666015625, 35.072471618652344 ], [ -90.116783142089844, 35.072418212890625 ] ] ] } },
{ "type": "Feature", "properties": { "cluster_id": 107 }, "geometry": { "type": "Polygon", "coordinates": [ [ [ -123.091751098632812, 49.119861602783203 ], [ -123.106277465820312, 49.20452880859375 ], [ -123.105857849121094, 49.204639434814453 ], [ -123.105628967285156, 49.20465087890625 ], [ -122.906196594238281, 49.202049255371094 ], [ -122.906028747558594, 49.201938629150391 ], [ -122.907302856445312, 49.194728851318359 ], [ -122.924179077148438, 49.170169830322266 ], [ -122.924308776855469, 49.169998168945312 ], [ -122.924392700195312, 49.169948577880859 ], [ -122.948532104492188, 49.159130096435547 ], [ -122.950889587402344, 49.158420562744141 ], [ -123.051986694335938, 49.128368377685547 ], [ -123.080711364746094, 49.120128631591797 ], [ -123.091751098632812, 49.119861602783203 ] ] ] } },
{ "type": "Feature", "properties": { "cluster_id": 109 }, "geometry": { "type": "Polygon", "coordinates": [ [ [ -90.219841003417969, 29.217710494995117 ], [ -90.220123291015625, 29.217729568481445 ], [ -90.210227966308594, 29.251949310302734 ], [ -90.210212707519531, 29.251979827880859 ], [ -90.210182189941406, 29.252010345458984 ], [ -89.964813232421875, 29.260290145874023 ], [ -89.964469909667969, 29.26017951965332 ], [ -89.9644775390625, 29.260150909423828 ], [ -89.965927124023438, 29.257949829101562 ], [ -89.968292236328125, 29.254379272460938 ], [ -89.968421936035156, 29.254270553588867 ], [ -89.968460083007812, 29.254249572753906 ], [ -89.989250183105469, 29.244419097900391 ], [ -89.989273071289062, 29.244409561157227 ], [ -90.219810485839844, 29.217710494995117 ], [ -90.219841003417969, 29.217710494995117 ] ] ] } },
{ "type": "Feature", "properties": { "cluster_id": 78 }, "geometry": { "type": "Polygon", "coordinates": [ [ [ -75.543067932128906, 39.514381408691406 ], [ -75.809150695800781, 39.526641845703125 ], [ -75.809280395507812, 39.526649475097656 ], [ -75.824516296386719, 39.532630920410156 ], [ -75.824180603027344, 39.532829284667969 ], [ -75.594619750976562, 39.587078094482422 ], [ -75.593162536621094, 39.586940765380859 ], [ -75.485237121582031, 39.573818206787109 ], [ -75.485206604003906, 39.573799133300781 ], [ -75.485198974609375, 39.57379150390625 ], [ -75.485191345214844, 39.573780059814453 ], [ -75.485191345214844, 39.57373046875 ], [ -75.485198974609375, 39.573719024658203 ], [ -75.542327880859375, 39.51470947265625 ], [ -75.542396545410156, 39.5146484375 ], [ -75.542457580566406, 39.514610290527344 ], [ -75.54254150390625, 39.514568328857422 ], [ -75.542587280273438, 39.514549255371094 ], [ -75.543006896972656, 39.514381408691406 ], [ -75.543067932128906, 39.514381408691406 ] ] ] } },
{ "type": "Feature", "properties": { "cluster_id": 63 }, "geometry": { "type": "Polygon", "coordinates": [ [ [ -75.6580810546875, 36.856021881103516 ], [ -75.658309936523438, 36.856029510498047 ], [ -75.658828735351562, 36.856071472167969 ], [ -75.659088134765625, 36.856098175048828 ], [ -75.692481994628906, 36.859729766845703 ], [ -75.717727661132812, 36.863170623779297 ], [ -75.718162536621094, 36.863330841064453 ], [ -75.718536376953125, 36.863571166992188 ], [ -75.718696594238281, 36.863788604736328 ], [ -75.71868896484375, 36.863861083984375 ], [ -75.718658447265625, 36.863880157470703 ], [ -75.714889526367188, 36.866031646728516 ], [ -75.693168640136719, 36.865608215332031 ], [ -75.654556274414062, 36.861160278320312 ], [ -75.651580810546875, 36.86016845703125 ], [ -75.651573181152344, 36.860160827636719 ], [ -75.651443481445312, 36.860000610351562 ], [ -75.651397705078125, 36.859550476074219 ], [ -75.651466369628906, 36.859039306640625 ], [ -75.6514892578125, 36.858890533447266 ], [ -75.651718139648438, 36.858299255371094 ], [ -75.651817321777344, 36.858158111572266 ], [ -75.651863098144531, 36.858100891113281 ], [ -75.652061462402344, 36.857860565185547 ], [ -75.652351379394531, 36.857570648193359 ], [ -75.655120849609375, 36.856689453125 ], [ -75.657951354980469, 36.856048583984375 ], [ -75.6580810546875, 36.856021881103516 ] ] ] } },
{ "type": "Feature", "properties": { "cluster_id": 31 }, "geometry": { "type": "Polygon", "coordinates": [ [ [ -93.210456848144531, 29.986629486083984 ], [ -93.329597473144531, 30.032709121704102 ], [ -93.371856689453125, 30.058879852294922 ], [ -93.371879577636719, 30.059080123901367 ], [ -93.324172973632812, 30.202060699462891 ], [ -93.31884765625, 30.209470748901367 ], [ -93.278556823730469, 30.22566032409668 ], [ -93.202522277832031, 30.255529403686523 ], [ -93.202400207519531, 30.255460739135742 ], [ -93.202400207519531, 30.255439758300781 ], [ -93.210456848144531, 29.986629486083984 ] ] ] } },
{ "type": "Feature", "properties": { "cluster_id": 174 }, "geometry": { "type": "Polygon", "coordinates": [ [ [ -82.806533813476562, 27.963180541992188 ], [ -82.806587219238281, 27.963199615478516 ], [ -82.806602478027344, 27.96320915222168 ], [ -82.824790954589844, 27.97559928894043 ], [ -82.824966430664062, 27.976539611816406 ], [ -82.824951171875, 27.976570129394531 ], [ -82.824851989746094, 27.976570129394531 ], [ -82.824836730957031, 27.976560592651367 ], [ -82.806442260742188, 27.963470458984375 ], [ -82.806282043457031, 27.963329315185547 ], [ -82.806282043457031, 27.963319778442383 ], [ -82.806289672851562, 27.963300704956055 ], [ -82.806312561035156, 27.963260650634766 ], [ -82.806343078613281, 27.963239669799805 ], [ -82.806358337402344, 27.963230133056641 ], [ -82.806396484375, 27.96320915222168 ], [ -82.80645751953125, 27.963180541992188 ], [ -82.806533813476562, 27.963180541992188 ] ] ] } },
{ "type": "Feature", "properties": { "cluster_id": 192 }, "geometry": { "type": "Polygon", "coordinates": [ [ [ -81.811737060546875, 24.553329467773438 ], [ -81.818099975585938, 24.557180404663086 ], [ -81.818412780761719, 24.566299438476562 ], [ -81.8182373046875, 24.567159652709961 ], [ -81.818138122558594, 24.567239761352539 ], [ -81.818069458007812, 24.567279815673828 ], [ -81.817901611328125, 24.567340850830078 ], [ -81.817848205566406, 24.567340850830078 ], [ -81.736770629882812, 24.565610885620117 ], [ -81.736701965332031, 24.565589904785156 ], [ -81.736686706542969, 24.565580368041992 ], [ -81.735931396484375, 24.564729690551758 ], [ -81.735923767089844, 24.564720153808594 ], [ -81.73590087890625, 24.564689636230469 ], [ -81.735893249511719, 24.56464958190918 ], [ -81.735939025878906, 24.560390472412109 ], [ -81.73602294921875, 24.558889389038086 ], [ -81.736030578613281, 24.558860778808594 ], [ -81.736099243164062, 24.558809280395508 ], [ -81.811737060546875, 24.553329467773438 ] ] ] } },
{ "type": "Feature", "properties": { "cluster_id": 300 }, "geometry": { "type": "Polygon", "coordinates": [ [ [ -132.976303100585938, 56.808521270751953 ], [ -132.976303100585938, 56.808578491210938 ], [ -132.962203979492188, 56.814098358154297 ], [ -132.962127685546875, 56.814090728759766 ], [ -132.96209716796875, 56.814079284667969 ], [ -132.9620361328125, 56.814029693603516 ], [ -132.962066650390625, 56.813999176025391 ], [ -132.9761962890625, 56.808540344238281 ], [ -132.976303100585938, 56.808521270751953 ] ] ] } },
{ "type": "Feature", "properties": { "cluster_id": 183 }, "geometry": { "type": "Polygon", "coordinates": [ [ [ -81.335189819335938, 28.837739944458008 ], [ -81.335289001464844, 28.837799072265625 ], [ -81.335311889648438, 28.83782958984375 ], [ -81.3353271484375, 28.837919235229492 ], [ -81.335250854492188, 28.837989807128906 ], [ -81.335182189941406, 28.838020324707031 ], [ -81.335090637207031, 28.83799934387207 ], [ -81.33502197265625, 28.837980270385742 ], [ -81.335060119628906, 28.83782958984375 ], [ -81.335113525390625, 28.837749481201172 ], [ -81.335189819335938, 28.837739944458008 ] ] ] } },
{ "type": "Feature", "properties": { "cluster_id": 212 }, "geometry": { "type": "Polygon", "coordinates": [ [ [ -84.617767333984375, 39.073539733886719 ], [ -84.618690490722656, 39.073699951171875 ], [ -84.794273376464844, 39.113128662109375 ], [ -84.794273376464844, 39.113151550292969 ], [ -84.79425048828125, 39.113170623779297 ], [ -84.793281555175781, 39.113620758056641 ], [ -84.792152404785156, 39.113731384277344 ], [ -84.792121887207031, 39.113731384277344 ], [ -84.4822998046875, 39.112491607666016 ], [ -84.482200622558594, 39.112468719482422 ], [ -84.482170104980469, 39.112419128417969 ], [ -84.482162475585938, 39.112369537353516 ], [ -84.482162475585938, 39.112308502197266 ], [ -84.579727172851562, 39.080581665039062 ], [ -84.603286743164062, 39.074321746826172 ], [ -84.60394287109375, 39.07421875 ], [ -84.617767333984375, 39.073539733886719 ] ] ] } },
{ "type": "Feature", "properties": { "cluster_id": 286 }, "geometry": { "type": "Polygon", "coordinates": [ [ [ -122.999671936035156, 48.527030944824219 ], [ -123.015922546386719, 48.536571502685547 ], [ -123.016021728515625, 48.536720275878906 ], [ -123.015998840332031, 48.536911010742188 ], [ -123.015472412109375, 48.537059783935547 ], [ -123.015380859375, 48.537059783935547 ], [ -122.999679565429688, 48.527069091796875 ], [ -122.999671936035156, 48.527050018310547 ], [ -122.999671936035156, 48.527030944824219 ] ] ] } },
{ "type": "Feature", "properties": { "cluster_id": 153 }, "geometry": { "type": "Polygon", "coordinates": [ [ [ -80.093421936035156, 26.233200073242188 ], [ -80.073348999023438, 26.400590896606445 ], [ -80.063758850097656, 26.463460922241211 ], [ -80.063606262207031, 26.463300704956055 ], [ -80.072830200195312, 26.340669631958008 ], [ -80.080162048339844, 26.283489227294922 ], [ -80.093132019042969, 26.233339309692383 ], [ -80.093421936035156, 26.233200073242188 ] ] ] } },
{ "type": "Feature", "properties": { "cluster_id": 90 }, "geometry": { "type": "Polygon", "coordinates": [ [ [ -83.842361450195312, 43.617988586425781 ], [ -83.843719482421875, 43.620918273925781 ], [ -83.847793579101562, 43.646881103515625 ], [ -83.842170715332031, 43.618118286132812 ], [ -83.8421630859375, 43.618038177490234 ], [ -83.842216491699219, 43.618000030517578 ], [ -83.84234619140625, 43.617988586425781 ], [ -83.842361450195312, 43.617988586425781 ] ] ] } },
{ "type": "Feature", "properties": { "cluster_id": 5 }, "geometry": { "type": "Polygon", "coordinates": [ [ [ -87.906768798828125, 43.008731842041016 ], [ -87.907272338867188, 43.008781433105469 ], [ -87.925910949707031, 43.028339385986328 ], [ -87.925926208496094, 43.028358459472656 ], [ -87.925941467285156, 43.028388977050781 ], [ -87.925949096679688, 43.028411865234375 ], [ -87.9259033203125, 43.028499603271484 ], [ -87.903083801269531, 43.020420074462891 ], [ -87.902976989746094, 43.020370483398438 ], [ -87.897720336914062, 43.010540008544922 ], [ -87.897750854492188, 43.010520935058594 ], [ -87.906631469726562, 43.008731842041016 ], [ -87.906768798828125, 43.008731842041016 ] ] ] } },
{ "type": "Feature", "properties": { "cluster_id": 305 }, "geometry": { "type": "Polygon", "coordinates": [ [ [ -91.021018981933594, 33.816501617431641 ], [ -91.047378540039062, 33.818988800048828 ], [ -91.047523498535156, 33.819118499755859 ], [ -91.047431945800781, 33.819271087646484 ], [ -91.047218322753906, 33.819358825683594 ], [ -91.046859741210938, 33.819450378417969 ], [ -91.021003723144531, 33.816608428955078 ], [ -91.020980834960938, 33.816581726074219 ], [ -91.020980834960938, 33.816551208496094 ], [ -91.020988464355469, 33.816539764404297 ], [ -91.021011352539062, 33.816509246826172 ], [ -91.021018981933594, 33.816501617431641 ] ] ] } },
{ "type": "Feature", "properties": { "cluster_id": 196 }, "geometry": { "type": "Polygon", "coordinates": [ [ [ -76.572921752929688, 39.198638916015625 ], [ -76.582687377929688, 39.208900451660156 ], [ -76.611671447753906, 39.283668518066406 ], [ -76.535659790039062, 39.256080627441406 ], [ -76.535606384277344, 39.256050109863281 ], [ -76.535507202148438, 39.255950927734375 ], [ -76.481956481933594, 39.202350616455078 ], [ -76.481941223144531, 39.202278137207031 ], [ -76.481941223144531, 39.202178955078125 ], [ -76.481948852539062, 39.202110290527344 ], [ -76.482002258300781, 39.202079772949219 ], [ -76.572921752929688, 39.198638916015625 ] ] ] } },
{ "type": "Feature", "properties": { "cluster_id": 102 }, "geometry": { "type": "Polygon", "coordinates": [ [ [ -71.3709716796875, 41.780490875244141 ], [ -71.371002197265625, 41.780498504638672 ], [ -71.371101379394531, 41.780529022216797 ], [ -71.395416259765625, 41.802299499511719 ], [ -71.398971557617188, 41.807979583740234 ], [ -71.399017333984375, 41.808071136474609 ], [ -71.399429321289062, 41.814800262451172 ], [ -71.399383544921875, 41.81488037109375 ], [ -71.399307250976562, 41.814910888671875 ], [ -71.394767761230469, 41.811580657958984 ], [ -71.394752502441406, 41.811569213867188 ], [ -71.371757507324219, 41.782718658447266 ], [ -71.371719360351562, 41.782649993896484 ], [ -71.370956420898438, 41.780548095703125 ], [ -71.370956420898438, 41.780509948730469 ], [ -71.3709716796875, 41.780490875244141 ] ] ] } },
{ "type": "Feature", "properties": { "cluster_id": 266 }, "geometry": { "type": "Polygon", "coordinates": [ [ [ -166.583450317382812, 53.841190338134766 ], [ -166.58367919921875, 53.841220855712891 ], [ -166.5838623046875, 53.841320037841797 ], [ -166.616989135742188, 53.948299407958984 ], [ -166.616943359375, 53.948841094970703 ], [ -166.616775512695312, 53.94921875 ], [ -166.616195678710938, 53.949741363525391 ], [ -166.6160888671875, 53.9498291015625 ], [ -166.6158447265625, 53.949989318847656 ], [ -166.615554809570312, 53.950099945068359 ], [ -166.615463256835938, 53.950111389160156 ], [ -166.614852905273438, 53.950168609619141 ], [ -166.614517211914062, 53.950160980224609 ], [ -166.613662719726562, 53.950061798095703 ], [ -166.50823974609375, 53.912368774414062 ], [ -166.508148193359375, 53.912330627441406 ], [ -166.508087158203125, 53.912300109863281 ], [ -166.508056640625, 53.912269592285156 ], [ -166.508041381835938, 53.912250518798828 ], [ -166.578399658203125, 53.844451904296875 ], [ -166.578475952148438, 53.844398498535156 ], [ -166.583358764648438, 53.841190338134766 ], [ -166.583450317382812, 53.841190338134766 ] ] ] } },
{ "type": "Feature", "properties": { "cluster_id": 82 }, "geometry": { "type": "Polygon", "coordinates": [ [ [ -146.427215576171875, 61.086711883544922 ], [ -146.427459716796875, 61.086769104003906 ], [ -146.427841186523438, 61.086898803710938 ], [ -146.427978515625, 61.086978912353516 ], [ -146.427947998046875, 61.087318420410156 ], [ -146.427886962890625, 61.087711334228516 ], [ -146.4278564453125, 61.087848663330078 ], [ -146.42413330078125, 61.104530334472656 ], [ -146.357986450195312, 61.123439788818359 ], [ -146.306640625, 61.121910095214844 ], [ -146.306503295898438, 61.121879577636719 ], [ -146.283294677734375, 61.111839294433594 ], [ -146.283172607421875, 61.111740112304688 ], [ -146.282806396484375, 61.111328125 ], [ -146.276596069335938, 61.103248596191406 ], [ -146.27813720703125, 61.102779388427734 ], [ -146.39422607421875, 61.08892822265625 ], [ -146.407882690429688, 61.087490081787109 ], [ -146.411026000976562, 61.08734130859375 ], [ -146.427215576171875, 61.086711883544922 ] ] ] } },
{ "type": "Feature", "properties": { "cluster_id": 0 }, "geometry": { "type": "Polygon", "coordinates": [ [ [ -126.006240844726562, 49.307140350341797 ], [ -126.007591247558594, 49.307220458984375 ], [ -126.049552917480469, 49.324150085449219 ], [ -126.049552917480469, 49.324199676513672 ], [ -126.049530029296875, 49.32421875 ], [ -125.95263671875, 49.34259033203125 ], [ -125.952629089355469, 49.34259033203125 ], [ -125.952590942382812, 49.342578887939453 ], [ -125.952568054199219, 49.342548370361328 ], [ -125.952163696289062, 49.341770172119141 ], [ -125.952163696289062, 49.341751098632812 ], [ -125.952186584472656, 49.341720581054688 ], [ -126.006202697753906, 49.307151794433594 ], [ -126.006240844726562, 49.307140350341797 ] ] ] } },
{ "type": "Feature", "properties": { "cluster_id": 121 }, "geometry": { "type": "Polygon", "coordinates": [ [ [ -71.3172607421875, 41.486869812011719 ], [ -71.353477478027344, 41.499431610107422 ], [ -71.411140441894531, 41.587028503417969 ], [ -71.411140441894531, 41.587120056152344 ], [ -71.40869140625, 41.620170593261719 ], [ -71.408668518066406, 41.620189666748047 ], [ -71.407051086425781, 41.621448516845703 ], [ -71.406936645507812, 41.62152099609375 ], [ -71.278121948242188, 41.666419982910156 ], [ -71.278106689453125, 41.666400909423828 ], [ -71.278099060058594, 41.666389465332031 ], [ -71.278099060058594, 41.6663818359375 ], [ -71.317222595214844, 41.486888885498047 ], [ -71.3172607421875, 41.486869812011719 ] ] ] } },
{ "type": "Feature", "properties": { "cluster_id": 14 }, "geometry": { "type": "Polygon", "coordinates": [ [ [ -122.671958923339844, 48.716541290283203 ], [ -122.900146484375, 48.760890960693359 ], [ -122.900337219238281, 48.761531829833984 ], [ -122.900337219238281, 48.761539459228516 ], [ -122.768608093261719, 48.861709594726562 ], [ -122.767539978027344, 48.862159729003906 ], [ -122.762321472167969, 48.862968444824219 ], [ -122.509407043457031, 48.759700775146484 ], [ -122.494529724121094, 48.74462890625 ], [ -122.494537353515625, 48.744598388671875 ], [ -122.510627746582031, 48.721939086914062 ], [ -122.671928405761719, 48.716541290283203 ], [ -122.671958923339844, 48.716541290283203 ] ] ] } },
{ "type": "Feature", "properties": { "cluster_id": 283 }, "geometry": { "type": "Polygon", "coordinates": [ [ [ -124.105278015136719, 43.712528228759766 ], [ -124.105300903320312, 43.712539672851562 ], [ -124.10540771484375, 43.712600708007812 ], [ -124.105812072753906, 43.712940216064453 ], [ -124.106010437011719, 43.713150024414062 ], [ -124.105918884277344, 43.713130950927734 ], [ -124.105880737304688, 43.713111877441406 ], [ -124.105186462402344, 43.712760925292969 ], [ -124.105117797851562, 43.712699890136719 ], [ -124.105110168457031, 43.712669372558594 ], [ -124.105110168457031, 43.712661743164062 ], [ -124.105140686035156, 43.712581634521484 ], [ -124.105148315429688, 43.712570190429688 ], [ -124.105209350585938, 43.712539672851562 ], [ -124.105278015136719, 43.712528228759766 ] ] ] } },
{ "type": "Feature", "properties": { "cluster_id": 259 }, "geometry": { "type": "Polygon", "coordinates": [ [ [ -85.724899291992188, 29.91411018371582 ], [ -85.725250244140625, 29.914180755615234 ], [ -85.726097106933594, 29.914440155029297 ], [ -85.726333618164062, 29.914590835571289 ], [ -85.726737976074219, 29.914909362792969 ], [ -85.728843688964844, 29.917289733886719 ], [ -85.728897094726562, 29.917369842529297 ], [ -85.728988647460938, 29.917570114135742 ], [ -85.728996276855469, 29.91758918762207 ], [ -85.728752136230469, 29.918130874633789 ], [ -85.72857666015625, 29.918329238891602 ], [ -85.728416442871094, 29.918489456176758 ], [ -85.722396850585938, 29.917570114135742 ], [ -85.722267150878906, 29.917539596557617 ], [ -85.722236633300781, 29.917449951171875 ], [ -85.722213745117188, 29.917320251464844 ], [ -85.722198486328125, 29.916389465332031 ], [ -85.722221374511719, 29.916240692138672 ], [ -85.722320556640625, 29.915910720825195 ], [ -85.722412109375, 29.9156494140625 ], [ -85.722640991210938, 29.915359497070312 ], [ -85.723052978515625, 29.91486930847168 ], [ -85.723129272460938, 29.914800643920898 ], [ -85.723396301269531, 29.914609909057617 ], [ -85.723617553710938, 29.914480209350586 ], [ -85.723747253417969, 29.914409637451172 ], [ -85.724327087402344, 29.914190292358398 ], [ -85.724899291992188, 29.91411018371582 ] ] ] } },
{ "type": "Feature", "properties": { "cluster_id": 24 }, "geometry": { "type": "Polygon", "coordinates": [ [ [ -130.517471313476562, 54.192508697509766 ], [ -130.629608154296875, 54.253700256347656 ], [ -130.629806518554688, 54.253818511962891 ], [ -130.648696899414062, 54.276950836181641 ], [ -130.650833129882812, 54.281558990478516 ], [ -130.650741577148438, 54.281829833984375 ], [ -130.650558471679688, 54.282039642333984 ], [ -130.649887084960938, 54.282470703125 ], [ -130.274856567382812, 54.354698181152344 ], [ -130.274032592773438, 54.354801177978516 ], [ -130.2733154296875, 54.354869842529297 ], [ -130.2725830078125, 54.354911804199219 ], [ -130.271255493164062, 54.354419708251953 ], [ -130.271041870117188, 54.354278564453125 ], [ -130.270751953125, 54.353610992431641 ], [ -130.270706176757812, 54.353351593017578 ], [ -130.270645141601562, 54.352970123291016 ], [ -130.270645141601562, 54.351810455322266 ], [ -130.291702270507812, 54.217769622802734 ], [ -130.365036010742188, 54.194999694824219 ], [ -130.36541748046875, 54.194908142089844 ], [ -130.366775512695312, 54.194850921630859 ], [ -130.517471313476562, 54.192508697509766 ] ] ] } },
{ "type": "Feature", "properties": { "cluster_id": 260 }, "geometry": { "type": "Polygon", "coordinates": [ [ [ -75.161689758300781, 38.787540435791016 ], [ -75.161720275878906, 38.787551879882812 ], [ -75.161720275878906, 38.787559509277344 ], [ -75.161636352539062, 38.788150787353516 ], [ -75.161613464355469, 38.788219451904297 ], [ -75.161407470703125, 38.788448333740234 ], [ -75.161399841308594, 38.788448333740234 ], [ -75.161369323730469, 38.788421630859375 ], [ -75.161361694335938, 38.78839111328125 ], [ -75.16143798828125, 38.787998199462891 ], [ -75.161483764648438, 38.787891387939453 ], [ -75.16168212890625, 38.787551879882812 ], [ -75.161689758300781, 38.787540435791016 ] ] ] } },
{ "type": "Feature", "properties": { "cluster_id": 120 }, "geometry": { "type": "Polygon", "coordinates": [ [ [ -135.345504760742188, 57.050041198730469 ], [ -135.345672607421875, 57.050079345703125 ], [ -135.345504760742188, 57.050071716308594 ], [ -135.345474243164062, 57.050060272216797 ], [ -135.345474243164062, 57.050041198730469 ], [ -135.345504760742188, 57.050041198730469 ] ] ] } },
{ "type": "Feature", "properties": { "cluster_id": 73 }, "geometry": { "type": "Polygon", "coordinates": [ [ [ -79.348617553710938, 43.633750915527344 ], [ -79.384368896484375, 43.637378692626953 ], [ -79.384422302246094, 43.637550354003906 ], [ -79.384269714355469, 43.637630462646484 ], [ -79.366241455078125, 43.642929077148438 ], [ -79.366226196289062, 43.642929077148438 ], [ -79.34857177734375, 43.633819580078125 ], [ -79.348548889160156, 43.633800506591797 ], [ -79.348556518554688, 43.633758544921875 ], [ -79.34857177734375, 43.633750915527344 ], [ -79.348617553710938, 43.633750915527344 ] ] ] } },
{ "type": "Feature", "properties": { "cluster_id": 269 }, "geometry": { "type": "Polygon", "coordinates": [ [ [ -81.673713684082031, 41.464809417724609 ], [ -81.721710205078125, 41.491458892822266 ], [ -81.721763610839844, 41.491489410400391 ], [ -81.72357177734375, 41.496589660644531 ], [ -81.723548889160156, 41.496711730957031 ], [ -81.722770690917969, 41.497108459472656 ], [ -81.722518920898438, 41.497230529785156 ], [ -81.692558288574219, 41.510368347167969 ], [ -81.673240661621094, 41.464889526367188 ], [ -81.673332214355469, 41.464851379394531 ], [ -81.673446655273438, 41.464809417724609 ], [ -81.673713684082031, 41.464809417724609 ] ] ] } },
{ "type": "Feature", "properties": { "cluster_id": 312 }, "geometry": { "type": "Polygon", "coordinates": [ [ [ -88.534980773925781, 30.098989486694336 ], [ -88.535400390625, 30.099050521850586 ], [ -88.535911560058594, 30.099130630493164 ], [ -88.571762084960938, 30.108409881591797 ], [ -88.572616577148438, 30.108699798583984 ], [ -88.572792053222656, 30.108779907226562 ], [ -88.5877685546875, 30.115869522094727 ], [ -88.588569641113281, 30.116270065307617 ], [ -88.589347839355469, 30.116670608520508 ], [ -88.589462280273438, 30.117059707641602 ], [ -88.589469909667969, 30.117290496826172 ], [ -88.589462280273438, 30.117429733276367 ], [ -88.589447021484375, 30.117610931396484 ], [ -88.589439392089844, 30.117660522460938 ], [ -88.589271545410156, 30.118209838867188 ], [ -88.588760375976562, 30.119110107421875 ], [ -88.588539123535156, 30.119289398193359 ], [ -88.58843994140625, 30.119359970092773 ], [ -88.588371276855469, 30.119400024414062 ], [ -88.587890625, 30.119670867919922 ], [ -88.587791442871094, 30.119720458984375 ], [ -88.587409973144531, 30.119890213012695 ], [ -88.587310791015625, 30.11992073059082 ], [ -88.586959838867188, 30.120019912719727 ], [ -88.546340942382812, 30.125360488891602 ], [ -88.546096801757812, 30.125389099121094 ], [ -88.545730590820312, 30.125400543212891 ], [ -88.545677185058594, 30.125400543212891 ], [ -88.545387268066406, 30.125350952148438 ], [ -88.545013427734375, 30.125249862670898 ], [ -88.531227111816406, 30.108570098876953 ], [ -88.531219482421875, 30.104070663452148 ], [ -88.531219482421875, 30.101390838623047 ], [ -88.531242370605469, 30.101119995117188 ], [ -88.531303405761719, 30.100910186767578 ], [ -88.531379699707031, 30.100740432739258 ], [ -88.531646728515625, 30.100290298461914 ], [ -88.5338134765625, 30.099180221557617 ], [ -88.534233093261719, 30.099039077758789 ], [ -88.534980773925781, 30.098989486694336 ] ] ] } },
{ "type": "Feature", "properties": { "cluster_id": 257 }, "geometry": { "type": "Polygon", "coordinates": [ [ [ -123.855636596679688, 49.140430450439453 ], [ -123.855728149414062, 49.140449523925781 ], [ -123.871353149414062, 49.143978118896484 ], [ -123.925491333007812, 49.164039611816406 ], [ -123.925590515136719, 49.164081573486328 ], [ -123.933151245117188, 49.168571472167969 ], [ -123.956298828125, 49.194721221923828 ], [ -123.957290649414062, 49.210159301757812 ], [ -123.957290649414062, 49.210189819335938 ], [ -123.957252502441406, 49.210208892822266 ], [ -123.920433044433594, 49.208240509033203 ], [ -123.906730651855469, 49.2052001953125 ], [ -123.906661987304688, 49.205181121826172 ], [ -123.906158447265625, 49.204948425292969 ], [ -123.905471801757812, 49.20458984375 ], [ -123.859359741210938, 49.177890777587891 ], [ -123.859352111816406, 49.177879333496094 ], [ -123.843513488769531, 49.150379180908203 ], [ -123.84307861328125, 49.144718170166016 ], [ -123.846443176269531, 49.140579223632812 ], [ -123.855636596679688, 49.140430450439453 ] ] ] } },
{ "type": "Feature", "properties": { "cluster_id": 118 }, "geometry": { "type": "Polygon", "coordinates": [ [ [ -84.338737487792969, 46.50067138671875 ], [ -84.37127685546875, 46.501499176025391 ], [ -84.371330261230469, 46.501529693603516 ], [ -84.371360778808594, 46.501548767089844 ], [ -84.379020690917969, 46.520561218261719 ], [ -84.379013061523438, 46.52056884765625 ], [ -84.327041625976562, 46.503219604492188 ], [ -84.327041625976562, 46.503200531005859 ], [ -84.327049255371094, 46.503189086914062 ], [ -84.338737487792969, 46.50067138671875 ] ] ] } },
{ "type": "Feature", "properties": { "cluster_id": 146 }, "geometry": { "type": "Polygon", "coordinates": [ [ [ -121.787330627441406, 38.015850067138672 ], [ -122.133720397949219, 38.030570983886719 ], [ -122.172531127929688, 38.035118103027344 ], [ -122.262283325195312, 38.056591033935547 ], [ -122.262359619140625, 38.056621551513672 ], [ -122.273788452148438, 38.106220245361328 ], [ -122.273757934570312, 38.106220245361328 ], [ -121.870208740234375, 38.032070159912109 ], [ -121.787353515625, 38.015880584716797 ], [ -121.787330627441406, 38.015850067138672 ] ] ] } },
{ "type": "Feature", "properties": { "cluster_id": 36 }, "geometry": { "type": "Polygon", "coordinates": [ [ [ -88.085403442382812, 30.519189834594727 ], [ -88.120948791503906, 30.531709671020508 ], [ -88.121002197265625, 30.53179931640625 ], [ -88.117523193359375, 30.53346061706543 ], [ -88.112197875976562, 30.532869338989258 ], [ -88.105201721191406, 30.531309127807617 ], [ -88.097000122070312, 30.528860092163086 ], [ -88.096908569335938, 30.528789520263672 ], [ -88.085403442382812, 30.519189834594727 ] ] ] } },
{ "type": "Feature", "properties": { "cluster_id": 50 }, "geometry": { "type": "Polygon", "coordinates": [ [ [ -94.493118286132812, 28.440830230712891 ], [ -94.512016296386719, 28.444419860839844 ], [ -94.51226806640625, 28.444469451904297 ], [ -94.550300598144531, 28.459480285644531 ], [ -94.598892211914062, 28.481439590454102 ], [ -94.599090576171875, 28.481559753417969 ], [ -94.599388122558594, 28.48175048828125 ], [ -94.599517822265625, 28.481870651245117 ], [ -94.599739074707031, 28.482139587402344 ], [ -94.599868774414062, 28.4822998046875 ], [ -94.600067138671875, 28.482589721679688 ], [ -94.600341796875, 28.483169555664062 ], [ -94.601150512695312, 28.485260009765625 ], [ -94.629966735839844, 28.569299697875977 ], [ -94.629623413085938, 28.569879531860352 ], [ -94.625450134277344, 28.576780319213867 ], [ -94.375167846679688, 28.61952018737793 ], [ -94.294776916503906, 28.616739273071289 ], [ -94.101921081542969, 28.586160659790039 ], [ -94.10491943359375, 28.581169128417969 ], [ -94.163009643554688, 28.544210433959961 ], [ -94.492523193359375, 28.440999984741211 ], [ -94.493118286132812, 28.440830230712891 ] ] ] } },
{ "type": "Feature", "properties": { "cluster_id": 237 }, "geometry": { "type": "Polygon", "coordinates": [ [ [ -79.249046325683594, 42.880138397216797 ], [ -79.249061584472656, 42.880168914794922 ], [ -79.249046325683594, 42.880180358886719 ], [ -79.248329162597656, 42.880668640136719 ], [ -79.2481689453125, 42.880668640136719 ], [ -79.248237609863281, 42.880580902099609 ], [ -79.248329162597656, 42.880500793457031 ], [ -79.2490234375, 42.880138397216797 ], [ -79.249046325683594, 42.880138397216797 ] ] ] } },
{ "type": "Feature", "properties": { "cluster_id": 104 }, "geometry": { "type": "Polygon", "coordinates": [ [ [ -95.193382263183594, 28.785989761352539 ], [ -95.193511962890625, 28.786039352416992 ], [ -95.433387756347656, 28.87799072265625 ], [ -95.337211608886719, 28.951089859008789 ], [ -95.273300170898438, 28.980409622192383 ], [ -95.267189025878906, 28.982820510864258 ], [ -95.132049560546875, 28.884059906005859 ], [ -95.13092041015625, 28.882659912109375 ], [ -95.117568969726562, 28.858760833740234 ], [ -95.090797424316406, 28.806770324707031 ], [ -95.090789794921875, 28.80674934387207 ], [ -95.090736389160156, 28.806499481201172 ], [ -95.090919494628906, 28.805780410766602 ], [ -95.102027893066406, 28.791919708251953 ], [ -95.102188110351562, 28.791780471801758 ], [ -95.102317810058594, 28.791730880737305 ], [ -95.102462768554688, 28.791690826416016 ], [ -95.193382263183594, 28.785989761352539 ] ] ] } },
{ "type": "Feature", "properties": { "cluster_id": 93 }, "geometry": { "type": "Polygon", "coordinates": [ [ [ -90.268806457519531, 38.518718719482422 ], [ -90.268913269042969, 38.518749237060547 ], [ -90.268959045410156, 38.518768310546875 ], [ -90.26898193359375, 38.518779754638672 ], [ -90.268951416015625, 38.518848419189453 ], [ -90.188606262207031, 38.672920227050781 ], [ -90.188507080078125, 38.672969818115234 ], [ -90.188423156738281, 38.672988891601562 ], [ -90.185676574707031, 38.665630340576172 ], [ -90.182243347167969, 38.655120849609375 ], [ -90.175559997558594, 38.633529663085938 ], [ -90.175529479980469, 38.631889343261719 ], [ -90.190116882324219, 38.599010467529297 ], [ -90.268417358398438, 38.518760681152344 ], [ -90.268447875976562, 38.518730163574219 ], [ -90.268806457519531, 38.518718719482422 ] ] ] } },
{ "type": "Feature", "properties": { "cluster_id": 137 }, "geometry": { "type": "Polygon", "coordinates": [ [ [ -73.915809631347656, 40.924030303955078 ], [ -73.916847229003906, 40.926319122314453 ], [ -73.916618347167969, 40.927711486816406 ], [ -73.911247253417969, 40.948501586914062 ], [ -73.909950256347656, 40.949550628662109 ], [ -73.909721374511719, 40.949718475341797 ], [ -73.909378051757812, 40.949901580810547 ], [ -73.908950805664062, 40.950099945068359 ], [ -73.908821105957031, 40.950099945068359 ], [ -73.908470153808594, 40.950069427490234 ], [ -73.908073425292969, 40.9498291015625 ], [ -73.907981872558594, 40.949748992919922 ], [ -73.904869079589844, 40.935230255126953 ], [ -73.904869079589844, 40.935188293457031 ], [ -73.905349731445312, 40.928489685058594 ], [ -73.905693054199219, 40.927528381347656 ], [ -73.915809631347656, 40.924030303955078 ] ] ] } },
{ "type": "Feature", "properties": { "cluster_id": 3 }, "geometry": { "type": "Polygon", "coordinates": [ [ [ -90.111839294433594, 38.813228607177734 ], [ -90.11712646484375, 38.820999145507812 ], [ -90.144119262695312, 38.866939544677734 ], [ -90.144111633300781, 38.866970062255859 ], [ -90.14404296875, 38.866950988769531 ], [ -90.142303466796875, 38.866451263427734 ], [ -90.11572265625, 38.854129791259766 ], [ -90.112327575683594, 38.852249145507812 ], [ -90.109046936035156, 38.849811553955078 ], [ -90.1090087890625, 38.849758148193359 ], [ -90.108009338378906, 38.848339080810547 ], [ -90.10797119140625, 38.848258972167969 ], [ -90.107696533203125, 38.847518920898438 ], [ -90.106330871582031, 38.833499908447266 ], [ -90.109901428222656, 38.8177490234375 ], [ -90.109939575195312, 38.817588806152344 ], [ -90.111427307128906, 38.813579559326172 ], [ -90.111839294433594, 38.813228607177734 ] ] ] } },
{ "type": "Feature", "properties": { "cluster_id": 49 }, "geometry": { "type": "Polygon", "coordinates": [ [ [ -124.612457275390625, 48.367080688476562 ], [ -124.613197326660156, 48.368511199951172 ], [ -124.613197326660156, 48.368560791015625 ], [ -124.613189697265625, 48.368579864501953 ], [ -124.613136291503906, 48.368568420410156 ], [ -124.612442016601562, 48.367099761962891 ], [ -124.612442016601562, 48.367080688476562 ], [ -124.612457275390625, 48.367080688476562 ] ] ] } },
{ "type": "Feature", "properties": { "cluster_id": 96 }, "geometry": { "type": "Polygon", "coordinates": [ [ [ -124.320472717285156, 43.346309661865234 ], [ -124.320579528808594, 43.346401214599609 ], [ -124.320556640625, 43.346538543701172 ], [ -124.320541381835938, 43.346580505371094 ], [ -124.320518493652344, 43.346599578857422 ], [ -124.320220947265625, 43.346771240234375 ], [ -124.217041015625, 43.379970550537109 ], [ -124.211196899414062, 43.369171142578125 ], [ -124.211166381835938, 43.368999481201172 ], [ -124.211441040039062, 43.368171691894531 ], [ -124.320358276367188, 43.346328735351562 ], [ -124.320472717285156, 43.346309661865234 ] ] ] } },
{ "type": "Feature", "properties": { "cluster_id": 147 }, "geometry": { "type": "Polygon", "coordinates": [ [ [ -131.696304321289062, 55.354270935058594 ], [ -131.69720458984375, 55.354320526123047 ], [ -131.698562622070312, 55.354839324951172 ], [ -131.6986083984375, 55.3548583984375 ], [ -131.698654174804688, 55.354888916015625 ], [ -131.700607299804688, 55.356338500976562 ], [ -131.70062255859375, 55.356349945068359 ], [ -131.726806640625, 55.406421661376953 ], [ -131.726821899414062, 55.406459808349609 ], [ -131.726760864257812, 55.406459808349609 ], [ -131.697296142578125, 55.356151580810547 ], [ -131.696273803710938, 55.354290008544922 ], [ -131.696273803710938, 55.354278564453125 ], [ -131.6962890625, 55.354270935058594 ], [ -131.696304321289062, 55.354270935058594 ] ] ] } },
{ "type": "Feature", "properties": { "cluster_id": 191 }, "geometry": { "type": "Polygon", "coordinates": [ [ [ -146.5762939453125, 60.337188720703125 ], [ -146.577438354492188, 60.337409973144531 ], [ -146.578048706054688, 60.337539672851562 ], [ -146.578262329101562, 60.337688446044922 ], [ -146.578506469726562, 60.338008880615234 ], [ -146.5784912109375, 60.338169097900391 ], [ -146.578399658203125, 60.338481903076172 ], [ -146.577804565429688, 60.339260101318359 ], [ -146.558547973632812, 60.344749450683594 ], [ -146.55633544921875, 60.345020294189453 ], [ -146.554595947265625, 60.344329833984375 ], [ -146.55450439453125, 60.344200134277344 ], [ -146.554443359375, 60.344051361083984 ], [ -146.554534912109375, 60.343929290771484 ], [ -146.554550170898438, 60.343910217285156 ], [ -146.554611206054688, 60.343868255615234 ], [ -146.555267333984375, 60.343460083007812 ], [ -146.555313110351562, 60.343441009521484 ], [ -146.573638916015625, 60.337741851806641 ], [ -146.574691772460938, 60.337429046630859 ], [ -146.57550048828125, 60.33721923828125 ], [ -146.5762939453125, 60.337188720703125 ] ] ] } },
{ "type": "Feature", "properties": { "cluster_id": 27 }, "geometry": { "type": "Polygon", "coordinates": [ [ [ -123.620429992675781, 48.935859680175781 ], [ -123.728866577148438, 48.951641082763672 ], [ -123.729629516601562, 48.951801300048828 ], [ -123.790336608886719, 48.982318878173828 ], [ -123.812690734863281, 48.995441436767578 ], [ -123.811622619628906, 48.996299743652344 ], [ -123.762451171875, 49.019741058349609 ], [ -123.762260437011719, 49.019809722900391 ], [ -123.761917114257812, 49.019920349121094 ], [ -123.663948059082031, 49.047439575195312 ], [ -123.663131713867188, 49.047340393066406 ], [ -123.66265869140625, 49.047279357910156 ], [ -123.660491943359375, 49.046871185302734 ], [ -123.6597900390625, 49.046600341796875 ], [ -123.659278869628906, 49.046218872070312 ], [ -123.657920837402344, 49.045051574707031 ], [ -123.657493591308594, 49.044620513916016 ], [ -123.656822204589844, 49.043498992919922 ], [ -123.616043090820312, 48.956829071044922 ], [ -123.615928649902344, 48.956470489501953 ], [ -123.614936828613281, 48.943901062011719 ], [ -123.6171875, 48.937370300292969 ], [ -123.620429992675781, 48.935859680175781 ] ] ] } },
{ "type": "Feature", "properties": { "cluster_id": 297 }, "geometry": { "type": "Polygon", "coordinates": [ [ [ -117.884719848632812, 33.603271484375 ], [ -117.908279418945312, 33.606880187988281 ], [ -117.926681518554688, 33.61077880859375 ], [ -117.927490234375, 33.611740112304688 ], [ -117.927688598632812, 33.617748260498047 ], [ -117.927619934082031, 33.618240356445312 ], [ -117.927482604980469, 33.618221282958984 ], [ -117.918853759765625, 33.616668701171875 ], [ -117.9188232421875, 33.616661071777344 ], [ -117.895851135253906, 33.609729766845703 ], [ -117.884849548339844, 33.603378295898438 ], [ -117.884719848632812, 33.603271484375 ] ] ] } },
{ "type": "Feature", "properties": { "cluster_id": 171 }, "geometry": { "type": "Polygon", "coordinates": [ [ [ -87.640220642089844, 41.853279113769531 ], [ -87.658180236816406, 41.907089233398438 ], [ -87.660491943359375, 41.915950775146484 ], [ -87.660430908203125, 41.916030883789062 ], [ -87.602897644042969, 41.891120910644531 ], [ -87.602882385253906, 41.891078948974609 ], [ -87.602897644042969, 41.891048431396484 ], [ -87.602951049804688, 41.890979766845703 ], [ -87.635810852050781, 41.856479644775391 ], [ -87.636177062988281, 41.856201171875 ], [ -87.640190124511719, 41.853290557861328 ], [ -87.640220642089844, 41.853279113769531 ] ] ] } },
{ "type": "Feature", "properties": { "cluster_id": 164 }, "geometry": { "type": "Polygon", "coordinates": [ [ [ -82.569419860839844, 38.402881622314453 ], [ -82.572128295898438, 38.403518676757812 ], [ -82.581306457519531, 38.406768798828125 ], [ -82.596160888671875, 38.413238525390625 ], [ -82.636268615722656, 38.481151580810547 ], [ -82.636253356933594, 38.481201171875 ], [ -82.636238098144531, 38.481231689453125 ], [ -82.635940551757812, 38.481391906738281 ], [ -82.617172241210938, 38.472209930419922 ], [ -82.606132507324219, 38.464988708496094 ], [ -82.569427490234375, 38.402900695800781 ], [ -82.569419860839844, 38.402881622314453 ] ] ] } },
{ "type": "Feature", "properties": { "cluster_id": 28 }, "geometry": { "type": "Polygon", "coordinates": [ [ [ -85.209587097167969, 35.096469879150391 ], [ -85.209648132324219, 35.096511840820312 ], [ -85.209587097167969, 35.096519470214844 ], [ -85.209571838378906, 35.096519470214844 ], [ -85.209556579589844, 35.096500396728516 ], [ -85.209548950195312, 35.096488952636719 ], [ -85.209556579589844, 35.096469879150391 ], [ -85.209587097167969, 35.096469879150391 ] ] ] } },
{ "type": "Feature", "properties": { "cluster_id": 220 }, "geometry": { "type": "Polygon", "coordinates": [ [ [ -82.797897338867188, 38.560791015625 ], [ -82.802810668945312, 38.561580657958984 ], [ -82.803672790527344, 38.561790466308594 ], [ -82.806663513183594, 38.563091278076172 ], [ -82.807258605957031, 38.563381195068359 ], [ -82.808021545410156, 38.564838409423828 ], [ -82.790328979492188, 38.561901092529297 ], [ -82.7894287109375, 38.561660766601562 ], [ -82.797897338867188, 38.560791015625 ] ] ] } },
{ "type": "Feature", "properties": { "cluster_id": 293 }, "geometry": { "type": "Polygon", "coordinates": [ [ [ -85.607131958007812, 44.766319274902344 ], [ -85.607223510742188, 44.766349792480469 ], [ -85.607223510742188, 44.766368865966797 ], [ -85.607208251953125, 44.766441345214844 ], [ -85.60711669921875, 44.766460418701172 ], [ -85.607078552246094, 44.76641845703125 ], [ -85.607078552246094, 44.766410827636719 ], [ -85.607093811035156, 44.766361236572266 ], [ -85.607109069824219, 44.766330718994141 ], [ -85.607131958007812, 44.766319274902344 ] ] ] } },
{ "type": "Feature", "properties": { "cluster_id": 46 }, "geometry": { "type": "Polygon", "coordinates": [ [ [ -119.265533447265625, 34.250068664550781 ], [ -119.265678405761719, 34.250080108642578 ], [ -119.265701293945312, 34.250118255615234 ], [ -119.265708923339844, 34.250198364257812 ], [ -119.265663146972656, 34.250278472900391 ], [ -119.265579223632812, 34.250301361083984 ], [ -119.265419006347656, 34.250209808349609 ], [ -119.265419006347656, 34.250190734863281 ], [ -119.265533447265625, 34.250068664550781 ] ] ] } },
{ "type": "Feature", "properties": { "cluster_id": 9 }, "geometry": { "type": "Polygon", "coordinates": [ [ [ -73.549110412597656, 45.493179321289062 ], [ -73.549209594726562, 45.493251800537109 ], [ -73.543830871582031, 45.523750305175781 ], [ -73.541923522949219, 45.529731750488281 ], [ -73.539726257324219, 45.535808563232422 ], [ -73.503471374511719, 45.617599487304688 ], [ -73.498672485351562, 45.625408172607422 ], [ -73.4986572265625, 45.625431060791016 ], [ -73.491523742675781, 45.631278991699219 ], [ -73.482902526855469, 45.636940002441406 ], [ -73.481498718261719, 45.6373291015625 ], [ -73.481330871582031, 45.6373291015625 ], [ -73.481002807617188, 45.637001037597656 ], [ -73.504348754882812, 45.583751678466797 ], [ -73.545356750488281, 45.495700836181641 ], [ -73.548980712890625, 45.493240356445312 ], [ -73.549018859863281, 45.493221282958984 ], [ -73.549110412597656, 45.493179321289062 ] ] ] } },
{ "type": "Feature", "properties": { "cluster_id": 61 }, "geometry": { "type": "Polygon", "coordinates": [ [ [ -88.276107788085938, 29.721099853515625 ], [ -88.276527404785156, 29.72113037109375 ], [ -88.276969909667969, 29.721279144287109 ], [ -88.277496337890625, 29.721490859985352 ], [ -88.277938842773438, 29.721799850463867 ], [ -88.277999877929688, 29.721860885620117 ], [ -88.2923583984375, 29.741220474243164 ], [ -88.292503356933594, 29.741430282592773 ], [ -88.2926025390625, 29.741680145263672 ], [ -88.292900085449219, 29.754280090332031 ], [ -88.292762756347656, 29.756069183349609 ], [ -88.292686462402344, 29.756280899047852 ], [ -88.292610168457031, 29.756359100341797 ], [ -88.291610717773438, 29.757179260253906 ], [ -88.291427612304688, 29.757299423217773 ], [ -88.287933349609375, 29.759059906005859 ], [ -88.284759521484375, 29.759479522705078 ], [ -88.281219482421875, 29.749479293823242 ], [ -88.272796630859375, 29.723379135131836 ], [ -88.272789001464844, 29.723350524902344 ], [ -88.2728271484375, 29.723310470581055 ], [ -88.273017883300781, 29.723150253295898 ], [ -88.275962829589844, 29.721109390258789 ], [ -88.276107788085938, 29.721099853515625 ] ] ] } },
{ "type": "Feature", "properties": { "cluster_id": 68 }, "geometry": { "type": "Polygon", "coordinates": [ [ [ -89.836097717285156, 30.069770812988281 ], [ -89.836212158203125, 30.069780349731445 ], [ -89.844993591308594, 30.07798957824707 ], [ -89.84490966796875, 30.077980041503906 ], [ -89.842796325683594, 30.077009201049805 ], [ -89.842727661132812, 30.076940536499023 ], [ -89.836036682128906, 30.069969177246094 ], [ -89.836029052734375, 30.069829940795898 ], [ -89.836036682128906, 30.069789886474609 ], [ -89.836097717285156, 30.069770812988281 ] ] ] } },
{ "type": "Feature", "properties": { "cluster_id": 128 }, "geometry": { "type": "Polygon", "coordinates": [ [ [ -94.691001892089844, 28.657669067382812 ], [ -94.698623657226562, 28.659090042114258 ], [ -94.716827392578125, 28.66533088684082 ], [ -94.683830261230469, 28.730810165405273 ], [ -94.683822631835938, 28.730819702148438 ], [ -94.681571960449219, 28.731870651245117 ], [ -94.68145751953125, 28.73192024230957 ], [ -94.477317810058594, 28.762369155883789 ], [ -94.474746704101562, 28.762599945068359 ], [ -94.471641540527344, 28.761569976806641 ], [ -94.342521667480469, 28.708560943603516 ], [ -94.342483520507812, 28.708520889282227 ], [ -94.342460632324219, 28.708490371704102 ], [ -94.342453002929688, 28.708459854125977 ], [ -94.342483520507812, 28.708349227905273 ], [ -94.343299865722656, 28.707500457763672 ], [ -94.651008605957031, 28.657810211181641 ], [ -94.690826416015625, 28.657669067382812 ], [ -94.691001892089844, 28.657669067382812 ] ] ] } },
{ "type": "Feature", "properties": { "cluster_id": 48 }, "geometry": { "type": "Polygon", "coordinates": [ [ [ -89.396026611328125, 28.822460174560547 ], [ -89.538261413574219, 28.873750686645508 ], [ -89.540138244628906, 28.876070022583008 ], [ -89.540313720703125, 28.876760482788086 ], [ -89.540313720703125, 28.876789093017578 ], [ -89.400032043457031, 29.037590026855469 ], [ -89.39996337890625, 29.037609100341797 ], [ -89.399887084960938, 29.037590026855469 ], [ -89.393478393554688, 29.03533935546875 ], [ -89.392570495605469, 29.034759521484375 ], [ -89.392478942871094, 29.034690856933594 ], [ -89.324638366699219, 28.917299270629883 ], [ -89.324577331542969, 28.917150497436523 ], [ -89.319366455078125, 28.886810302734375 ], [ -89.320869445800781, 28.87476921081543 ], [ -89.320930480957031, 28.874710083007812 ], [ -89.396026611328125, 28.822460174560547 ] ] ] } },
{ "type": "Feature", "properties": { "cluster_id": 209 }, "geometry": { "type": "Polygon", "coordinates": [ [ [ -123.390457153320312, 48.414508819580078 ], [ -123.390571594238281, 48.414520263671875 ], [ -123.436798095703125, 48.433681488037109 ], [ -123.44793701171875, 48.439968109130859 ], [ -123.447982788085938, 48.440689086914062 ], [ -123.447982788085938, 48.440700531005859 ], [ -123.444671630859375, 48.441169738769531 ], [ -123.444358825683594, 48.441139221191406 ], [ -123.375106811523438, 48.431980133056641 ], [ -123.370452880859375, 48.422779083251953 ], [ -123.37042236328125, 48.422691345214844 ], [ -123.370689392089844, 48.421398162841797 ], [ -123.39044189453125, 48.414508819580078 ], [ -123.390457153320312, 48.414508819580078 ] ] ] } },
{ "type": "Feature", "properties": { "cluster_id": 129 }, "geometry": { "type": "Polygon", "coordinates": [ [ [ -66.10723876953125, 18.429380416870117 ], [ -66.10748291015625, 18.429389953613281 ], [ -66.110282897949219, 18.430000305175781 ], [ -66.110321044921875, 18.430019378662109 ], [ -66.133110046386719, 18.486660003662109 ], [ -66.091712951660156, 18.460559844970703 ], [ -66.09033203125, 18.459169387817383 ], [ -66.086708068847656, 18.447799682617188 ], [ -66.086708068847656, 18.447759628295898 ], [ -66.089828491210938, 18.438259124755859 ], [ -66.089889526367188, 18.438159942626953 ], [ -66.090621948242188, 18.437690734863281 ], [ -66.100318908691406, 18.431779861450195 ], [ -66.103797912597656, 18.429920196533203 ], [ -66.103981018066406, 18.429830551147461 ], [ -66.10723876953125, 18.429380416870117 ] ] ] } },
{ "type": "Feature", "properties": { "cluster_id": 113 }, "geometry": { "type": "Polygon", "coordinates": [ [ [ -80.135711669921875, 42.715839385986328 ], [ -80.138442993164062, 42.716220855712891 ], [ -80.1402587890625, 42.717491149902344 ], [ -80.150047302246094, 42.728851318359375 ], [ -80.150711059570312, 42.731739044189453 ], [ -80.150703430175781, 42.73175048828125 ], [ -80.043502807617188, 42.798019409179688 ], [ -80.043418884277344, 42.798049926757812 ], [ -80.043357849121094, 42.798069000244141 ], [ -80.043327331542969, 42.798030853271484 ], [ -80.043998718261719, 42.796718597412109 ], [ -80.135566711425781, 42.715888977050781 ], [ -80.135711669921875, 42.715839385986328 ] ] ] } },
{ "type": "Feature", "properties": { "cluster_id": 202 }, "geometry": { "type": "Polygon", "coordinates": [ [ [ -156.6820068359375, 20.855550765991211 ], [ -156.683670043945312, 20.855779647827148 ], [ -156.687240600585938, 20.862360000610352 ], [ -156.685394287109375, 20.865169525146484 ], [ -156.685302734375, 20.865299224853516 ], [ -156.685226440429688, 20.865400314331055 ], [ -156.685134887695312, 20.865470886230469 ], [ -156.684906005859375, 20.865560531616211 ], [ -156.46942138671875, 20.898479461669922 ], [ -156.469406127929688, 20.898479461669922 ], [ -156.468887329101562, 20.898269653320312 ], [ -156.466110229492188, 20.896600723266602 ], [ -156.465972900390625, 20.896499633789062 ], [ -156.465972900390625, 20.896450042724609 ], [ -156.465988159179688, 20.894809722900391 ], [ -156.46600341796875, 20.894769668579102 ], [ -156.466094970703125, 20.894729614257812 ], [ -156.6820068359375, 20.855550765991211 ] ] ] } },
{ "type": "Feature", "properties": { "cluster_id": 105 }, "geometry": { "type": "Polygon", "coordinates": [ [ [ -70.654411315917969, 42.608680725097656 ], [ -70.654426574707031, 42.608688354492188 ], [ -70.654441833496094, 42.608699798583984 ], [ -70.654449462890625, 42.608718872070312 ], [ -70.654449462890625, 42.608730316162109 ], [ -70.65435791015625, 42.615108489990234 ], [ -70.654289245605469, 42.615291595458984 ], [ -70.654098510742188, 42.615390777587891 ], [ -70.653976440429688, 42.615329742431641 ], [ -70.65191650390625, 42.612560272216797 ], [ -70.651931762695312, 42.612480163574219 ], [ -70.654388427734375, 42.608688354492188 ], [ -70.654411315917969, 42.608680725097656 ] ] ] } },
{ "type": "Feature", "properties": { "cluster_id": 275 }, "geometry": { "type": "Polygon", "coordinates": [ [ [ -96.835128784179688, 27.322490692138672 ], [ -96.832481384277344, 27.338079452514648 ], [ -96.832443237304688, 27.338169097900391 ], [ -96.832206726074219, 27.338710784912109 ], [ -96.831878662109375, 27.339160919189453 ], [ -96.831459045410156, 27.339559555053711 ], [ -96.831192016601562, 27.339750289916992 ], [ -96.830947875976562, 27.339860916137695 ], [ -96.830528259277344, 27.340030670166016 ], [ -96.830520629882812, 27.340030670166016 ], [ -96.828666687011719, 27.33905029296875 ], [ -96.827339172363281, 27.330940246582031 ], [ -96.828132629394531, 27.325250625610352 ], [ -96.831901550292969, 27.322839736938477 ], [ -96.832328796386719, 27.32267951965332 ], [ -96.835128784179688, 27.322490692138672 ] ] ] } },
{ "type": "Feature", "properties": { "cluster_id": 44 }, "geometry": { "type": "Polygon", "coordinates": [ [ [ -88.031951904296875, 30.06144905090332 ], [ -88.113487243652344, 30.064889907836914 ], [ -88.114181518554688, 30.064939498901367 ], [ -88.11517333984375, 30.065090179443359 ], [ -88.11566162109375, 30.065330505371094 ], [ -88.116493225097656, 30.065980911254883 ], [ -88.11663818359375, 30.066240310668945 ], [ -88.116798400878906, 30.066579818725586 ], [ -88.116813659667969, 30.066619873046875 ], [ -88.1168212890625, 30.066640853881836 ], [ -88.117561340332031, 30.068780899047852 ], [ -88.117507934570312, 30.069469451904297 ], [ -88.117446899414062, 30.069580078125 ], [ -88.1072998046875, 30.081960678100586 ], [ -88.1038818359375, 30.085809707641602 ], [ -88.080642700195312, 30.088550567626953 ], [ -88.079322814941406, 30.088630676269531 ], [ -88.055328369140625, 30.088109970092773 ], [ -88.054786682128906, 30.088079452514648 ], [ -88.054039001464844, 30.087959289550781 ], [ -88.033073425292969, 30.084529876708984 ], [ -88.032127380371094, 30.083749771118164 ], [ -88.031303405761719, 30.08098030090332 ], [ -88.029266357421875, 30.065200805664062 ], [ -88.029251098632812, 30.064970016479492 ], [ -88.029258728027344, 30.064889907836914 ], [ -88.029617309570312, 30.062559127807617 ], [ -88.030029296875, 30.061929702758789 ], [ -88.030166625976562, 30.061859130859375 ], [ -88.030830383300781, 30.061550140380859 ], [ -88.0311279296875, 30.061470031738281 ], [ -88.031951904296875, 30.06144905090332 ] ] ] } },
{ "type": "Feature", "properties": { "cluster_id": 243 }, "geometry": { "type": "Polygon", "coordinates": [ [ [ -78.133331298828125, 33.760749816894531 ], [ -78.133453369140625, 33.760768890380859 ], [ -78.133529663085938, 33.760799407958984 ], [ -78.133552551269531, 33.760818481445312 ], [ -78.133621215820312, 33.760879516601562 ], [ -78.13372802734375, 33.760978698730469 ], [ -78.133796691894531, 33.761081695556641 ], [ -78.133827209472656, 33.76123046875 ], [ -78.133827209472656, 33.761280059814453 ], [ -78.133750915527344, 33.761451721191406 ], [ -78.1334228515625, 33.762180328369141 ], [ -78.133369445800781, 33.762298583984375 ], [ -78.105613708496094, 33.790859222412109 ], [ -78.105392456054688, 33.791069030761719 ], [ -78.105140686035156, 33.791259765625 ], [ -78.105087280273438, 33.791278839111328 ], [ -78.105026245117188, 33.791290283203125 ], [ -78.105003356933594, 33.791290283203125 ], [ -78.103759765625, 33.790771484375 ], [ -78.109718322753906, 33.775459289550781 ], [ -78.109832763671875, 33.775199890136719 ], [ -78.110000610351562, 33.774929046630859 ], [ -78.11004638671875, 33.774860382080078 ], [ -78.13165283203125, 33.761581420898438 ], [ -78.13330078125, 33.760749816894531 ], [ -78.133331298828125, 33.760749816894531 ] ] ] } },
{ "type": "Feature", "properties": { "cluster_id": 245 }, "geometry": { "type": "Polygon", "coordinates": [ [ [ -91.751220703125, 30.484319686889648 ], [ -91.751419067382812, 30.484380722045898 ], [ -91.759353637695312, 30.496559143066406 ], [ -91.743400573730469, 30.530950546264648 ], [ -91.743370056152344, 30.530950546264648 ], [ -91.733848571777344, 30.524040222167969 ], [ -91.7510986328125, 30.484350204467773 ], [ -91.751121520996094, 30.484340667724609 ], [ -91.751220703125, 30.484319686889648 ] ] ] } },
{ "type": "Feature", "properties": { "cluster_id": 155 }, "geometry": { "type": "Polygon", "coordinates": [ [ [ -155.8280029296875, 20.034429550170898 ], [ -155.828201293945312, 20.034509658813477 ], [ -155.830856323242188, 20.037599563598633 ], [ -155.830856323242188, 20.037630081176758 ], [ -155.830825805664062, 20.037679672241211 ], [ -155.830764770507812, 20.037740707397461 ], [ -155.830703735351562, 20.037769317626953 ], [ -155.829086303710938, 20.036239624023438 ], [ -155.828353881835938, 20.035390853881836 ], [ -155.827957153320312, 20.034690856933594 ], [ -155.827957153320312, 20.03462028503418 ], [ -155.827972412109375, 20.034460067749023 ], [ -155.827987670898438, 20.034429550170898 ], [ -155.8280029296875, 20.034429550170898 ] ] ] } },
{ "type": "Feature", "properties": { "cluster_id": 267 }, "geometry": { "type": "Polygon", "coordinates": [ [ [ -86.485671997070312, 30.481119155883789 ], [ -86.485992431640625, 30.481180191040039 ], [ -86.482597351074219, 30.511550903320312 ], [ -86.482322692871094, 30.511749267578125 ], [ -86.482276916503906, 30.511749267578125 ], [ -86.482246398925781, 30.511720657348633 ], [ -86.482246398925781, 30.511680603027344 ], [ -86.485649108886719, 30.481229782104492 ], [ -86.485671997070312, 30.481119155883789 ] ] ] } },
{ "type": "Feature", "properties": { "cluster_id": 21 }, "geometry": { "type": "Polygon", "coordinates": [ [ [ -78.028152465820312, 33.917171478271484 ], [ -78.028160095214844, 33.917179107666016 ], [ -78.028167724609375, 33.917190551757812 ], [ -78.028167724609375, 33.917209625244141 ], [ -77.95416259765625, 34.006721496582031 ], [ -77.953857421875, 34.006679534912109 ], [ -77.953773498535156, 34.006649017333984 ], [ -77.953392028808594, 34.006439208984375 ], [ -77.953323364257812, 34.006141662597656 ], [ -77.985816955566406, 33.933849334716797 ], [ -77.985908508300781, 33.933750152587891 ], [ -78.02813720703125, 33.917171478271484 ], [ -78.028152465820312, 33.917171478271484 ] ] ] } },
{ "type": "Feature", "properties": { "cluster_id": 133 }, "geometry": { "type": "Polygon", "coordinates": [ [ [ -76.40032958984375, 38.919681549072266 ], [ -76.412338256835938, 38.920368194580078 ], [ -76.522323608398438, 38.943550109863281 ], [ -76.522323608398438, 38.943599700927734 ], [ -76.522308349609375, 38.943618774414062 ], [ -76.467742919921875, 38.984088897705078 ], [ -76.4676513671875, 38.984149932861328 ], [ -76.467620849609375, 38.984161376953125 ], [ -76.467567443847656, 38.984180450439453 ], [ -76.332626342773438, 38.979179382324219 ], [ -76.3326416015625, 38.979118347167969 ], [ -76.332656860351562, 38.979080200195312 ], [ -76.332679748535156, 38.979049682617188 ], [ -76.397163391113281, 38.920570373535156 ], [ -76.397476196289062, 38.92034912109375 ], [ -76.397789001464844, 38.920219421386719 ], [ -76.398101806640625, 38.920108795166016 ], [ -76.398361206054688, 38.920021057128906 ], [ -76.399429321289062, 38.9197998046875 ], [ -76.399566650390625, 38.919780731201172 ], [ -76.40032958984375, 38.919681549072266 ] ] ] } },
{ "type": "Feature", "properties": { "cluster_id": 280 }, "geometry": { "type": "Polygon", "coordinates": [ [ [ -66.626289367675781, 17.966129302978516 ], [ -66.763496398925781, 17.97089958190918 ], [ -66.76690673828125, 17.971639633178711 ], [ -66.766921997070312, 17.971660614013672 ], [ -66.777412414550781, 17.994100570678711 ], [ -66.777389526367188, 17.994329452514648 ], [ -66.777381896972656, 17.994359970092773 ], [ -66.777366638183594, 17.994409561157227 ], [ -66.777297973632812, 17.994609832763672 ], [ -66.777168273925781, 17.994899749755859 ], [ -66.765533447265625, 18.006130218505859 ], [ -66.765228271484375, 18.006250381469727 ], [ -66.765220642089844, 18.006250381469727 ], [ -66.618148803710938, 17.973159790039062 ], [ -66.61810302734375, 17.970430374145508 ], [ -66.618148803710938, 17.970390319824219 ], [ -66.626289367675781, 17.966129302978516 ] ] ] } },
{ "type": "Feature", "properties": { "cluster_id": 261 }, "geometry": { "type": "Polygon", "coordinates": [ [ [ -76.680419921875, 34.805278778076172 ], [ -76.682083129882812, 34.806179046630859 ], [ -76.682098388671875, 34.806190490722656 ], [ -76.682113647460938, 34.806228637695312 ], [ -76.682083129882812, 34.806278228759766 ], [ -76.682052612304688, 34.806278228759766 ], [ -76.680450439453125, 34.805549621582031 ], [ -76.680328369140625, 34.805438995361328 ], [ -76.68035888671875, 34.805339813232422 ], [ -76.680366516113281, 34.805328369140625 ], [ -76.680419921875, 34.805278778076172 ] ] ] } },
{ "type": "Feature", "properties": { "cluster_id": 33 }, "geometry": { "type": "Polygon", "coordinates": [ [ [ -97.212532043457031, 26.055450439453125 ], [ -97.214042663574219, 26.05702018737793 ], [ -97.215278625488281, 26.061269760131836 ], [ -97.215263366699219, 26.061290740966797 ], [ -97.215240478515625, 26.061300277709961 ], [ -97.093460083007812, 26.096609115600586 ], [ -97.087127685546875, 26.09490966796875 ], [ -97.087860107421875, 26.092140197753906 ], [ -97.212532043457031, 26.055450439453125 ] ] ] } },
{ "type": "Feature", "properties": { "cluster_id": 262 }, "geometry": { "type": "Polygon", "coordinates": [ [ [ -74.610542297363281, 38.490489959716797 ], [ -74.612541198730469, 38.491138458251953 ], [ -74.678077697753906, 38.525150299072266 ], [ -74.678253173828125, 38.525249481201172 ], [ -74.677520751953125, 38.529949188232422 ], [ -74.677482604980469, 38.529998779296875 ], [ -74.677398681640625, 38.529979705810547 ], [ -74.652290344238281, 38.524089813232422 ], [ -74.608360290527344, 38.494281768798828 ], [ -74.607597351074219, 38.4935302734375 ], [ -74.607589721679688, 38.493461608886719 ], [ -74.607620239257812, 38.493000030517578 ], [ -74.607627868652344, 38.492961883544922 ], [ -74.607658386230469, 38.492820739746094 ], [ -74.607681274414062, 38.492740631103516 ], [ -74.607757568359375, 38.492519378662109 ], [ -74.607818603515625, 38.492401123046875 ], [ -74.607887268066406, 38.492271423339844 ], [ -74.608009338378906, 38.492080688476562 ], [ -74.608016967773438, 38.492069244384766 ], [ -74.608100891113281, 38.491958618164062 ], [ -74.608329772949219, 38.491680145263672 ], [ -74.608512878417969, 38.491481781005859 ], [ -74.608718872070312, 38.491291046142578 ], [ -74.608909606933594, 38.491168975830078 ], [ -74.608993530273438, 38.491119384765625 ], [ -74.609138488769531, 38.491039276123047 ], [ -74.609207153320312, 38.491008758544922 ], [ -74.61029052734375, 38.490550994873047 ], [ -74.610336303710938, 38.49053955078125 ], [ -74.610542297363281, 38.490489959716797 ] ] ] } },
{ "type": "Feature", "properties": { "cluster_id": 168 }, "geometry": { "type": "Polygon", "coordinates": [ [ [ -80.557327270507812, 28.347429275512695 ], [ -80.557952880859375, 28.347700119018555 ], [ -80.630172729492188, 28.408130645751953 ], [ -80.630462646484375, 28.408510208129883 ], [ -80.62982177734375, 28.415750503540039 ], [ -80.625579833984375, 28.417779922485352 ], [ -80.625572204589844, 28.417779922485352 ], [ -80.579246520996094, 28.409040451049805 ], [ -80.570823669433594, 28.405599594116211 ], [ -80.540130615234375, 28.358009338378906 ], [ -80.540863037109375, 28.357400894165039 ], [ -80.557220458984375, 28.347469329833984 ], [ -80.557296752929688, 28.347429275512695 ], [ -80.557327270507812, 28.347429275512695 ] ] ] } },
{ "type": "Feature", "properties": { "cluster_id": 318 }, "geometry": { "type": "Polygon", "coordinates": [ [ [ -82.458297729492188, 42.907150268554688 ], [ -82.458343505859375, 42.907180786132812 ], [ -82.458351135253906, 42.907218933105469 ], [ -82.459556579589844, 42.924041748046875 ], [ -82.459556579589844, 42.924049377441406 ], [ -82.424560546875, 42.986370086669922 ], [ -82.417900085449219, 42.9923095703125 ], [ -82.417892456054688, 42.9923095703125 ], [ -82.4178466796875, 42.992298126220703 ], [ -82.417831420898438, 42.992290496826172 ], [ -82.357398986816406, 42.959541320800781 ], [ -82.357383728027344, 42.959480285644531 ], [ -82.357391357421875, 42.959468841552734 ], [ -82.357398986816406, 42.959461212158203 ], [ -82.458282470703125, 42.907150268554688 ], [ -82.458297729492188, 42.907150268554688 ] ] ] } },
{ "type": "Feature", "properties": { "cluster_id": 162 }, "geometry": { "type": "Polygon", "coordinates": [ [ [ -87.324508666992188, 41.616199493408203 ], [ -87.586280822753906, 41.641880035400391 ], [ -87.5863037109375, 41.641960144042969 ], [ -87.590187072753906, 41.667278289794922 ], [ -87.590080261230469, 41.667549133300781 ], [ -87.589912414550781, 41.667858123779297 ], [ -87.542442321777344, 41.725299835205078 ], [ -87.541030883789062, 41.725830078125 ], [ -87.540718078613281, 41.725860595703125 ], [ -87.158958435058594, 41.6361083984375 ], [ -87.158790588378906, 41.636028289794922 ], [ -87.158760070800781, 41.635898590087891 ], [ -87.15875244140625, 41.635829925537109 ], [ -87.15875244140625, 41.635818481445312 ], [ -87.158828735351562, 41.630451202392578 ], [ -87.324508666992188, 41.616199493408203 ] ] ] } },
{ "type": "Feature", "properties": { "cluster_id": 179 }, "geometry": { "type": "Polygon", "coordinates": [ [ [ -71.510612487792969, 41.380001068115234 ], [ -71.511192321777344, 41.380111694335938 ], [ -71.511207580566406, 41.380130767822266 ], [ -71.511131286621094, 41.380321502685547 ], [ -71.511093139648438, 41.380348205566406 ], [ -71.510711669921875, 41.380348205566406 ], [ -71.510597229003906, 41.380020141601562 ], [ -71.510612487792969, 41.380001068115234 ] ] ] } },
{ "type": "Feature", "properties": { "cluster_id": 238 }, "geometry": { "type": "Polygon", "coordinates": [ [ [ -94.827133178710938, 35.369159698486328 ], [ -94.828193664550781, 35.369220733642578 ], [ -94.828300476074219, 35.369258880615234 ], [ -94.828300476074219, 35.369350433349609 ], [ -94.828292846679688, 35.369369506835938 ], [ -94.828269958496094, 35.369419097900391 ], [ -94.827117919921875, 35.369701385498047 ], [ -94.827011108398438, 35.369598388671875 ], [ -94.827049255371094, 35.369308471679688 ], [ -94.82708740234375, 35.369159698486328 ], [ -94.827133178710938, 35.369159698486328 ] ] ] } },
{ "type": "Feature", "properties": { "cluster_id": 94 }, "geometry": { "type": "Polygon", "coordinates": [ [ [ -82.618240356445312, 27.371759414672852 ], [ -82.618270874023438, 27.371780395507812 ], [ -82.618270874023438, 27.371829986572266 ], [ -82.618240356445312, 27.37183952331543 ], [ -82.618217468261719, 27.371829986572266 ], [ -82.618202209472656, 27.371810913085938 ], [ -82.618202209472656, 27.371780395507812 ], [ -82.618217468261719, 27.371759414672852 ], [ -82.618240356445312, 27.371759414672852 ] ] ] } },
{ "type": "Feature", "properties": { "cluster_id": 249 }, "geometry": { "type": "Polygon", "coordinates": [ [ [ -86.333572387695312, 43.229598999023438 ], [ -86.333602905273438, 43.229629516601562 ], [ -86.333602905273438, 43.229671478271484 ], [ -86.333549499511719, 43.229698181152344 ], [ -86.244033813476562, 43.243549346923828 ], [ -86.243988037109375, 43.243488311767578 ], [ -86.243988037109375, 43.243450164794922 ], [ -86.244041442871094, 43.243408203125 ], [ -86.333549499511719, 43.229598999023438 ], [ -86.333572387695312, 43.229598999023438 ] ] ] } },
{ "type": "Feature", "properties": { "cluster_id": 8 }, "geometry": { "type": "Polygon", "coordinates": [ [ [ -73.757820129394531, 42.616031646728516 ], [ -73.757843017578125, 42.616050720214844 ], [ -73.757041931152344, 42.623218536376953 ], [ -73.756217956542969, 42.625118255615234 ], [ -73.754852294921875, 42.628170013427734 ], [ -73.754562377929688, 42.628768920898438 ], [ -73.754043579101562, 42.629409790039062 ], [ -73.753990173339844, 42.629398345947266 ], [ -73.753837585449219, 42.629261016845703 ], [ -73.753570556640625, 42.628978729248047 ], [ -73.757682800292969, 42.616119384765625 ], [ -73.757736206054688, 42.616031646728516 ], [ -73.757820129394531, 42.616031646728516 ] ] ] } },
{ "type": "Feature", "properties": { "cluster_id": 152 }, "geometry": { "type": "Polygon", "coordinates": [ [ [ -85.705093383789062, 30.16819953918457 ], [ -85.754463195800781, 30.169879913330078 ], [ -85.75762939453125, 30.171609878540039 ], [ -85.757591247558594, 30.171670913696289 ], [ -85.732940673828125, 30.182830810546875 ], [ -85.732780456542969, 30.182830810546875 ], [ -85.704986572265625, 30.168279647827148 ], [ -85.704971313476562, 30.16826057434082 ], [ -85.704963684082031, 30.168249130249023 ], [ -85.704940795898438, 30.168209075927734 ], [ -85.704978942871094, 30.16819953918457 ], [ -85.705093383789062, 30.16819953918457 ] ] ] } },
{ "type": "Feature", "properties": { "cluster_id": 151 }, "geometry": { "type": "Polygon", "coordinates": [ [ [ -89.215438842773438, 48.407470703125 ], [ -89.221549987792969, 48.409618377685547 ], [ -89.221588134765625, 48.409648895263672 ], [ -89.221611022949219, 48.409740447998047 ], [ -89.221603393554688, 48.409759521484375 ], [ -89.21295166015625, 48.417610168457031 ], [ -89.212936401367188, 48.417621612548828 ], [ -89.212921142578125, 48.417610168457031 ], [ -89.212860107421875, 48.417270660400391 ], [ -89.215400695800781, 48.407489776611328 ], [ -89.215431213378906, 48.407470703125 ], [ -89.215438842773438, 48.407470703125 ] ] ] } },
{ "type": "Feature", "properties": { "cluster_id": 213 }, "geometry": { "type": "Polygon", "coordinates": [ [ [ -122.398719787597656, 47.780918121337891 ], [ -122.495307922363281, 47.793979644775391 ], [ -122.495620727539062, 47.794029235839844 ], [ -122.495628356933594, 47.794090270996094 ], [ -122.495620727539062, 47.79412841796875 ], [ -122.494422912597656, 47.794940948486328 ], [ -122.386680603027344, 47.813800811767578 ], [ -122.397911071777344, 47.782291412353516 ], [ -122.398529052734375, 47.780990600585938 ], [ -122.398719787597656, 47.780918121337891 ] ] ] } },
{ "type": "Feature", "properties": { "cluster_id": 274 }, "geometry": { "type": "Polygon", "coordinates": [ [ [ -77.017669677734375, 38.784828186035156 ], [ -77.018959045410156, 38.785198211669922 ], [ -77.019058227539062, 38.78533935546875 ], [ -77.019050598144531, 38.785621643066406 ], [ -77.01904296875, 38.785808563232422 ], [ -77.01873779296875, 38.785869598388672 ], [ -77.018539428710938, 38.785808563232422 ], [ -77.017669677734375, 38.784828186035156 ] ] ] } },
{ "type": "Feature", "properties": { "cluster_id": 258 }, "geometry": { "type": "Polygon", "coordinates": [ [ [ -75.50836181640625, 39.703601837158203 ], [ -75.508377075195312, 39.703609466552734 ], [ -75.508537292480469, 39.703701019287109 ], [ -75.529380798339844, 39.720909118652344 ], [ -75.529617309570312, 39.72113037109375 ], [ -75.529632568359375, 39.721149444580078 ], [ -75.529647827148438, 39.721179962158203 ], [ -75.529647827148438, 39.721351623535156 ], [ -75.505012512207031, 39.71881103515625 ], [ -75.500686645507812, 39.717670440673828 ], [ -75.499519348144531, 39.716968536376953 ], [ -75.499336242675781, 39.716831207275391 ], [ -75.499259948730469, 39.712638854980469 ], [ -75.499267578125, 39.712570190429688 ], [ -75.499313354492188, 39.712249755859375 ], [ -75.499488830566406, 39.711868286132812 ], [ -75.499641418457031, 39.711658477783203 ], [ -75.499717712402344, 39.711559295654297 ], [ -75.507736206054688, 39.703750610351562 ], [ -75.50823974609375, 39.703609466552734 ], [ -75.50836181640625, 39.703601837158203 ] ] ] } },
{ "type": "Feature", "properties": { "cluster_id": 234 }, "geometry": { "type": "Polygon", "coordinates": [ [ [ -76.609260559082031, 37.166030883789062 ], [ -76.634109497070312, 37.168361663818359 ], [ -76.633926391601562, 37.168430328369141 ], [ -76.63330078125, 37.168609619140625 ], [ -76.607917785644531, 37.167289733886719 ], [ -76.607856750488281, 37.167251586914062 ], [ -76.607841491699219, 37.167240142822266 ], [ -76.607818603515625, 37.167221069335938 ], [ -76.607818603515625, 37.167179107666016 ], [ -76.607826232910156, 37.167140960693359 ], [ -76.608200073242188, 37.166610717773438 ], [ -76.609237670898438, 37.166030883789062 ], [ -76.609260559082031, 37.166030883789062 ] ] ] } },
{ "type": "Feature", "properties": { "cluster_id": 301 }, "geometry": { "type": "Polygon", "coordinates": [ [ [ -76.309051513671875, 37.487819671630859 ], [ -76.309066772460938, 37.487831115722656 ], [ -76.309051513671875, 37.487918853759766 ], [ -76.309028625488281, 37.487911224365234 ], [ -76.30902099609375, 37.487899780273438 ], [ -76.30902099609375, 37.487861633300781 ], [ -76.309028625488281, 37.487831115722656 ], [ -76.309051513671875, 37.487819671630859 ] ] ] } },
{ "type": "Feature", "properties": { "cluster_id": 207 }, "geometry": { "type": "Polygon", "coordinates": [ [ [ -81.657730102539062, 29.987070083618164 ], [ -81.663169860839844, 29.989330291748047 ], [ -81.657173156738281, 29.987529754638672 ], [ -81.657150268554688, 29.987520217895508 ], [ -81.657142639160156, 29.987510681152344 ], [ -81.657127380371094, 29.987489700317383 ], [ -81.657119750976562, 29.987470626831055 ], [ -81.657127380371094, 29.98744010925293 ], [ -81.657722473144531, 29.987070083618164 ], [ -81.657730102539062, 29.987070083618164 ] ] ] } },
{ "type": "Feature", "properties": { "cluster_id": 85 }, "geometry": { "type": "Polygon", "coordinates": [ [ [ -90.446006774902344, 34.738239288330078 ], [ -90.446037292480469, 34.738269805908203 ], [ -90.446060180664062, 34.738300323486328 ], [ -90.445793151855469, 34.740959167480469 ], [ -90.445266723632812, 34.745738983154297 ], [ -90.445083618164062, 34.745609283447266 ], [ -90.444938659667969, 34.745220184326172 ], [ -90.444656372070312, 34.743850708007812 ], [ -90.445220947265625, 34.740718841552734 ], [ -90.445838928222656, 34.73828125 ], [ -90.445869445800781, 34.738269805908203 ], [ -90.445960998535156, 34.738239288330078 ], [ -90.446006774902344, 34.738239288330078 ] ] ] } },
{ "type": "Feature", "properties": { "cluster_id": 101 }, "geometry": { "type": "Polygon", "coordinates": [ [ [ -73.663818359375, 40.473609924316406 ], [ -73.763763427734375, 40.487388610839844 ], [ -73.763107299804688, 40.489261627197266 ], [ -73.763092041015625, 40.489288330078125 ], [ -73.686691284179688, 40.519950866699219 ], [ -73.611701965332031, 40.513370513916016 ], [ -73.611640930175781, 40.513309478759766 ], [ -73.611442565917969, 40.512958526611328 ], [ -73.611419677734375, 40.512870788574219 ], [ -73.606483459472656, 40.483131408691406 ], [ -73.606468200683594, 40.482929229736328 ], [ -73.606460571289062, 40.482631683349609 ], [ -73.606460571289062, 40.482341766357422 ], [ -73.606552124023438, 40.482120513916016 ], [ -73.607109069824219, 40.481868743896484 ], [ -73.607223510742188, 40.481819152832031 ], [ -73.630203247070312, 40.477970123291016 ], [ -73.663818359375, 40.473609924316406 ] ] ] } },
{ "type": "Feature", "properties": { "cluster_id": 163 }, "geometry": { "type": "Polygon", "coordinates": [ [ [ -76.39691162109375, 38.270870208740234 ], [ -76.397102355957031, 38.270908355712891 ], [ -76.452507019042969, 38.321041107177734 ], [ -76.455276489257812, 38.325088500976562 ], [ -76.455268859863281, 38.325130462646484 ], [ -76.4349365234375, 38.433029174804688 ], [ -76.434867858886719, 38.433021545410156 ], [ -76.383438110351562, 38.40570068359375 ], [ -76.34027099609375, 38.357818603515625 ], [ -76.338111877441406, 38.353378295898438 ], [ -76.338111877441406, 38.353328704833984 ], [ -76.396209716796875, 38.271041870117188 ], [ -76.396347045898438, 38.270961761474609 ], [ -76.396369934082031, 38.270950317382812 ], [ -76.39642333984375, 38.270938873291016 ], [ -76.39691162109375, 38.270870208740234 ] ] ] } },
{ "type": "Feature", "properties": { "cluster_id": 314 }, "geometry": { "type": "Polygon", "coordinates": [ [ [ -66.159217834472656, 17.934349060058594 ], [ -66.226577758789062, 17.947240829467773 ], [ -66.226600646972656, 17.947250366210938 ], [ -66.226608276367188, 17.947259902954102 ], [ -66.22564697265625, 17.949220657348633 ], [ -66.225639343261719, 17.949230194091797 ], [ -66.225616455078125, 17.949239730834961 ], [ -66.225601196289062, 17.949239730834961 ], [ -66.155990600585938, 17.937160491943359 ], [ -66.155967712402344, 17.937149047851562 ], [ -66.15570068359375, 17.93695068359375 ], [ -66.155807495117188, 17.936470031738281 ], [ -66.155838012695312, 17.936429977416992 ], [ -66.157630920410156, 17.934480667114258 ], [ -66.159217834472656, 17.934349060058594 ] ] ] } },
{ "type": "Feature", "properties": { "cluster_id": 250 }, "geometry": { "type": "Polygon", "coordinates": [ [ [ -93.347023010253906, 29.76984977722168 ], [ -93.347152709960938, 29.769899368286133 ], [ -93.34722900390625, 29.769979476928711 ], [ -93.347282409667969, 29.773000717163086 ], [ -93.347282409667969, 29.773479461669922 ], [ -93.347091674804688, 29.81382942199707 ], [ -93.346687316894531, 29.814720153808594 ], [ -93.343521118164062, 29.820159912109375 ], [ -93.340110778808594, 29.822879791259766 ], [ -93.337600708007812, 29.8231201171875 ], [ -93.337081909179688, 29.822839736938477 ], [ -93.337028503417969, 29.822750091552734 ], [ -93.324310302734375, 29.794599533081055 ], [ -93.324310302734375, 29.794519424438477 ], [ -93.325950622558594, 29.786710739135742 ], [ -93.32647705078125, 29.786230087280273 ], [ -93.34625244140625, 29.769899368286133 ], [ -93.347023010253906, 29.76984977722168 ] ] ] } },
{ "type": "Feature", "properties": { "cluster_id": 154 }, "geometry": { "type": "Polygon", "coordinates": [ [ [ -70.625679016113281, 41.7376708984375 ], [ -70.625732421875, 41.737678527832031 ], [ -70.625953674316406, 41.737800598144531 ], [ -70.6259765625, 41.737831115722656 ], [ -70.625999450683594, 41.737899780273438 ], [ -70.625907897949219, 41.738250732421875 ], [ -70.625740051269531, 41.738441467285156 ], [ -70.624351501464844, 41.737800598144531 ], [ -70.62432861328125, 41.737751007080078 ], [ -70.625679016113281, 41.7376708984375 ] ] ] } },
{ "type": "Feature", "properties": { "cluster_id": 127 }, "geometry": { "type": "Polygon", "coordinates": [ [ [ -77.037887573242188, 38.871540069580078 ], [ -77.021697998046875, 38.875011444091797 ], [ -77.021209716796875, 38.875011444091797 ], [ -77.021018981933594, 38.874988555908203 ], [ -77.020980834960938, 38.874950408935547 ], [ -77.020927429199219, 38.874851226806641 ], [ -77.02081298828125, 38.874629974365234 ], [ -77.02166748046875, 38.873828887939453 ], [ -77.037887573242188, 38.871540069580078 ] ] ] } },
{ "type": "Feature", "properties": { "cluster_id": 215 }, "geometry": { "type": "Polygon", "coordinates": [ [ [ -74.890251159667969, 38.948440551757812 ], [ -74.907302856445312, 38.948841094970703 ], [ -74.90728759765625, 38.948951721191406 ], [ -74.907180786132812, 38.949161529541016 ], [ -74.906913757324219, 38.949310302734375 ], [ -74.890731811523438, 38.949291229248047 ], [ -74.890693664550781, 38.94927978515625 ], [ -74.890251159667969, 38.948459625244141 ], [ -74.890251159667969, 38.948440551757812 ] ] ] } },
{ "type": "Feature", "properties": { "cluster_id": 310 }, "geometry": { "type": "Polygon", "coordinates": [ [ [ -70.280799865722656, 43.638450622558594 ], [ -70.284141540527344, 43.640350341796875 ], [ -70.284156799316406, 43.640411376953125 ], [ -70.284156799316406, 43.640449523925781 ], [ -70.284141540527344, 43.640480041503906 ], [ -70.2545166015625, 43.650928497314453 ], [ -70.213493347167969, 43.659828186035156 ], [ -70.213310241699219, 43.659778594970703 ], [ -70.213279724121094, 43.659519195556641 ], [ -70.2132568359375, 43.659198760986328 ], [ -70.2132568359375, 43.659168243408203 ], [ -70.214378356933594, 43.65679931640625 ], [ -70.214683532714844, 43.656429290771484 ], [ -70.214820861816406, 43.656299591064453 ], [ -70.215049743652344, 43.656150817871094 ], [ -70.248359680175781, 43.645481109619141 ], [ -70.263847351074219, 43.640899658203125 ], [ -70.280776977539062, 43.638450622558594 ], [ -70.280799865722656, 43.638450622558594 ] ] ] } },
{ "type": "Feature", "properties": { "cluster_id": 290 }, "geometry": { "type": "Polygon", "coordinates": [ [ [ -91.206832885742188, 29.873830795288086 ], [ -91.239212036132812, 29.922170639038086 ], [ -91.23919677734375, 29.922170639038086 ], [ -91.213180541992188, 29.906330108642578 ], [ -91.213050842285156, 29.906049728393555 ], [ -91.206741333007812, 29.873830795288086 ], [ -91.206832885742188, 29.873830795288086 ] ] ] } },
{ "type": "Feature", "properties": { "cluster_id": 182 }, "geometry": { "type": "Polygon", "coordinates": [ [ [ -123.472099304199219, 49.432220458984375 ], [ -123.49578857421875, 49.502719879150391 ], [ -123.485542297363281, 49.519119262695312 ], [ -123.485160827636719, 49.519458770751953 ], [ -123.479423522949219, 49.524398803710938 ], [ -123.478843688964844, 49.524890899658203 ], [ -123.478408813476562, 49.5247802734375 ], [ -123.470993041992188, 49.522769927978516 ], [ -123.471893310546875, 49.433910369873047 ], [ -123.472061157226562, 49.432239532470703 ], [ -123.472076416015625, 49.432220458984375 ], [ -123.472099304199219, 49.432220458984375 ] ] ] } },
{ "type": "Feature", "properties": { "cluster_id": 60 }, "geometry": { "type": "Polygon", "coordinates": [ [ [ -118.392951965332031, 33.841438293457031 ], [ -118.506416320800781, 33.868179321289062 ], [ -118.490821838378906, 33.903400421142578 ], [ -118.456222534179688, 33.914268493652344 ], [ -118.455940246582031, 33.914340972900391 ], [ -118.447967529296875, 33.909221649169922 ], [ -118.447906494140625, 33.909168243408203 ], [ -118.390548706054688, 33.844829559326172 ], [ -118.391433715820312, 33.841789245605469 ], [ -118.3914794921875, 33.841720581054688 ], [ -118.391510009765625, 33.841690063476562 ], [ -118.392951965332031, 33.841438293457031 ] ] ] } },
{ "type": "Feature", "properties": { "cluster_id": 77 }, "geometry": { "type": "Polygon", "coordinates": [ [ [ -92.018539428710938, 46.697189331054688 ], [ -92.018669128417969, 46.697219848632812 ], [ -92.018722534179688, 46.697238922119141 ], [ -92.135581970214844, 46.751979827880859 ], [ -92.135650634765625, 46.752048492431641 ], [ -92.135719299316406, 46.752140045166016 ], [ -92.135650634765625, 46.752178192138672 ], [ -92.093559265136719, 46.775100708007812 ], [ -92.09259033203125, 46.775131225585938 ], [ -92.092506408691406, 46.775119781494141 ], [ -91.987388610839844, 46.737659454345703 ], [ -91.987342834472656, 46.737640380859375 ], [ -91.987197875976562, 46.737548828125 ], [ -91.987098693847656, 46.737220764160156 ], [ -91.987106323242188, 46.737030029296875 ], [ -92.018447875976562, 46.697219848632812 ], [ -92.018539428710938, 46.697189331054688 ] ] ] } },
{ "type": "Feature", "properties": { "cluster_id": 83 }, "geometry": { "type": "Polygon", "coordinates": [ [ [ -162.328109741210938, 55.054359436035156 ], [ -162.328231811523438, 55.054389953613281 ], [ -162.328277587890625, 55.054409027099609 ], [ -162.328277587890625, 55.054420471191406 ], [ -162.3282470703125, 55.054458618164062 ], [ -162.327606201171875, 55.055221557617188 ], [ -162.320755004882812, 55.059391021728516 ], [ -162.320663452148438, 55.059410095214844 ], [ -162.319473266601562, 55.059440612792969 ], [ -162.3194580078125, 55.059440612792969 ], [ -162.3187255859375, 55.059360504150391 ], [ -162.3187255859375, 55.059349060058594 ], [ -162.3228759765625, 55.055469512939453 ], [ -162.328109741210938, 55.054359436035156 ] ] ] } },
{ "type": "Feature", "properties": { "cluster_id": 13 }, "geometry": { "type": "Polygon", "coordinates": [ [ [ -134.391006469726562, 58.284980773925781 ], [ -134.443984985351562, 58.305419921875 ], [ -134.466537475585938, 58.324691772460938 ], [ -134.464889526367188, 58.324611663818359 ], [ -134.463592529296875, 58.324420928955078 ], [ -134.463287353515625, 58.324329376220703 ], [ -134.409393310546875, 58.29888916015625 ], [ -134.401229858398438, 58.294849395751953 ], [ -134.401168823242188, 58.294818878173828 ], [ -134.393707275390625, 58.290908813476562 ], [ -134.390792846679688, 58.285549163818359 ], [ -134.390975952148438, 58.284980773925781 ], [ -134.391006469726562, 58.284980773925781 ] ] ] } },
{ "type": "Feature", "properties": { "cluster_id": 115 }, "geometry": { "type": "Polygon", "coordinates": [ [ [ -88.961570739746094, 41.318988800048828 ], [ -88.977981567382812, 41.321399688720703 ], [ -88.987060546875, 41.324771881103516 ], [ -88.861396789550781, 41.337409973144531 ], [ -88.86138916015625, 41.337409973144531 ], [ -88.771377563476562, 41.334419250488281 ], [ -88.7713623046875, 41.3343505859375 ], [ -88.774810791015625, 41.333328247070312 ], [ -88.879539489746094, 41.32025146484375 ], [ -88.961570739746094, 41.318988800048828 ] ] ] } },
{ "type": "Feature", "properties": { "cluster_id": 315 }, "geometry": { "type": "Polygon", "coordinates": [ [ [ -147.464584350585938, 60.642269134521484 ], [ -147.465988159179688, 60.642311096191406 ], [ -147.466384887695312, 60.642341613769531 ], [ -147.467254638671875, 60.642578125 ], [ -147.46771240234375, 60.642879486083984 ], [ -147.467727661132812, 60.643100738525391 ], [ -147.46697998046875, 60.643600463867188 ], [ -147.466796875, 60.643699645996094 ], [ -147.465835571289062, 60.644031524658203 ], [ -147.454238891601562, 60.645278930664062 ], [ -147.4527587890625, 60.645378112792969 ], [ -147.452377319335938, 60.645401000976562 ], [ -147.451919555664062, 60.645370483398438 ], [ -147.451553344726562, 60.645301818847656 ], [ -147.450424194335938, 60.644920349121094 ], [ -147.450271606445312, 60.644779205322266 ], [ -147.450225830078125, 60.644710540771484 ], [ -147.450164794921875, 60.644519805908203 ], [ -147.450119018554688, 60.644298553466797 ], [ -147.450149536132812, 60.644229888916016 ], [ -147.450302124023438, 60.643951416015625 ], [ -147.450393676757812, 60.643840789794922 ], [ -147.451095581054688, 60.643348693847656 ], [ -147.451202392578125, 60.643280029296875 ], [ -147.451644897460938, 60.643108367919922 ], [ -147.452194213867188, 60.643009185791016 ], [ -147.45269775390625, 60.642959594726562 ], [ -147.464584350585938, 60.642269134521484 ] ] ] } },
{ "type": "Feature", "properties": { "cluster_id": 233 }, "geometry": { "type": "Polygon", "coordinates": [ [ [ -151.374267578125, 60.636928558349609 ], [ -151.374526977539062, 60.637008666992188 ], [ -151.377288818359375, 60.638980865478516 ], [ -151.399993896484375, 60.683521270751953 ], [ -151.400009155273438, 60.683551788330078 ], [ -151.400009155273438, 60.683601379394531 ], [ -151.399993896484375, 60.683620452880859 ], [ -151.399978637695312, 60.683631896972656 ], [ -151.399856567382812, 60.683601379394531 ], [ -151.399765014648438, 60.683551788330078 ], [ -151.374359130859375, 60.640640258789062 ], [ -151.372283935546875, 60.637001037597656 ], [ -151.372314453125, 60.636989593505859 ], [ -151.374221801757812, 60.636928558349609 ], [ -151.374267578125, 60.636928558349609 ] ] ] } },
{ "type": "Feature", "properties": { "cluster_id": 268 }, "geometry": { "type": "Polygon", "coordinates": [ [ [ -72.060760498046875, 41.316608428955078 ], [ -72.060783386230469, 41.316619873046875 ], [ -72.089126586914062, 41.357921600341797 ], [ -72.089103698730469, 41.35797119140625 ], [ -72.087318420410156, 41.361621856689453 ], [ -72.060737609863281, 41.316680908203125 ], [ -72.060737609863281, 41.316619873046875 ], [ -72.060752868652344, 41.316608428955078 ], [ -72.060760498046875, 41.316608428955078 ] ] ] } },
{ "type": "Feature", "properties": { "cluster_id": 58 }, "geometry": { "type": "Polygon", "coordinates": [ [ [ -96.566459655761719, 28.62714958190918 ], [ -96.566596984863281, 28.62908935546875 ], [ -96.566177368164062, 28.633989334106445 ], [ -96.553939819335938, 28.645320892333984 ], [ -96.55322265625, 28.64539909362793 ], [ -96.5499267578125, 28.645370483398438 ], [ -96.549453735351562, 28.644920349121094 ], [ -96.549331665039062, 28.644729614257812 ], [ -96.54931640625, 28.644689559936523 ], [ -96.549308776855469, 28.644649505615234 ], [ -96.54937744140625, 28.642900466918945 ], [ -96.566459655761719, 28.62714958190918 ] ] ] } },
{ "type": "Feature", "properties": { "cluster_id": 84 }, "geometry": { "type": "Polygon", "coordinates": [ [ [ -89.242240905761719, 30.312740325927734 ], [ -89.242340087890625, 30.312749862670898 ], [ -89.242332458496094, 30.31304931640625 ], [ -89.242233276367188, 30.31304931640625 ], [ -89.242156982421875, 30.312959671020508 ], [ -89.242179870605469, 30.312850952148438 ], [ -89.242240905761719, 30.312740325927734 ] ] ] } },
{ "type": "Feature", "properties": { "cluster_id": 282 }, "geometry": { "type": "Polygon", "coordinates": [ [ [ -117.702766418457031, 33.460609436035156 ], [ -117.702766418457031, 33.460639953613281 ], [ -117.7027587890625, 33.460689544677734 ], [ -117.702743530273438, 33.460689544677734 ], [ -117.702720642089844, 33.460678100585938 ], [ -117.70269775390625, 33.460628509521484 ], [ -117.702728271484375, 33.460609436035156 ], [ -117.702766418457031, 33.460609436035156 ] ] ] } },
{ "type": "Feature", "properties": { "cluster_id": 95 }, "geometry": { "type": "Polygon", "coordinates": [ [ [ -81.488410949707031, 31.114070892333984 ], [ -81.488677978515625, 31.114170074462891 ], [ -81.535499572753906, 31.131790161132812 ], [ -81.538307189941406, 31.134029388427734 ], [ -81.538330078125, 31.134069442749023 ], [ -81.538467407226562, 31.134319305419922 ], [ -81.538490295410156, 31.134389877319336 ], [ -81.538467407226562, 31.134439468383789 ], [ -81.497962951660156, 31.147390365600586 ], [ -81.417106628417969, 31.129280090332031 ], [ -81.41693115234375, 31.129240036010742 ], [ -81.416580200195312, 31.129129409790039 ], [ -81.416488647460938, 31.12908935546875 ], [ -81.41632080078125, 31.129009246826172 ], [ -81.410247802734375, 31.124839782714844 ], [ -81.410179138183594, 31.124780654907227 ], [ -81.41015625, 31.124759674072266 ], [ -81.410079956054688, 31.124649047851562 ], [ -81.410049438476562, 31.124549865722656 ], [ -81.410057067871094, 31.124500274658203 ], [ -81.410072326660156, 31.12445068359375 ], [ -81.410118103027344, 31.124330520629883 ], [ -81.41015625, 31.124250411987305 ], [ -81.410362243652344, 31.124149322509766 ], [ -81.410423278808594, 31.124130249023438 ], [ -81.410568237304688, 31.124109268188477 ], [ -81.488410949707031, 31.114070892333984 ] ] ] } },
{ "type": "Feature", "properties": { "cluster_id": 156 }, "geometry": { "type": "Polygon", "coordinates": [ [ [ -122.305099487304688, 47.949588775634766 ], [ -122.305206298828125, 47.949611663818359 ], [ -122.305252075195312, 47.949630737304688 ], [ -122.348861694335938, 47.974159240722656 ], [ -122.348876953125, 47.974178314208984 ], [ -122.349403381347656, 47.976829528808594 ], [ -122.216781616210938, 47.997989654541016 ], [ -122.216636657714844, 47.997978210449219 ], [ -122.218276977539062, 47.982780456542969 ], [ -122.218338012695312, 47.982719421386719 ], [ -122.223182678222656, 47.978069305419922 ], [ -122.305099487304688, 47.949588775634766 ] ] ] } },
{ "type": "Feature", "properties": { "cluster_id": 326 }, "geometry": { "type": "Polygon", "coordinates": [ [ [ -76.440650939941406, 37.658668518066406 ], [ -76.440650939941406, 37.658679962158203 ], [ -76.440620422363281, 37.658679962158203 ], [ -76.440620422363281, 37.658668518066406 ], [ -76.440650939941406, 37.658668518066406 ] ] ] } },
{ "type": "Feature", "properties": { "cluster_id": 70 }, "geometry": { "type": "Polygon", "coordinates": [ [ [ -130.564056396484375, 54.091880798339844 ], [ -130.594253540039062, 54.110668182373047 ], [ -130.595993041992188, 54.115921020507812 ], [ -130.549957275390625, 54.126388549804688 ], [ -130.548828125, 54.126449584960938 ], [ -130.546035766601562, 54.125438690185547 ], [ -130.545150756835938, 54.124790191650391 ], [ -130.545257568359375, 54.124160766601562 ], [ -130.558517456054688, 54.094150543212891 ], [ -130.558883666992188, 54.093528747558594 ], [ -130.56048583984375, 54.09259033203125 ], [ -130.561264038085938, 54.092311859130859 ], [ -130.563003540039062, 54.091911315917969 ], [ -130.564056396484375, 54.091880798339844 ] ] ] } },
{ "type": "Feature", "properties": { "cluster_id": 285 }, "geometry": { "type": "Polygon", "coordinates": [ [ [ -92.790153503417969, 29.995399475097656 ], [ -92.790489196777344, 29.995540618896484 ], [ -92.790550231933594, 29.995759963989258 ], [ -92.790542602539062, 29.995809555053711 ], [ -92.790367126464844, 29.996370315551758 ], [ -92.790283203125, 29.996309280395508 ], [ -92.790130615234375, 29.995439529418945 ], [ -92.790130615234375, 29.995420455932617 ], [ -92.790138244628906, 29.995399475097656 ], [ -92.790153503417969, 29.995399475097656 ] ] ] } },
{ "type": "Feature", "properties": { "cluster_id": 69 }, "geometry": { "type": "Polygon", "coordinates": [ [ [ -151.189163208007812, 59.598270416259766 ], [ -151.409744262695312, 59.6026611328125 ], [ -151.41876220703125, 59.602920532226562 ], [ -151.4188232421875, 59.602939605712891 ], [ -151.420547485351562, 59.604598999023438 ], [ -151.420501708984375, 59.604640960693359 ], [ -151.401153564453125, 59.619518280029297 ], [ -151.369644165039062, 59.636100769042969 ], [ -151.1884765625, 59.599971771240234 ], [ -151.188323974609375, 59.599941253662109 ], [ -151.187973022460938, 59.599609375 ], [ -151.187576293945312, 59.598690032958984 ], [ -151.187835693359375, 59.598499298095703 ], [ -151.188034057617188, 59.598381042480469 ], [ -151.188430786132812, 59.598308563232422 ], [ -151.188552856445312, 59.598289489746094 ], [ -151.188766479492188, 59.598270416259766 ], [ -151.189163208007812, 59.598270416259766 ] ] ] } },
{ "type": "Feature", "properties": { "cluster_id": 327 }, "geometry": { "type": "Polygon", "coordinates": [ [ [ -123.517936706542969, 48.565658569335938 ], [ -123.520843505859375, 48.586631774902344 ], [ -123.52069091796875, 48.587741851806641 ], [ -123.512893676757812, 48.595218658447266 ], [ -123.512741088867188, 48.595199584960938 ], [ -123.467597961425781, 48.577121734619141 ], [ -123.46759033203125, 48.577110290527344 ], [ -123.467582702636719, 48.577091217041016 ], [ -123.517936706542969, 48.565658569335938 ] ] ] } },
{ "type": "Feature", "properties": { "cluster_id": 135 }, "geometry": { "type": "Polygon", "coordinates": [ [ [ -165.7962646484375, 54.125629425048828 ], [ -165.796279907226562, 54.12567138671875 ], [ -165.796279907226562, 54.125679016113281 ], [ -165.7962646484375, 54.125701904296875 ], [ -165.789764404296875, 54.132080078125 ], [ -165.78973388671875, 54.132091522216797 ], [ -165.776992797851562, 54.132881164550781 ], [ -165.776962280273438, 54.132881164550781 ], [ -165.776962280273438, 54.132858276367188 ], [ -165.777084350585938, 54.132740020751953 ], [ -165.7962646484375, 54.125629425048828 ] ] ] } },
{ "type": "Feature", "properties": { "cluster_id": 226 }, "geometry": { "type": "Polygon", "coordinates": [ [ [ -121.326141357421875, 37.950809478759766 ], [ -121.335456848144531, 37.950969696044922 ], [ -121.348541259765625, 37.954498291015625 ], [ -121.348587036132812, 37.954608917236328 ], [ -121.320663452148438, 37.952228546142578 ], [ -121.315620422363281, 37.951290130615234 ], [ -121.315467834472656, 37.951198577880859 ], [ -121.315361022949219, 37.951118469238281 ], [ -121.315391540527344, 37.95098876953125 ], [ -121.315803527832031, 37.950939178466797 ], [ -121.326141357421875, 37.950809478759766 ] ] ] } },
{ "type": "Feature", "properties": { "cluster_id": 11 }, "geometry": { "type": "Polygon", "coordinates": [ [ [ -68.918327331542969, 44.421230316162109 ], [ -68.918930053710938, 44.421279907226562 ], [ -68.91937255859375, 44.421501159667969 ], [ -68.919548034667969, 44.421600341796875 ], [ -68.919548034667969, 44.421619415283203 ], [ -68.897941589355469, 44.451450347900391 ], [ -68.897926330566406, 44.451469421386719 ], [ -68.897911071777344, 44.451480865478516 ], [ -68.788772583007812, 44.490959167480469 ], [ -68.787933349609375, 44.490581512451172 ], [ -68.788002014160156, 44.490459442138672 ], [ -68.788040161132812, 44.490428924560547 ], [ -68.916831970214844, 44.421630859375 ], [ -68.917549133300781, 44.421379089355469 ], [ -68.917877197265625, 44.421279907226562 ], [ -68.918327331542969, 44.421230316162109 ] ] ] } },
{ "type": "Feature", "properties": { "cluster_id": 321 }, "geometry": { "type": "Polygon", "coordinates": [ [ [ -124.166603088378906, 40.806961059570312 ], [ -124.166633605957031, 40.806968688964844 ], [ -124.166679382324219, 40.806999206542969 ], [ -124.166717529296875, 40.807071685791016 ], [ -124.166618347167969, 40.80712890625 ], [ -124.162399291992188, 40.807231903076172 ], [ -124.162376403808594, 40.807231903076172 ], [ -124.162361145019531, 40.807209014892578 ], [ -124.162338256835938, 40.807159423828125 ], [ -124.162330627441406, 40.80712890625 ], [ -124.162330627441406, 40.807121276855469 ], [ -124.162353515625, 40.807079315185547 ], [ -124.162361145019531, 40.807071685791016 ], [ -124.162406921386719, 40.807060241699219 ], [ -124.166603088378906, 40.806961059570312 ] ] ] } },
{ "type": "Feature", "properties": { "cluster_id": 186 }, "geometry": { "type": "Polygon", "coordinates": [ [ [ -89.926971435546875, 28.756940841674805 ], [ -90.278327941894531, 28.76283073425293 ], [ -90.280998229980469, 28.764829635620117 ], [ -90.281173706054688, 28.764999389648438 ], [ -90.281501770019531, 28.765499114990234 ], [ -90.281501770019531, 28.766330718994141 ], [ -90.279830932617188, 28.769329071044922 ], [ -90.27783203125, 28.769830703735352 ], [ -89.994720458984375, 28.799289703369141 ], [ -89.994461059570312, 28.799219131469727 ], [ -89.921882629394531, 28.765899658203125 ], [ -89.921859741210938, 28.765880584716797 ], [ -89.921638488769531, 28.765680313110352 ], [ -89.921501159667969, 28.765529632568359 ], [ -89.921440124511719, 28.765459060668945 ], [ -89.921112060546875, 28.764890670776367 ], [ -89.921051025390625, 28.764759063720703 ], [ -89.920982360839844, 28.764610290527344 ], [ -89.920829772949219, 28.764270782470703 ], [ -89.920791625976562, 28.763980865478516 ], [ -89.920867919921875, 28.761039733886719 ], [ -89.920989990234375, 28.760660171508789 ], [ -89.921302795410156, 28.760080337524414 ], [ -89.921791076660156, 28.759469985961914 ], [ -89.922096252441406, 28.759099960327148 ], [ -89.922508239746094, 28.758649826049805 ], [ -89.923377990722656, 28.758089065551758 ], [ -89.924079895019531, 28.757650375366211 ], [ -89.924606323242188, 28.757350921630859 ], [ -89.9246826171875, 28.757320404052734 ], [ -89.925506591796875, 28.757080078125 ], [ -89.926300048828125, 28.756969451904297 ], [ -89.926750183105469, 28.756940841674805 ], [ -89.926971435546875, 28.756940841674805 ] ] ] } },
{ "type": "Feature", "properties": { "cluster_id": 106 }, "geometry": { "type": "Polygon", "coordinates": [ [ [ -96.947891235351562, 28.645339965820312 ], [ -96.949699401855469, 28.646820068359375 ], [ -96.955978393554688, 28.65424919128418 ], [ -96.96343994140625, 28.66316032409668 ], [ -96.972412109375, 28.686630249023438 ], [ -96.97332763671875, 28.69148063659668 ], [ -96.973320007324219, 28.691499710083008 ], [ -96.969581604003906, 28.69413948059082 ], [ -96.969528198242188, 28.694110870361328 ], [ -96.969520568847656, 28.694099426269531 ], [ -96.947769165039062, 28.645410537719727 ], [ -96.947799682617188, 28.645380020141602 ], [ -96.947868347167969, 28.645349502563477 ], [ -96.947891235351562, 28.645339965820312 ] ] ] } },
{ "type": "Feature", "properties": { "cluster_id": 37 }, "geometry": { "type": "Polygon", "coordinates": [ [ [ -74.78704833984375, 44.984699249267578 ], [ -74.78717041015625, 44.984760284423828 ], [ -74.787208557128906, 44.984798431396484 ], [ -74.787208557128906, 44.984840393066406 ], [ -74.787200927734375, 44.984870910644531 ], [ -74.787193298339844, 44.984878540039062 ], [ -74.787178039550781, 44.984878540039062 ], [ -74.787117004394531, 44.984859466552734 ], [ -74.787078857421875, 44.984840393066406 ], [ -74.787040710449219, 44.984729766845703 ], [ -74.78704833984375, 44.984699249267578 ] ] ] } },
{ "type": "Feature", "properties": { "cluster_id": 157 }, "geometry": { "type": "Polygon", "coordinates": [ [ [ -89.9490966796875, 28.874879837036133 ], [ -90.115829467773438, 28.899330139160156 ], [ -90.117996215820312, 28.90032958984375 ], [ -90.118171691894531, 28.90049934387207 ], [ -90.118171691894531, 28.900669097900391 ], [ -90.114501953125, 28.902500152587891 ], [ -90.113998413085938, 28.902500152587891 ], [ -90.025543212890625, 28.900789260864258 ], [ -90.024909973144531, 28.90077018737793 ], [ -90.024337768554688, 28.900669097900391 ], [ -90.024246215820312, 28.900640487670898 ], [ -89.948570251464844, 28.876319885253906 ], [ -89.949081420898438, 28.874919891357422 ], [ -89.9490966796875, 28.874879837036133 ] ] ] } },
{ "type": "Feature", "properties": { "cluster_id": 145 }, "geometry": { "type": "Polygon", "coordinates": [ [ [ -76.528327941894531, 38.657619476318359 ], [ -76.528343200683594, 38.657630920410156 ], [ -76.528350830078125, 38.657649993896484 ], [ -76.528350830078125, 38.657669067382812 ], [ -76.528343200683594, 38.657688140869141 ], [ -76.528312683105469, 38.657688140869141 ], [ -76.528289794921875, 38.657680511474609 ], [ -76.528266906738281, 38.657649993896484 ], [ -76.528282165527344, 38.657630920410156 ], [ -76.528327941894531, 38.657619476318359 ] ] ] } },
{ "type": "Feature", "properties": { "cluster_id": 6 }, "geometry": { "type": "Polygon", "coordinates": [ [ [ -135.325210571289062, 59.448570251464844 ], [ -135.32623291015625, 59.448650360107422 ], [ -135.326248168945312, 59.448661804199219 ], [ -135.326248168945312, 59.44866943359375 ], [ -135.326126098632812, 59.450458526611328 ], [ -135.325164794921875, 59.451549530029297 ], [ -135.325103759765625, 59.45159912109375 ], [ -135.3250732421875, 59.451618194580078 ], [ -135.324996948242188, 59.45166015625 ], [ -135.324844360351562, 59.451450347900391 ], [ -135.324996948242188, 59.448829650878906 ], [ -135.32501220703125, 59.44873046875 ], [ -135.325027465820312, 59.448699951171875 ], [ -135.325042724609375, 59.448680877685547 ], [ -135.325210571289062, 59.448570251464844 ] ] ] } },
{ "type": "Feature", "properties": { "cluster_id": 114 }, "geometry": { "type": "Polygon", "coordinates": [ [ [ -90.906082153320312, 28.808280944824219 ], [ -90.983261108398438, 28.810230255126953 ], [ -90.983322143554688, 28.810260772705078 ], [ -91.025970458984375, 28.856740951538086 ], [ -91.026069641113281, 28.857139587402344 ], [ -90.970680236816406, 28.86121940612793 ], [ -90.97064208984375, 28.86121940612793 ], [ -90.840446472167969, 28.859579086303711 ], [ -90.838348388671875, 28.825000762939453 ], [ -90.838348388671875, 28.824369430541992 ], [ -90.838516235351562, 28.824079513549805 ], [ -90.838569641113281, 28.824010848999023 ], [ -90.844718933105469, 28.816839218139648 ], [ -90.906082153320312, 28.808280944824219 ] ] ] } },
{ "type": "Feature", "properties": { "cluster_id": 331 }, "geometry": { "type": "Polygon", "coordinates": [ [ [ -123.185569763183594, 48.600021362304688 ], [ -123.185569763183594, 48.600028991699219 ], [ -123.185531616210938, 48.600070953369141 ], [ -123.154121398925781, 48.609691619873047 ], [ -123.154060363769531, 48.609691619873047 ], [ -123.15283203125, 48.609401702880859 ], [ -123.152778625488281, 48.609378814697266 ], [ -123.152748107910156, 48.609348297119141 ], [ -123.152946472167969, 48.608940124511719 ], [ -123.154571533203125, 48.607330322265625 ], [ -123.185546875, 48.600021362304688 ], [ -123.185569763183594, 48.600021362304688 ] ] ] } },
{ "type": "Feature", "properties": { "cluster_id": 223 }, "geometry": { "type": "Polygon", "coordinates": [ [ [ -91.675849914550781, 47.015411376953125 ], [ -91.676338195800781, 47.016841888427734 ], [ -91.676033020019531, 47.017608642578125 ], [ -91.675369262695312, 47.018119812011719 ], [ -91.675209045410156, 47.018039703369141 ], [ -91.674789428710938, 47.017738342285156 ], [ -91.67462158203125, 47.017219543457031 ], [ -91.674797058105469, 47.015739440917969 ], [ -91.675559997558594, 47.015411376953125 ], [ -91.675849914550781, 47.015411376953125 ] ] ] } },
{ "type": "Feature", "properties": { "cluster_id": 279 }, "geometry": { "type": "Polygon", "coordinates": [ [ [ -135.469070434570312, 58.099891662597656 ], [ -135.46917724609375, 58.099899291992188 ], [ -135.469146728515625, 58.099948883056641 ], [ -135.457183837890625, 58.1162109375 ], [ -135.457183837890625, 58.116199493408203 ], [ -135.468841552734375, 58.099960327148438 ], [ -135.468902587890625, 58.099918365478516 ], [ -135.468994140625, 58.099891662597656 ], [ -135.469070434570312, 58.099891662597656 ] ] ] } },
{ "type": "Feature", "properties": { "cluster_id": 103 }, "geometry": { "type": "Polygon", "coordinates": [ [ [ -82.601860046386719, 42.026599884033203 ], [ -82.601890563964844, 42.026611328125 ], [ -82.601913452148438, 42.026630401611328 ], [ -82.6019287109375, 42.026649475097656 ], [ -82.601936340332031, 42.026660919189453 ], [ -82.601951599121094, 42.026718139648438 ], [ -82.6019287109375, 42.026718139648438 ], [ -82.601898193359375, 42.026710510253906 ], [ -82.601829528808594, 42.026691436767578 ], [ -82.601821899414062, 42.026679992675781 ], [ -82.601821899414062, 42.026649475097656 ], [ -82.601829528808594, 42.026618957519531 ], [ -82.601860046386719, 42.026599884033203 ] ] ] } },
{ "type": "Feature", "properties": { "cluster_id": 221 }, "geometry": { "type": "Polygon", "coordinates": [ [ [ -125.902206420898438, 49.154739379882812 ], [ -125.908477783203125, 49.154998779296875 ], [ -125.908493041992188, 49.155021667480469 ], [ -125.908470153808594, 49.155059814453125 ], [ -125.904350280761719, 49.154949188232422 ], [ -125.902191162109375, 49.154788970947266 ], [ -125.902198791503906, 49.154750823974609 ], [ -125.902206420898438, 49.154739379882812 ] ] ] } },
{ "type": "Feature", "properties": { "cluster_id": 289 }, "geometry": { "type": "Polygon", "coordinates": [ [ [ -76.278541564941406, 37.828239440917969 ], [ -76.278663635253906, 37.828289031982422 ], [ -76.279037475585938, 37.828880310058594 ], [ -76.279090881347656, 37.8289794921875 ], [ -76.279029846191406, 37.829238891601562 ], [ -76.278907775878906, 37.829250335693359 ], [ -76.278839111328125, 37.829231262207031 ], [ -76.278350830078125, 37.828479766845703 ], [ -76.278350830078125, 37.828338623046875 ], [ -76.278419494628906, 37.828258514404297 ], [ -76.278541564941406, 37.828239440917969 ] ] ] } },
{ "type": "Feature", "properties": { "cluster_id": 64 }, "geometry": { "type": "Polygon", "coordinates": [ [ [ -65.835868835449219, 18.053340911865234 ], [ -65.836639404296875, 18.053400039672852 ], [ -65.836967468261719, 18.053459167480469 ], [ -65.836982727050781, 18.053470611572266 ], [ -65.836891174316406, 18.053590774536133 ], [ -65.836837768554688, 18.053640365600586 ], [ -65.797027587890625, 18.077360153198242 ], [ -65.796989440917969, 18.07737922668457 ], [ -65.796966552734375, 18.077369689941406 ], [ -65.796928405761719, 18.077339172363281 ], [ -65.796920776367188, 18.077329635620117 ], [ -65.796951293945312, 18.077280044555664 ], [ -65.797111511230469, 18.077030181884766 ], [ -65.835151672363281, 18.053369522094727 ], [ -65.835868835449219, 18.053340911865234 ] ] ] } },
{ "type": "Feature", "properties": { "cluster_id": 276 }, "geometry": { "type": "Polygon", "coordinates": [ [ [ -79.112991333007812, 26.089149475097656 ], [ -79.113197326660156, 26.089160919189453 ], [ -79.113510131835938, 26.089189529418945 ], [ -79.1136474609375, 26.089229583740234 ], [ -79.113822937011719, 26.089300155639648 ], [ -79.113922119140625, 26.089349746704102 ], [ -79.114120483398438, 26.089450836181641 ], [ -79.116737365722656, 26.091419219970703 ], [ -79.116752624511719, 26.091569900512695 ], [ -79.116752624511719, 26.091669082641602 ], [ -79.116737365722656, 26.092010498046875 ], [ -79.116653442382812, 26.092380523681641 ], [ -79.116607666015625, 26.092540740966797 ], [ -79.116539001464844, 26.092689514160156 ], [ -79.116500854492188, 26.092769622802734 ], [ -79.116348266601562, 26.093059539794922 ], [ -79.116241455078125, 26.093210220336914 ], [ -79.115913391113281, 26.09351921081543 ], [ -79.115760803222656, 26.09358024597168 ], [ -79.111160278320312, 26.093870162963867 ], [ -79.111129760742188, 26.093860626220703 ], [ -79.110946655273438, 26.093709945678711 ], [ -79.110366821289062, 26.092159271240234 ], [ -79.110389709472656, 26.091760635375977 ], [ -79.11041259765625, 26.09160041809082 ], [ -79.110481262207031, 26.09119987487793 ], [ -79.111038208007812, 26.090070724487305 ], [ -79.111236572265625, 26.089780807495117 ], [ -79.111320495605469, 26.089719772338867 ], [ -79.112037658691406, 26.089340209960938 ], [ -79.112503051757812, 26.08922004699707 ], [ -79.112892150878906, 26.089149475097656 ], [ -79.112991333007812, 26.089149475097656 ] ] ] } },
{ "type": "Feature", "properties": { "cluster_id": 287 }, "geometry": { "type": "Polygon", "coordinates": [ [ [ -116.61895751953125, 31.842660903930664 ], [ -116.622550964355469, 31.842819213867188 ], [ -116.662109375, 31.861549377441406 ], [ -116.662109375, 31.861589431762695 ], [ -116.661872863769531, 31.861919403076172 ], [ -116.661849975585938, 31.861940383911133 ], [ -116.628669738769531, 31.858329772949219 ], [ -116.628547668457031, 31.85828971862793 ], [ -116.628509521484375, 31.858259201049805 ], [ -116.625190734863281, 31.855350494384766 ], [ -116.616600036621094, 31.844219207763672 ], [ -116.616508483886719, 31.844049453735352 ], [ -116.616500854492188, 31.844009399414062 ], [ -116.616500854492188, 31.843999862670898 ], [ -116.616508483886719, 31.843990325927734 ], [ -116.61895751953125, 31.842660903930664 ] ] ] } },
{ "type": "Feature", "properties": { "cluster_id": 166 }, "geometry": { "type": "Polygon", "coordinates": [ [ [ -149.3553466796875, 60.085041046142578 ], [ -149.355438232421875, 60.085048675537109 ], [ -149.42669677734375, 60.118309020996094 ], [ -149.425857543945312, 60.119098663330078 ], [ -149.425796508789062, 60.119091033935547 ], [ -149.355300903320312, 60.085121154785156 ], [ -149.355300903320312, 60.085048675537109 ], [ -149.355316162109375, 60.085041046142578 ], [ -149.3553466796875, 60.085041046142578 ] ] ] } },
{ "type": "Feature", "properties": { "cluster_id": 159 }, "geometry": { "type": "Polygon", "coordinates": [ [ [ -73.589820861816406, 45.407451629638672 ], [ -73.589820861816406, 45.407459259033203 ], [ -73.589813232421875, 45.407470703125 ], [ -73.589790344238281, 45.407470703125 ], [ -73.589790344238281, 45.407451629638672 ], [ -73.589820861816406, 45.407451629638672 ] ] ] } },
{ "type": "Feature", "properties": { "cluster_id": 251 }, "geometry": { "type": "Polygon", "coordinates": [ [ [ -80.794700622558594, 41.90673828125 ], [ -80.794723510742188, 41.906761169433594 ], [ -80.7943115234375, 41.908050537109375 ], [ -80.794288635253906, 41.9080810546875 ], [ -80.794273376464844, 41.908100128173828 ], [ -80.79425048828125, 41.908119201660156 ], [ -80.794242858886719, 41.908119201660156 ], [ -80.794227600097656, 41.908100128173828 ], [ -80.794227600097656, 41.908050537109375 ], [ -80.794517517089844, 41.906829833984375 ], [ -80.794540405273438, 41.906768798828125 ], [ -80.794570922851562, 41.906761169433594 ], [ -80.794700622558594, 41.90673828125 ] ] ] } },
{ "type": "Feature", "properties": { "cluster_id": 130 }, "geometry": { "type": "Polygon", "coordinates": [ [ [ -76.104972839355469, 37.177871704101562 ], [ -76.105133056640625, 37.177879333496094 ], [ -76.504783630371094, 37.24285888671875 ], [ -76.507499694824219, 37.243499755859375 ], [ -76.528526306152344, 37.252719879150391 ], [ -76.528617858886719, 37.252849578857422 ], [ -76.531669616699219, 37.257331848144531 ], [ -76.097000122070312, 37.293498992919922 ], [ -76.096000671386719, 37.293331146240234 ], [ -76.095832824707031, 37.293170928955078 ], [ -76.094673156738281, 37.291828155517578 ], [ -76.094329833984375, 37.291328430175781 ], [ -76.093948364257812, 37.205619812011719 ], [ -76.094017028808594, 37.205181121826172 ], [ -76.094032287597656, 37.205131530761719 ], [ -76.103347778320312, 37.178398132324219 ], [ -76.104583740234375, 37.177871704101562 ], [ -76.104972839355469, 37.177871704101562 ] ] ] } },
{ "type": "Feature", "properties": { "cluster_id": 272 }, "geometry": { "type": "Polygon", "coordinates": [ [ [ -81.497077941894531, 30.788480758666992 ], [ -81.517532348632812, 30.801929473876953 ], [ -81.517578125, 30.801969528198242 ], [ -81.517578125, 30.801990509033203 ], [ -81.517562866210938, 30.802030563354492 ], [ -81.51751708984375, 30.80204963684082 ], [ -81.517486572265625, 30.802040100097656 ], [ -81.497077941894531, 30.788490295410156 ], [ -81.4970703125, 30.788480758666992 ], [ -81.497077941894531, 30.788480758666992 ] ] ] } },
{ "type": "Feature", "properties": { "cluster_id": 288 }, "geometry": { "type": "Polygon", "coordinates": [ [ [ -91.383743286132812, 40.388088226318359 ], [ -91.383750915527344, 40.388099670410156 ], [ -91.383750915527344, 40.388141632080078 ], [ -91.383712768554688, 40.388160705566406 ], [ -91.383697509765625, 40.388160705566406 ], [ -91.383689880371094, 40.388149261474609 ], [ -91.383682250976562, 40.388130187988281 ], [ -91.383682250976562, 40.388118743896484 ], [ -91.383689880371094, 40.388088226318359 ], [ -91.383743286132812, 40.388088226318359 ] ] ] } },
{ "type": "Feature", "properties": { "cluster_id": 216 }, "geometry": { "type": "Polygon", "coordinates": [ [ [ -76.30670166015625, 36.777149200439453 ], [ -76.306892395019531, 36.777210235595703 ], [ -76.310142517089844, 36.778629302978516 ], [ -76.310203552246094, 36.778690338134766 ], [ -76.310211181640625, 36.778800964355469 ], [ -76.3095703125, 36.778881072998047 ], [ -76.306663513183594, 36.777198791503906 ], [ -76.306648254394531, 36.777179718017578 ], [ -76.306671142578125, 36.777149200439453 ], [ -76.30670166015625, 36.777149200439453 ] ] ] } },
{ "type": "Feature", "properties": { "cluster_id": 294 }, "geometry": { "type": "Polygon", "coordinates": [ [ [ -85.862930297851562, 38.215518951416016 ], [ -85.84210205078125, 38.234859466552734 ], [ -85.841911315917969, 38.234878540039062 ], [ -85.842498779296875, 38.233551025390625 ], [ -85.844306945800781, 38.230789184570312 ], [ -85.853721618652344, 38.221378326416016 ], [ -85.861473083496094, 38.215839385986328 ], [ -85.862930297851562, 38.215518951416016 ] ] ] } },
{ "type": "Feature", "properties": { "cluster_id": 126 }, "geometry": { "type": "Polygon", "coordinates": [ [ [ -90.155937194824219, 30.407369613647461 ], [ -90.155960083007812, 30.407449722290039 ], [ -90.156837463378906, 30.41465950012207 ], [ -90.156600952148438, 30.414840698242188 ], [ -90.155921936035156, 30.415309906005859 ], [ -90.15582275390625, 30.415180206298828 ], [ -90.155509948730469, 30.414739608764648 ], [ -90.155220031738281, 30.414329528808594 ], [ -90.15582275390625, 30.407499313354492 ], [ -90.155830383300781, 30.407449722290039 ], [ -90.155853271484375, 30.407419204711914 ], [ -90.155868530273438, 30.407400131225586 ], [ -90.155937194824219, 30.407369613647461 ] ] ] } },
{ "type": "Feature", "properties": { "cluster_id": 72 }, "geometry": { "type": "Polygon", "coordinates": [ [ [ -88.777313232421875, 37.170238494873047 ], [ -88.780082702636719, 37.171951293945312 ], [ -88.787727355957031, 37.17913818359375 ], [ -88.787750244140625, 37.179168701171875 ], [ -88.787757873535156, 37.179180145263672 ], [ -88.787750244140625, 37.179210662841797 ], [ -88.787689208984375, 37.179298400878906 ], [ -88.787551879882812, 37.179378509521484 ], [ -88.782882690429688, 37.178089141845703 ], [ -88.782806396484375, 37.178050994873047 ], [ -88.782089233398438, 37.177410125732422 ], [ -88.776840209960938, 37.172710418701172 ], [ -88.777313232421875, 37.170238494873047 ] ] ] } },
{ "type": "Feature", "properties": { "cluster_id": 30 }, "geometry": { "type": "Polygon", "coordinates": [ [ [ -73.950607299804688, 41.790500640869141 ], [ -73.950653076171875, 41.790508270263672 ], [ -73.950843811035156, 41.790550231933594 ], [ -73.951332092285156, 41.800178527832031 ], [ -73.949867248535156, 41.808429718017578 ], [ -73.949699401855469, 41.808609008789062 ], [ -73.949172973632812, 41.808868408203125 ], [ -73.948883056640625, 41.808948516845703 ], [ -73.948631286621094, 41.808990478515625 ], [ -73.948471069335938, 41.809009552001953 ], [ -73.948158264160156, 41.809009552001953 ], [ -73.9468994140625, 41.799991607666016 ], [ -73.946876525878906, 41.799781799316406 ], [ -73.946891784667969, 41.799610137939453 ], [ -73.946929931640625, 41.799369812011719 ], [ -73.949226379394531, 41.790729522705078 ], [ -73.949607849121094, 41.7906494140625 ], [ -73.950401306152344, 41.790508270263672 ], [ -73.950546264648438, 41.790500640869141 ], [ -73.950607299804688, 41.790500640869141 ] ] ] } },
{ "type": "Feature", "properties": { "cluster_id": 62 }, "geometry": { "type": "Polygon", "coordinates": [ [ [ -88.077049255371094, 30.251369476318359 ], [ -88.08013916015625, 30.251810073852539 ], [ -88.114273071289062, 30.258029937744141 ], [ -88.114341735839844, 30.258100509643555 ], [ -88.114158630371094, 30.258430480957031 ], [ -88.114013671875, 30.258529663085938 ], [ -88.084068298339844, 30.254859924316406 ], [ -88.083969116210938, 30.254829406738281 ], [ -88.082733154296875, 30.254299163818359 ], [ -88.077011108398438, 30.251449584960938 ], [ -88.077049255371094, 30.251369476318359 ] ] ] } },
{ "type": "Feature", "properties": { "cluster_id": 303 }, "geometry": { "type": "Polygon", "coordinates": [ [ [ -159.358566284179688, 21.952409744262695 ], [ -159.358596801757812, 21.952419281005859 ], [ -159.358612060546875, 21.95244026184082 ], [ -159.358627319335938, 21.952489852905273 ], [ -159.358734130859375, 21.953229904174805 ], [ -159.358734130859375, 21.953269958496094 ], [ -159.358718872070312, 21.953279495239258 ], [ -159.357376098632812, 21.9539794921875 ], [ -159.3551025390625, 21.954519271850586 ], [ -159.355087280273438, 21.954519271850586 ], [ -159.355087280273438, 21.954500198364258 ], [ -159.3585205078125, 21.952409744262695 ], [ -159.358566284179688, 21.952409744262695 ] ] ] } },
{ "type": "Feature", "properties": { "cluster_id": 57 }, "geometry": { "type": "Polygon", "coordinates": [ [ [ -64.74725341796875, 17.692819595336914 ], [ -64.762336730957031, 17.693519592285156 ], [ -64.762351989746094, 17.69352912902832 ], [ -64.713760375976562, 17.752040863037109 ], [ -64.713668823242188, 17.752080917358398 ], [ -64.713661193847656, 17.752080917358398 ], [ -64.698593139648438, 17.746820449829102 ], [ -64.698570251464844, 17.746810913085938 ], [ -64.698532104492188, 17.746789932250977 ], [ -64.698516845703125, 17.746730804443359 ], [ -64.74725341796875, 17.692819595336914 ] ] ] } },
{ "type": "Feature", "properties": { "cluster_id": 284 }, "geometry": { "type": "Polygon", "coordinates": [ [ [ -69.100151062011719, 44.095699310302734 ], [ -69.101112365722656, 44.0960693359375 ], [ -69.101119995117188, 44.096111297607422 ], [ -69.101509094238281, 44.104408264160156 ], [ -69.101028442382812, 44.104740142822266 ], [ -69.099922180175781, 44.096569061279297 ], [ -69.099922180175781, 44.096511840820312 ], [ -69.100151062011719, 44.095699310302734 ] ] ] } },
{ "type": "Feature", "properties": { "cluster_id": 206 }, "geometry": { "type": "Polygon", "coordinates": [ [ [ -157.029159545898438, 21.08074951171875 ], [ -157.02923583984375, 21.080780029296875 ], [ -157.029281616210938, 21.080829620361328 ], [ -157.029281616210938, 21.080900192260742 ], [ -157.0284423828125, 21.082199096679688 ], [ -157.028366088867188, 21.082260131835938 ], [ -157.028305053710938, 21.082290649414062 ], [ -157.028244018554688, 21.082279205322266 ], [ -157.028228759765625, 21.082269668579102 ], [ -157.0281982421875, 21.082229614257812 ], [ -157.02813720703125, 21.08213996887207 ], [ -157.029052734375, 21.080780029296875 ], [ -157.029159545898438, 21.08074951171875 ] ] ] } },
{ "type": "Feature", "properties": { "cluster_id": 12 }, "geometry": { "type": "Polygon", "coordinates": [ [ [ -89.551841735839844, 28.661230087280273 ], [ -89.551826477050781, 28.661369323730469 ], [ -89.551689147949219, 28.661670684814453 ], [ -89.551559448242188, 28.661809921264648 ], [ -89.551490783691406, 28.661840438842773 ], [ -89.551422119140625, 28.661849975585938 ], [ -89.551406860351562, 28.66179084777832 ], [ -89.551399230957031, 28.661739349365234 ], [ -89.5513916015625, 28.661609649658203 ], [ -89.551406860351562, 28.66156005859375 ], [ -89.551422119140625, 28.661529541015625 ], [ -89.551582336425781, 28.661319732666016 ], [ -89.551841735839844, 28.661230087280273 ] ] ] } },
{ "type": "Feature", "properties": { "cluster_id": 189 }, "geometry": { "type": "Polygon", "coordinates": [ [ [ -122.844482421875, 45.792331695556641 ], [ -122.844528198242188, 45.792339324951172 ], [ -122.844589233398438, 45.7923583984375 ], [ -122.844589233398438, 45.792381286621094 ], [ -122.844520568847656, 45.793010711669922 ], [ -122.844482421875, 45.793079376220703 ], [ -122.796371459960938, 45.867080688476562 ], [ -122.796310424804688, 45.867050170898438 ], [ -122.776626586914062, 45.856719970703125 ], [ -122.776626586914062, 45.856708526611328 ], [ -122.821006774902344, 45.805038452148438 ], [ -122.843589782714844, 45.792781829833984 ], [ -122.844398498535156, 45.792369842529297 ], [ -122.844436645507812, 45.792350769042969 ], [ -122.844482421875, 45.792331695556641 ] ] ] } },
{ "type": "Feature", "properties": { "cluster_id": 181 }, "geometry": { "type": "Polygon", "coordinates": [ [ [ -90.782417297363281, 41.454490661621094 ], [ -90.782432556152344, 41.454498291015625 ], [ -90.782447814941406, 41.45452880859375 ], [ -90.782447814941406, 41.454540252685547 ], [ -90.782417297363281, 41.454551696777344 ], [ -90.782402038574219, 41.45452880859375 ], [ -90.782402038574219, 41.454498291015625 ], [ -90.78240966796875, 41.454490661621094 ], [ -90.782417297363281, 41.454490661621094 ] ] ] } },
{ "type": "Feature", "properties": { "cluster_id": 338 }, "geometry": { "type": "Polygon", "coordinates": [ [ [ -71.200653076171875, 41.673141479492188 ], [ -71.20068359375, 41.673149108886719 ], [ -71.200691223144531, 41.673160552978516 ], [ -71.200736999511719, 41.673431396484375 ], [ -71.200736999511719, 41.673469543457031 ], [ -71.200721740722656, 41.673519134521484 ], [ -71.164199829101562, 41.706920623779297 ], [ -71.163970947265625, 41.706611633300781 ], [ -71.163787841796875, 41.706050872802734 ], [ -71.163963317871094, 41.705780029296875 ], [ -71.200653076171875, 41.673141479492188 ] ] ] } },
{ "type": "Feature", "properties": { "cluster_id": 252 }, "geometry": { "type": "Polygon", "coordinates": [ [ [ -82.877487182617188, 38.692939758300781 ], [ -82.877540588378906, 38.692958831787109 ], [ -82.877983093261719, 38.693149566650391 ], [ -82.878196716308594, 38.693450927734375 ], [ -82.876907348632812, 38.702171325683594 ], [ -82.869743347167969, 38.728828430175781 ], [ -82.869712829589844, 38.728851318359375 ], [ -82.869522094726562, 38.728858947753906 ], [ -82.869377136230469, 38.728668212890625 ], [ -82.8692626953125, 38.728118896484375 ], [ -82.8692626953125, 38.728069305419922 ], [ -82.877487182617188, 38.692939758300781 ] ] ] } },
{ "type": "Feature", "properties": { "cluster_id": 158 }, "geometry": { "type": "Polygon", "coordinates": [ [ [ -80.045112609863281, 40.473911285400391 ], [ -80.045242309570312, 40.473941802978516 ], [ -80.091171264648438, 40.50537109375 ], [ -80.091171264648438, 40.505588531494141 ], [ -80.091163635253906, 40.505588531494141 ], [ -80.089797973632812, 40.505161285400391 ], [ -80.085807800292969, 40.503860473632812 ], [ -80.07611083984375, 40.500621795654297 ], [ -80.045021057128906, 40.47412109375 ], [ -80.044998168945312, 40.474071502685547 ], [ -80.044967651367188, 40.4739990234375 ], [ -80.044960021972656, 40.473941802978516 ], [ -80.04498291015625, 40.473911285400391 ], [ -80.045112609863281, 40.473911285400391 ] ] ] } },
{ "type": "Feature", "properties": { "cluster_id": 188 }, "geometry": { "type": "Polygon", "coordinates": [ [ [ -90.075973510742188, 27.347249984741211 ], [ -90.076202392578125, 27.347309112548828 ], [ -90.076980590820312, 27.34807014465332 ], [ -90.077621459960938, 27.348789215087891 ], [ -90.077629089355469, 27.348850250244141 ], [ -90.077629089355469, 27.348880767822266 ], [ -90.077011108398438, 27.349969863891602 ], [ -90.076766967773438, 27.350109100341797 ], [ -89.92431640625, 27.370420455932617 ], [ -89.924179077148438, 27.37030029296875 ], [ -89.924179077148438, 27.37013053894043 ], [ -89.924331665039062, 27.369770050048828 ], [ -90.075973510742188, 27.347249984741211 ] ] ] } },
{ "type": "Feature", "properties": { "cluster_id": 170 }, "geometry": { "type": "Polygon", "coordinates": [ [ [ -122.905769348144531, 47.05255126953125 ], [ -122.905807495117188, 47.052558898925781 ], [ -122.905838012695312, 47.052581787109375 ], [ -122.905853271484375, 47.052619934082031 ], [ -122.906143188476562, 47.054111480712891 ], [ -122.9061279296875, 47.054229736328125 ], [ -122.906097412109375, 47.054279327392578 ], [ -122.905967712402344, 47.054210662841797 ], [ -122.905746459960938, 47.052570343017578 ], [ -122.905769348144531, 47.05255126953125 ] ] ] } },
{ "type": "Feature", "properties": { "cluster_id": 334 }, "geometry": { "type": "Polygon", "coordinates": [ [ [ -91.367530822753906, 28.748180389404297 ], [ -91.367607116699219, 28.748220443725586 ], [ -91.367622375488281, 28.748249053955078 ], [ -91.367622375488281, 28.748329162597656 ], [ -91.367538452148438, 28.748430252075195 ], [ -91.367507934570312, 28.748449325561523 ], [ -91.367431640625, 28.748409271240234 ], [ -91.367431640625, 28.748220443725586 ], [ -91.367462158203125, 28.748199462890625 ], [ -91.367500305175781, 28.748180389404297 ], [ -91.367530822753906, 28.748180389404297 ] ] ] } },
{ "type": "Feature", "properties": { "cluster_id": 32 }, "geometry": { "type": "Polygon", "coordinates": [ [ [ -120.293220520019531, 34.459941864013672 ], [ -120.293418884277344, 34.4599609375 ], [ -120.293510437011719, 34.459980010986328 ], [ -120.293533325195312, 34.459991455078125 ], [ -120.293586730957031, 34.460231781005859 ], [ -120.294219970703125, 34.464691162109375 ], [ -120.294143676757812, 34.464839935302734 ], [ -120.294059753417969, 34.464870452880859 ], [ -120.294021606445312, 34.464881896972656 ], [ -120.292778015136719, 34.464958190917969 ], [ -120.292472839355469, 34.464820861816406 ], [ -120.292457580566406, 34.464580535888672 ], [ -120.292442321777344, 34.460369110107422 ], [ -120.29254150390625, 34.460208892822266 ], [ -120.292823791503906, 34.460060119628906 ], [ -120.292953491210938, 34.459999084472656 ], [ -120.292999267578125, 34.459980010986328 ], [ -120.293098449707031, 34.459949493408203 ], [ -120.293220520019531, 34.459941864013672 ] ] ] } },
{ "type": "Feature", "properties": { "cluster_id": 240 }, "geometry": { "type": "Polygon", "coordinates": [ [ [ -73.98114013671875, 41.91748046875 ], [ -73.981170654296875, 41.917488098144531 ], [ -73.981391906738281, 41.917568206787109 ], [ -73.982070922851562, 41.917869567871094 ], [ -73.9822998046875, 41.917999267578125 ], [ -73.982749938964844, 41.918819427490234 ], [ -73.982650756835938, 41.919059753417969 ], [ -73.982147216796875, 41.919349670410156 ], [ -73.982032775878906, 41.919300079345703 ], [ -73.980278015136719, 41.918468475341797 ], [ -73.980491638183594, 41.917659759521484 ], [ -73.98114013671875, 41.91748046875 ] ] ] } },
{ "type": "Feature", "properties": { "cluster_id": 224 }, "geometry": { "type": "Polygon", "coordinates": [ [ [ -122.414947509765625, 45.564979553222656 ], [ -122.414970397949219, 45.565021514892578 ], [ -122.414970397949219, 45.565090179443359 ], [ -122.414947509765625, 45.565139770507812 ], [ -122.414939880371094, 45.565151214599609 ], [ -122.414848327636719, 45.565151214599609 ], [ -122.414840698242188, 45.565101623535156 ], [ -122.414848327636719, 45.565029144287109 ], [ -122.414947509765625, 45.564979553222656 ] ] ] } },
{ "type": "Feature", "properties": { "cluster_id": 309 }, "geometry": { "type": "Polygon", "coordinates": [ [ [ -88.53656005859375, 37.043468475341797 ], [ -88.536598205566406, 37.043479919433594 ], [ -88.588851928710938, 37.078830718994141 ], [ -88.589241027832031, 37.079238891601562 ], [ -88.580368041992188, 37.090011596679688 ], [ -88.580337524414062, 37.090011596679688 ], [ -88.5318603515625, 37.068649291992188 ], [ -88.532707214355469, 37.058578491210938 ], [ -88.536521911621094, 37.043479919433594 ], [ -88.53656005859375, 37.043468475341797 ] ] ] } },
{ "type": "Feature", "properties": { "cluster_id": 184 }, "geometry": { "type": "Polygon", "coordinates": [ [ [ -90.45654296875, 40.011199951171875 ], [ -90.456611633300781, 40.01123046875 ], [ -90.456642150878906, 40.011268615722656 ], [ -90.456680297851562, 40.011329650878906 ], [ -90.430351257324219, 40.052970886230469 ], [ -90.430183410644531, 40.053020477294922 ], [ -90.429962158203125, 40.053081512451172 ], [ -90.428810119628906, 40.05126953125 ], [ -90.428337097167969, 40.041538238525391 ], [ -90.430122375488281, 40.035068511962891 ], [ -90.433761596679688, 40.024539947509766 ], [ -90.435302734375, 40.021068572998047 ], [ -90.4381103515625, 40.017471313476562 ], [ -90.438133239746094, 40.017459869384766 ], [ -90.446212768554688, 40.013938903808594 ], [ -90.456336975097656, 40.011238098144531 ], [ -90.456527709960938, 40.011199951171875 ], [ -90.45654296875, 40.011199951171875 ] ] ] } },
{ "type": "Feature", "properties": { "cluster_id": 1 }, "geometry": { "type": "Polygon", "coordinates": [ [ [ -82.703140258789062, 28.955690383911133 ], [ -82.703369140625, 28.955759048461914 ], [ -82.703392028808594, 28.955780029296875 ], [ -82.703910827636719, 28.956310272216797 ], [ -82.703887939453125, 28.956340789794922 ], [ -82.703788757324219, 28.956350326538086 ], [ -82.702987670898438, 28.9564208984375 ], [ -82.702949523925781, 28.956340789794922 ], [ -82.70294189453125, 28.956279754638672 ], [ -82.70294189453125, 28.956270217895508 ], [ -82.702957153320312, 28.955720901489258 ], [ -82.702987670898438, 28.955699920654297 ], [ -82.703140258789062, 28.955690383911133 ] ] ] } },
{ "type": "Feature", "properties": { "cluster_id": 81 }, "geometry": { "type": "Polygon", "coordinates": [ [ [ -96.776901245117188, 28.486270904541016 ], [ -96.778053283691406, 28.486970901489258 ], [ -96.799476623535156, 28.507669448852539 ], [ -96.799591064453125, 28.507780075073242 ], [ -96.7999267578125, 28.508359909057617 ], [ -96.799949645996094, 28.508920669555664 ], [ -96.799819946289062, 28.508970260620117 ], [ -96.799781799316406, 28.508970260620117 ], [ -96.776832580566406, 28.490499496459961 ], [ -96.776626586914062, 28.486429214477539 ], [ -96.776626586914062, 28.486379623413086 ], [ -96.776817321777344, 28.486270904541016 ], [ -96.776901245117188, 28.486270904541016 ] ] ] } },
{ "type": "Feature", "properties": { "cluster_id": 210 }, "geometry": { "type": "Polygon", "coordinates": [ [ [ -90.879142761230469, 32.383800506591797 ], [ -90.901481628417969, 32.385059356689453 ], [ -90.901458740234375, 32.3851318359375 ], [ -90.901451110839844, 32.385139465332031 ], [ -90.898826599121094, 32.385929107666016 ], [ -90.881607055664062, 32.385398864746094 ], [ -90.879112243652344, 32.383888244628906 ], [ -90.879096984863281, 32.383869171142578 ], [ -90.87908935546875, 32.383831024169922 ], [ -90.879119873046875, 32.383808135986328 ], [ -90.879142761230469, 32.383800506591797 ] ] ] } },
{ "type": "Feature", "properties": { "cluster_id": 323 }, "geometry": { "type": "Polygon", "coordinates": [ [ [ -77.245033264160156, 37.307010650634766 ], [ -77.26605224609375, 37.307151794433594 ], [ -77.266212463378906, 37.307159423828125 ], [ -77.266319274902344, 37.3072509765625 ], [ -77.266799926757812, 37.307750701904297 ], [ -77.263069152832031, 37.336479187011719 ], [ -77.262092590332031, 37.336391448974609 ], [ -77.260490417480469, 37.33551025390625 ], [ -77.260231018066406, 37.335350036621094 ], [ -77.26019287109375, 37.335319519042969 ], [ -77.25927734375, 37.334449768066406 ], [ -77.245033264160156, 37.307010650634766 ] ] ] } },
{ "type": "Feature", "properties": { "cluster_id": 298 }, "geometry": { "type": "Polygon", "coordinates": [ [ [ -119.683319091796875, 34.395980834960938 ], [ -119.683502197265625, 34.396099090576172 ], [ -119.683616638183594, 34.39617919921875 ], [ -119.691253662109375, 34.406391143798828 ], [ -119.691230773925781, 34.406528472900391 ], [ -119.691177368164062, 34.406681060791016 ], [ -119.691032409667969, 34.406761169433594 ], [ -119.68267822265625, 34.397029876708984 ], [ -119.68267822265625, 34.396770477294922 ], [ -119.682731628417969, 34.396648406982422 ], [ -119.683067321777344, 34.396228790283203 ], [ -119.683319091796875, 34.395980834960938 ] ] ] } },
{ "type": "Feature", "properties": { "cluster_id": 217 }, "geometry": { "type": "Polygon", "coordinates": [ [ [ -78.789268493652344, 26.512130737304688 ], [ -78.795997619628906, 26.514369964599609 ], [ -78.804641723632812, 26.518409729003906 ], [ -78.805152893066406, 26.518789291381836 ], [ -78.81317138671875, 26.527500152587891 ], [ -78.813667297363281, 26.528829574584961 ], [ -78.813499450683594, 26.529329299926758 ], [ -78.81317138671875, 26.529670715332031 ], [ -78.758468627929688, 26.537429809570312 ], [ -78.758430480957031, 26.537429809570312 ], [ -78.752456665039062, 26.53318977355957 ], [ -78.752456665039062, 26.533180236816406 ], [ -78.76141357421875, 26.520509719848633 ], [ -78.789268493652344, 26.512130737304688 ] ] ] } },
{ "type": "Feature", "properties": { "cluster_id": 91 }, "geometry": { "type": "Polygon", "coordinates": [ [ [ -118.322097778320312, 33.344551086425781 ], [ -118.3221435546875, 33.344619750976562 ], [ -118.3221435546875, 33.344631195068359 ], [ -118.322113037109375, 33.344661712646484 ], [ -118.313499450683594, 33.351268768310547 ], [ -118.313247680664062, 33.351230621337891 ], [ -118.313186645507812, 33.351211547851562 ], [ -118.3125, 33.350650787353516 ], [ -118.312431335449219, 33.350318908691406 ], [ -118.312469482421875, 33.349971771240234 ], [ -118.312530517578125, 33.349868774414062 ], [ -118.3126220703125, 33.3497314453125 ], [ -118.312820434570312, 33.349601745605469 ], [ -118.322097778320312, 33.344551086425781 ] ] ] } },
{ "type": "Feature", "properties": { "cluster_id": 254 }, "geometry": { "type": "Polygon", "coordinates": [ [ [ -65.6190185546875, 18.227960586547852 ], [ -65.620147705078125, 18.229669570922852 ], [ -65.620170593261719, 18.229759216308594 ], [ -65.620162963867188, 18.229780197143555 ], [ -65.620109558105469, 18.229820251464844 ], [ -65.619232177734375, 18.229490280151367 ], [ -65.619216918945312, 18.229480743408203 ], [ -65.619209289550781, 18.229469299316406 ], [ -65.619186401367188, 18.229410171508789 ], [ -65.6190185546875, 18.227960586547852 ] ] ] } },
{ "type": "Feature", "properties": { "cluster_id": 149 }, "geometry": { "type": "Polygon", "coordinates": [ [ [ -81.306396484375, 29.917570114135742 ], [ -81.306427001953125, 29.917610168457031 ], [ -81.306442260742188, 29.917640686035156 ], [ -81.306427001953125, 29.917850494384766 ], [ -81.306388854980469, 29.917850494384766 ], [ -81.306259155273438, 29.917779922485352 ], [ -81.306159973144531, 29.917709350585938 ], [ -81.306198120117188, 29.917610168457031 ], [ -81.306297302246094, 29.917570114135742 ], [ -81.306396484375, 29.917570114135742 ] ] ] } },
{ "type": "Feature", "properties": { "cluster_id": 291 }, "geometry": { "type": "Polygon", "coordinates": [ [ [ -73.202301025390625, 41.116611480712891 ], [ -73.202682495117188, 41.116649627685547 ], [ -73.202880859375, 41.116920471191406 ], [ -73.202880859375, 41.117118835449219 ], [ -73.2003173828125, 41.129901885986328 ], [ -73.200271606445312, 41.130111694335938 ], [ -73.200050354003906, 41.130508422851562 ], [ -73.173263549804688, 41.167221069335938 ], [ -73.170066833496094, 41.167228698730469 ], [ -73.169090270996094, 41.166801452636719 ], [ -73.169021606445312, 41.166751861572266 ], [ -73.169021606445312, 41.166740417480469 ], [ -73.198402404785156, 41.117408752441406 ], [ -73.198440551757812, 41.117359161376953 ], [ -73.198501586914062, 41.117328643798828 ], [ -73.202301025390625, 41.116611480712891 ] ] ] } },
{ "type": "Feature", "properties": { "cluster_id": 292 }, "geometry": { "type": "Polygon", "coordinates": [ [ [ -81.969139099121094, 26.450740814208984 ], [ -81.969383239746094, 26.450830459594727 ], [ -81.969528198242188, 26.4510498046875 ], [ -81.969528198242188, 26.451080322265625 ], [ -81.969512939453125, 26.451190948486328 ], [ -81.956733703613281, 26.457830429077148 ], [ -81.954391479492188, 26.458339691162109 ], [ -81.944099426269531, 26.456399917602539 ], [ -81.944061279296875, 26.456380844116211 ], [ -81.944023132324219, 26.45635986328125 ], [ -81.94354248046875, 26.455959320068359 ], [ -81.968788146972656, 26.450740814208984 ], [ -81.969139099121094, 26.450740814208984 ] ] ] } },
{ "type": "Feature", "properties": { "cluster_id": 177 }, "geometry": { "type": "Polygon", "coordinates": [ [ [ -123.837738037109375, 46.959129333496094 ], [ -123.912979125976562, 46.969718933105469 ], [ -123.857780456542969, 46.966030120849609 ], [ -123.834701538085938, 46.960121154785156 ], [ -123.834709167480469, 46.960041046142578 ], [ -123.834716796875, 46.960029602050781 ], [ -123.8350830078125, 46.959648132324219 ], [ -123.835227966308594, 46.959590911865234 ], [ -123.836959838867188, 46.959201812744141 ], [ -123.837722778320312, 46.959129333496094 ], [ -123.837738037109375, 46.959129333496094 ] ] ] } },
{ "type": "Feature", "properties": { "cluster_id": 236 }, "geometry": { "type": "Polygon", "coordinates": [ [ [ -148.67437744140625, 60.77716064453125 ], [ -148.69854736328125, 60.777839660644531 ], [ -148.6988525390625, 60.777999877929688 ], [ -148.698898315429688, 60.778228759765625 ], [ -148.698928833007812, 60.778450012207031 ], [ -148.698806762695312, 60.778469085693359 ], [ -148.668746948242188, 60.778388977050781 ], [ -148.668701171875, 60.77838134765625 ], [ -148.668624877929688, 60.778350830078125 ], [ -148.668609619140625, 60.778331756591797 ], [ -148.668594360351562, 60.778278350830078 ], [ -148.668685913085938, 60.778228759765625 ], [ -148.672805786132812, 60.777400970458984 ], [ -148.67437744140625, 60.77716064453125 ] ] ] } },
{ "type": "Feature", "properties": { "cluster_id": 313 }, "geometry": { "type": "Polygon", "coordinates": [ [ [ -74.010002136230469, 41.471809387207031 ], [ -74.010017395019531, 41.471820831298828 ], [ -74.010040283203125, 41.471851348876953 ], [ -74.010040283203125, 41.471969604492188 ], [ -74.009490966796875, 41.478939056396484 ], [ -74.006500244140625, 41.487159729003906 ], [ -74.006431579589844, 41.487220764160156 ], [ -74.00628662109375, 41.487228393554688 ], [ -74.0059814453125, 41.487129211425781 ], [ -74.009841918945312, 41.471988677978516 ], [ -74.009918212890625, 41.471870422363281 ], [ -74.010002136230469, 41.471809387207031 ] ] ] } },
{ "type": "Feature", "properties": { "cluster_id": 332 }, "geometry": { "type": "Polygon", "coordinates": [ [ [ -176.638259887695312, 51.860538482666016 ], [ -176.638442993164062, 51.86083984375 ], [ -176.63848876953125, 51.861289978027344 ], [ -176.638107299804688, 51.861968994140625 ], [ -176.6380615234375, 51.862030029296875 ], [ -176.637542724609375, 51.862091064453125 ], [ -176.637496948242188, 51.862041473388672 ], [ -176.637313842773438, 51.861839294433594 ], [ -176.637847900390625, 51.860790252685547 ], [ -176.638259887695312, 51.860538482666016 ] ] ] } },
{ "type": "Feature", "properties": { "cluster_id": 20 }, "geometry": { "type": "Polygon", "coordinates": [ [ [ -87.38580322265625, 46.577289581298828 ], [ -87.388740539550781, 46.57952880859375 ], [ -87.389198303222656, 46.580078125 ], [ -87.389236450195312, 46.580169677734375 ], [ -87.389198303222656, 46.580551147460938 ], [ -87.389053344726562, 46.580829620361328 ], [ -87.387176513671875, 46.579200744628906 ], [ -87.385749816894531, 46.57733154296875 ], [ -87.385749816894531, 46.577289581298828 ], [ -87.38580322265625, 46.577289581298828 ] ] ] } },
{ "type": "Feature", "properties": { "cluster_id": 270 }, "geometry": { "type": "Polygon", "coordinates": [ [ [ -90.642219543457031, 27.792800903320312 ], [ -90.644538879394531, 27.792839050292969 ], [ -90.648017883300781, 27.795099258422852 ], [ -90.648086547851562, 27.795200347900391 ], [ -90.648078918457031, 27.795339584350586 ], [ -90.648017883300781, 27.795379638671875 ], [ -90.647987365722656, 27.795389175415039 ], [ -90.647911071777344, 27.795370101928711 ], [ -90.642219543457031, 27.792819976806641 ], [ -90.6422119140625, 27.792810440063477 ], [ -90.6422119140625, 27.792800903320312 ], [ -90.642219543457031, 27.792800903320312 ] ] ] } },
{ "type": "Feature", "properties": { "cluster_id": 205 }, "geometry": { "type": "Polygon", "coordinates": [ [ [ -70.808792114257812, 43.116081237792969 ], [ -70.810806274414062, 43.116191864013672 ], [ -70.812057495117188, 43.11724853515625 ], [ -70.812156677246094, 43.117439270019531 ], [ -70.812332153320312, 43.117820739746094 ], [ -70.808921813964844, 43.116458892822266 ], [ -70.808609008789062, 43.116321563720703 ], [ -70.808792114257812, 43.116081237792969 ] ] ] } },
{ "type": "Feature", "properties": { "cluster_id": 225 }, "geometry": { "type": "Polygon", "coordinates": [ [ [ -88.441322326660156, 33.445529937744141 ], [ -88.44146728515625, 33.445549011230469 ], [ -88.441482543945312, 33.445571899414062 ], [ -88.443153381347656, 33.470401763916016 ], [ -88.443000793457031, 33.470371246337891 ], [ -88.430351257324219, 33.459930419921875 ], [ -88.430366516113281, 33.45989990234375 ], [ -88.440071105957031, 33.4456787109375 ], [ -88.441322326660156, 33.445529937744141 ] ] ] } },
{ "type": "Feature", "properties": { "cluster_id": 227 }, "geometry": { "type": "Polygon", "coordinates": [ [ [ -79.588432312011719, 32.561908721923828 ], [ -79.634750366210938, 32.566318511962891 ], [ -79.635169982910156, 32.566368103027344 ], [ -79.636070251464844, 32.566738128662109 ], [ -79.636222839355469, 32.566818237304688 ], [ -79.636322021484375, 32.566890716552734 ], [ -79.636688232421875, 32.567169189453125 ], [ -79.637481689453125, 32.567779541015625 ], [ -79.63739013671875, 32.568000793457031 ], [ -79.636260986328125, 32.56964111328125 ], [ -79.550209045410156, 32.631050109863281 ], [ -79.535331726074219, 32.625598907470703 ], [ -79.535636901855469, 32.588161468505859 ], [ -79.535682678222656, 32.588088989257812 ], [ -79.537017822265625, 32.586711883544922 ], [ -79.587448120117188, 32.562091827392578 ], [ -79.588432312011719, 32.561908721923828 ] ] ] } },
{ "type": "Feature", "properties": { "cluster_id": 306 }, "geometry": { "type": "Polygon", "coordinates": [ [ [ -134.685073852539062, 58.381278991699219 ], [ -134.687423706054688, 58.381378173828125 ], [ -134.687454223632812, 58.381389617919922 ], [ -134.687454223632812, 58.38140869140625 ], [ -134.687423706054688, 58.38140869140625 ], [ -134.685043334960938, 58.381340026855469 ], [ -134.685012817382812, 58.381328582763672 ], [ -134.685073852539062, 58.381278991699219 ] ] ] } },
{ "type": "Feature", "properties": { "cluster_id": 307 }, "geometry": { "type": "Polygon", "coordinates": [ [ [ -94.548301696777344, 28.929019927978516 ], [ -94.60357666015625, 28.959360122680664 ], [ -94.603668212890625, 28.959440231323242 ], [ -94.603660583496094, 28.959470748901367 ], [ -94.602882385253906, 28.961669921875 ], [ -94.602821350097656, 28.961769104003906 ], [ -94.602752685546875, 28.96183967590332 ], [ -94.602691650390625, 28.961849212646484 ], [ -94.555000305175781, 28.965000152587891 ], [ -94.553657531738281, 28.965070724487305 ], [ -94.553337097167969, 28.964950561523438 ], [ -94.551788330078125, 28.963779449462891 ], [ -94.551620483398438, 28.963569641113281 ], [ -94.550857543945312, 28.962469100952148 ], [ -94.550727844238281, 28.961009979248047 ], [ -94.548179626464844, 28.929100036621094 ], [ -94.548233032226562, 28.929019927978516 ], [ -94.548301696777344, 28.929019927978516 ] ] ] } },
{ "type": "Feature", "properties": { "cluster_id": 248 }, "geometry": { "type": "Polygon", "coordinates": [ [ [ -93.193710327148438, 29.317399978637695 ], [ -93.193878173828125, 29.31743049621582 ], [ -93.251129150390625, 29.327999114990234 ], [ -93.252082824707031, 29.328569412231445 ], [ -93.252082824707031, 29.328609466552734 ], [ -93.251869201660156, 29.328680038452148 ], [ -93.2518310546875, 29.328680038452148 ], [ -93.192611694335938, 29.318849563598633 ], [ -93.192459106445312, 29.318820953369141 ], [ -93.192413330078125, 29.31879997253418 ], [ -93.192398071289062, 29.318790435791016 ], [ -93.192367553710938, 29.318759918212891 ], [ -93.192367553710938, 29.318750381469727 ], [ -93.1923828125, 29.318729400634766 ], [ -93.192398071289062, 29.318710327148438 ], [ -93.192428588867188, 29.318679809570312 ], [ -93.193710327148438, 29.317399978637695 ] ] ] } },
{ "type": "Feature", "properties": { "cluster_id": 43 }, "geometry": { "type": "Polygon", "coordinates": [ [ [ -95.044563293457031, 29.207559585571289 ], [ -95.208198547363281, 29.212070465087891 ], [ -95.210411071777344, 29.213890075683594 ], [ -95.217819213867188, 29.240219116210938 ], [ -95.217819213867188, 29.240249633789062 ], [ -94.997810363769531, 29.257209777832031 ], [ -94.99774169921875, 29.257040023803711 ], [ -94.997726440429688, 29.256980895996094 ], [ -94.999382019042969, 29.25507926940918 ], [ -95.042098999023438, 29.208429336547852 ], [ -95.044418334960938, 29.20758056640625 ], [ -95.044563293457031, 29.207559585571289 ] ] ] } },
{ "type": "Feature", "properties": { "cluster_id": 122 }, "geometry": { "type": "Polygon", "coordinates": [ [ [ -96.852958679199219, 27.383800506591797 ], [ -96.853103637695312, 27.383819580078125 ], [ -96.906532287597656, 27.403909683227539 ], [ -96.906822204589844, 27.404630661010742 ], [ -96.906959533691406, 27.405040740966797 ], [ -96.873153686523438, 27.429609298706055 ], [ -96.873062133789062, 27.429630279541016 ], [ -96.872276306152344, 27.429609298706055 ], [ -96.851509094238281, 27.384420394897461 ], [ -96.852958679199219, 27.383800506591797 ] ] ] } },
{ "type": "Feature", "properties": { "cluster_id": 29 }, "geometry": { "type": "Polygon", "coordinates": [ [ [ -81.725830078125, 43.745510101318359 ], [ -81.726959228515625, 43.745639801025391 ], [ -81.727027893066406, 43.745651245117188 ], [ -81.731239318847656, 43.746990203857422 ], [ -81.731239318847656, 43.747001647949219 ], [ -81.731201171875, 43.747020721435547 ], [ -81.731040954589844, 43.747028350830078 ], [ -81.73101806640625, 43.747028350830078 ], [ -81.72540283203125, 43.745620727539062 ], [ -81.725372314453125, 43.745601654052734 ], [ -81.725433349609375, 43.745578765869141 ], [ -81.725677490234375, 43.745510101318359 ], [ -81.725830078125, 43.745510101318359 ] ] ] } },
{ "type": "Feature", "properties": { "cluster_id": 328 }, "geometry": { "type": "Polygon", "coordinates": [ [ [ -95.66943359375, 28.763999938964844 ], [ -95.669181823730469, 28.764720916748047 ], [ -95.541671752929688, 28.810979843139648 ], [ -95.541900634765625, 28.810739517211914 ], [ -95.543792724609375, 28.808929443359375 ], [ -95.544418334960938, 28.808420181274414 ], [ -95.544647216796875, 28.80824089050293 ], [ -95.54547119140625, 28.80763053894043 ], [ -95.557319641113281, 28.800750732421875 ], [ -95.557876586914062, 28.800460815429688 ], [ -95.567733764648438, 28.795600891113281 ], [ -95.66943359375, 28.763999938964844 ] ] ] } },
{ "type": "Feature", "properties": { "cluster_id": 277 }, "geometry": { "type": "Polygon", "coordinates": [ [ [ -89.103790283203125, 28.153749465942383 ], [ -89.103858947753906, 28.153829574584961 ], [ -89.103759765625, 28.153959274291992 ], [ -89.103652954101562, 28.154020309448242 ], [ -89.103538513183594, 28.153970718383789 ], [ -89.103530883789062, 28.153909683227539 ], [ -89.103553771972656, 28.153799057006836 ], [ -89.103668212890625, 28.153749465942383 ], [ -89.103790283203125, 28.153749465942383 ] ] ] } },
{ "type": "Feature", "properties": { "cluster_id": 134 }, "geometry": { "type": "Polygon", "coordinates": [ [ [ -90.764091491699219, 27.111589431762695 ], [ -90.764419555664062, 27.111629486083984 ], [ -90.76409912109375, 27.111759185791016 ], [ -90.764030456542969, 27.111669540405273 ], [ -90.764076232910156, 27.111600875854492 ], [ -90.764091491699219, 27.111589431762695 ] ] ] } },
{ "type": "Feature", "properties": { "cluster_id": 161 }, "geometry": { "type": "Polygon", "coordinates": [ [ [ -91.79852294921875, 29.680120468139648 ], [ -91.798667907714844, 29.680210113525391 ], [ -91.798622131347656, 29.680360794067383 ], [ -91.798553466796875, 29.680479049682617 ], [ -91.79840087890625, 29.680509567260742 ], [ -91.798377990722656, 29.680509567260742 ], [ -91.798347473144531, 29.680419921875 ], [ -91.798332214355469, 29.680360794067383 ], [ -91.798332214355469, 29.680349349975586 ], [ -91.79833984375, 29.680299758911133 ], [ -91.798370361328125, 29.68025016784668 ], [ -91.7984619140625, 29.680149078369141 ], [ -91.79852294921875, 29.680120468139648 ] ] ] } },
{ "type": "Feature", "properties": { "cluster_id": 265 }, "geometry": { "type": "Polygon", "coordinates": [ [ [ -87.380317687988281, 44.828990936279297 ], [ -87.380340576171875, 44.828998565673828 ], [ -87.380363464355469, 44.829021453857422 ], [ -87.387603759765625, 44.843101501464844 ], [ -87.387588500976562, 44.843120574951172 ], [ -87.387580871582031, 44.843128204345703 ], [ -87.387550354003906, 44.843128204345703 ], [ -87.381919860839844, 44.837718963623047 ], [ -87.38031005859375, 44.829029083251953 ], [ -87.38031005859375, 44.828990936279297 ], [ -87.380317687988281, 44.828990936279297 ] ] ] } },
{ "type": "Feature", "properties": { "cluster_id": 271 }, "geometry": { "type": "Polygon", "coordinates": [ [ [ -96.004600524902344, 28.668659210205078 ], [ -96.004829406738281, 28.66880989074707 ], [ -96.00128173828125, 28.670860290527344 ], [ -95.976570129394531, 28.683139801025391 ], [ -95.943191528320312, 28.697629928588867 ], [ -95.921272277832031, 28.706329345703125 ], [ -95.920478820800781, 28.706640243530273 ], [ -95.920440673828125, 28.706649780273438 ], [ -95.920486450195312, 28.706600189208984 ], [ -95.977058410644531, 28.680120468139648 ], [ -96.004600524902344, 28.668659210205078 ] ] ] } },
{ "type": "Feature", "properties": { "cluster_id": 208 }, "geometry": { "type": "Polygon", "coordinates": [ [ [ -80.223411560058594, 32.690071105957031 ], [ -80.225700378417969, 32.692241668701172 ], [ -80.225700378417969, 32.692298889160156 ], [ -80.225669860839844, 32.692329406738281 ], [ -80.22564697265625, 32.692340850830078 ], [ -80.22393798828125, 32.692050933837891 ], [ -80.223388671875, 32.690109252929688 ], [ -80.223388671875, 32.690090179443359 ], [ -80.223411560058594, 32.690071105957031 ] ] ] } },
{ "type": "Feature", "properties": { "cluster_id": 148 }, "geometry": { "type": "Polygon", "coordinates": [ [ [ -88.090850830078125, 41.511070251464844 ], [ -88.090950012207031, 41.5111083984375 ], [ -88.092643737792969, 41.512161254882812 ], [ -88.089683532714844, 41.515419006347656 ], [ -88.088417053222656, 41.515571594238281 ], [ -88.088218688964844, 41.515560150146484 ], [ -88.088150024414062, 41.515518188476562 ], [ -88.088150024414062, 41.515510559082031 ], [ -88.089218139648438, 41.512779235839844 ], [ -88.0894775390625, 41.512458801269531 ], [ -88.090850830078125, 41.511070251464844 ] ] ] } },
{ "type": "Feature", "properties": { "cluster_id": 131 }, "geometry": { "type": "Polygon", "coordinates": [ [ [ -74.874107360839844, 40.079010009765625 ], [ -74.873802185058594, 40.079620361328125 ], [ -74.873756408691406, 40.079681396484375 ], [ -74.823020935058594, 40.128170013427734 ], [ -74.822639465332031, 40.128391265869141 ], [ -74.754989624023438, 40.139381408691406 ], [ -74.754928588867188, 40.139389038085938 ], [ -74.754898071289062, 40.139389038085938 ], [ -74.754859924316406, 40.139358520507812 ], [ -74.754890441894531, 40.139289855957031 ], [ -74.754959106445312, 40.139171600341797 ], [ -74.874107360839844, 40.079010009765625 ] ] ] } },
{ "type": "Feature", "properties": { "cluster_id": 2 }, "geometry": { "type": "Polygon", "coordinates": [ [ [ -149.891555786132812, 61.236858367919922 ], [ -149.891571044921875, 61.2369384765625 ], [ -149.891876220703125, 61.240028381347656 ], [ -149.8865966796875, 61.243698120117188 ], [ -149.886306762695312, 61.243671417236328 ], [ -149.886245727539062, 61.243648529052734 ], [ -149.888504028320312, 61.240341186523438 ], [ -149.889617919921875, 61.238918304443359 ], [ -149.891403198242188, 61.236919403076172 ], [ -149.891494750976562, 61.236869812011719 ], [ -149.891555786132812, 61.236858367919922 ] ] ] } },
{ "type": "Feature", "properties": { "cluster_id": 198 }, "geometry": { "type": "Polygon", "coordinates": [ [ [ 144.66424560546875, 13.422920227050781 ], [ 144.664215087890625, 13.422929763793945 ], [ 144.629913330078125, 13.446459770202637 ], [ 144.629898071289062, 13.446470260620117 ], [ 144.6298828125, 13.446499824523926 ], [ 144.629867553710938, 13.446530342102051 ], [ 144.636093139648438, 13.459489822387695 ], [ 144.636215209960938, 13.45973014831543 ], [ 144.636337280273438, 13.459930419921875 ], [ 144.636489868164062, 13.460080146789551 ], [ 144.668594360351562, 13.460519790649414 ], [ 144.671234130859375, 13.460490226745605 ], [ 144.671356201171875, 13.460450172424316 ], [ 144.671463012695312, 13.460330009460449 ], [ 144.668746948242188, 13.437270164489746 ], [ 144.668716430664062, 13.437159538269043 ], [ 144.66424560546875, 13.422920227050781 ] ] ] } },
{ "type": "Feature", "properties": { "cluster_id": 253 }, "geometry": { "type": "Polygon", "coordinates": [ [ [ -122.691230773925781, 47.911468505859375 ], [ -122.690940856933594, 47.912090301513672 ], [ -122.689689636230469, 47.914070129394531 ], [ -122.685630798339844, 47.917530059814453 ], [ -122.685340881347656, 47.917720794677734 ], [ -122.685317993164062, 47.917728424072266 ], [ -122.683738708496094, 47.917758941650391 ], [ -122.683860778808594, 47.917568206787109 ], [ -122.691230773925781, 47.911468505859375 ] ] ] } },
{ "type": "Feature", "properties": { "cluster_id": 336 }, "geometry": { "type": "Polygon", "coordinates": [ [ [ -91.991981506347656, 29.408220291137695 ], [ -91.992813110351562, 29.40825080871582 ], [ -91.992996215820312, 29.408649444580078 ], [ -91.993247985839844, 29.415050506591797 ], [ -91.991729736328125, 29.408929824829102 ], [ -91.991836547851562, 29.408559799194336 ], [ -91.991981506347656, 29.408220291137695 ] ] ] } },
{ "type": "Feature", "properties": { "cluster_id": 230 }, "geometry": { "type": "Polygon", "coordinates": [ [ [ -75.098617553710938, 38.859798431396484 ], [ -75.107017517089844, 38.861030578613281 ], [ -75.109756469726562, 38.864849090576172 ], [ -75.123512268066406, 38.899589538574219 ], [ -75.123588562011719, 38.899898529052734 ], [ -75.123588562011719, 38.900218963623047 ], [ -75.123481750488281, 38.900531768798828 ], [ -75.1197509765625, 38.898349761962891 ], [ -75.119476318359375, 38.898159027099609 ], [ -75.097152709960938, 38.863071441650391 ], [ -75.097076416015625, 38.862838745117188 ], [ -75.097076416015625, 38.862739562988281 ], [ -75.097297668457031, 38.860721588134766 ], [ -75.097488403320312, 38.860179901123047 ], [ -75.097557067871094, 38.860118865966797 ], [ -75.097702026367188, 38.860008239746094 ], [ -75.098617553710938, 38.859798431396484 ] ] ] } },
{ "type": "Feature", "properties": { "cluster_id": 333 }, "geometry": { "type": "Polygon", "coordinates": [ [ [ -88.5140380859375, 33.808841705322266 ], [ -88.514373779296875, 33.809169769287109 ], [ -88.520050048828125, 33.830158233642578 ], [ -88.520011901855469, 33.830379486083984 ], [ -88.519981384277344, 33.830318450927734 ], [ -88.519630432128906, 33.829231262207031 ], [ -88.514129638671875, 33.810829162597656 ], [ -88.513847351074219, 33.808979034423828 ], [ -88.5140380859375, 33.808841705322266 ] ] ] } },
{ "type": "Feature", "properties": { "cluster_id": 117 }, "geometry": { "type": "Polygon", "coordinates": [ [ [ -88.464546203613281, 30.165779113769531 ], [ -88.490089416503906, 30.166219711303711 ], [ -88.490341186523438, 30.166290283203125 ], [ -88.51177978515625, 30.177560806274414 ], [ -88.512008666992188, 30.177740097045898 ], [ -88.512153625488281, 30.17786979675293 ], [ -88.512420654296875, 30.178300857543945 ], [ -88.512519836425781, 30.178569793701172 ], [ -88.512542724609375, 30.178730010986328 ], [ -88.512550354003906, 30.179069519042969 ], [ -88.512496948242188, 30.179679870605469 ], [ -88.512489318847656, 30.179719924926758 ], [ -88.512481689453125, 30.179740905761719 ], [ -88.512466430664062, 30.179769515991211 ], [ -88.51239013671875, 30.17987060546875 ], [ -88.508583068847656, 30.179470062255859 ], [ -88.464279174804688, 30.167190551757812 ], [ -88.464187622070312, 30.167030334472656 ], [ -88.464149475097656, 30.166929244995117 ], [ -88.464103698730469, 30.166730880737305 ], [ -88.464103698730469, 30.166709899902344 ], [ -88.464111328125, 30.166450500488281 ], [ -88.464126586914062, 30.166410446166992 ], [ -88.464256286621094, 30.166170120239258 ], [ -88.464279174804688, 30.166130065917969 ], [ -88.464309692382812, 30.166080474853516 ], [ -88.464546203613281, 30.165779113769531 ] ] ] } },
{ "type": "Feature", "properties": { "cluster_id": 119 }, "geometry": { "type": "Polygon", "coordinates": [ [ [ -73.938972473144531, 41.688381195068359 ], [ -73.939018249511719, 41.688430786132812 ], [ -73.945518493652344, 41.706600189208984 ], [ -73.944717407226562, 41.707748413085938 ], [ -73.943328857421875, 41.707878112792969 ], [ -73.940818786621094, 41.707931518554688 ], [ -73.940727233886719, 41.707901000976562 ], [ -73.938850402832031, 41.688480377197266 ], [ -73.938850402832031, 41.688468933105469 ], [ -73.938873291015625, 41.688430786132812 ], [ -73.938919067382812, 41.688381195068359 ], [ -73.938972473144531, 41.688381195068359 ] ] ] } },
{ "type": "Feature", "properties": { "cluster_id": 317 }, "geometry": { "type": "Polygon", "coordinates": [ [ [ -91.3951416015625, 30.762250900268555 ], [ -91.395240783691406, 30.762260437011719 ], [ -91.395439147949219, 30.762680053710938 ], [ -91.395393371582031, 30.762699127197266 ], [ -91.383010864257812, 30.763799667358398 ], [ -91.382362365722656, 30.763769149780273 ], [ -91.381240844726562, 30.763370513916016 ], [ -91.381248474121094, 30.763290405273438 ], [ -91.38128662109375, 30.763120651245117 ], [ -91.3814697265625, 30.762409210205078 ], [ -91.395118713378906, 30.762250900268555 ], [ -91.3951416015625, 30.762250900268555 ] ] ] } },
{ "type": "Feature", "properties": { "cluster_id": 169 }, "geometry": { "type": "Polygon", "coordinates": [ [ [ -123.356216430664062, 48.332401275634766 ], [ -123.35784912109375, 48.333209991455078 ], [ -123.358932495117188, 48.333950042724609 ], [ -123.361587524414062, 48.337711334228516 ], [ -123.361671447753906, 48.338710784912109 ], [ -123.361671447753906, 48.349960327148438 ], [ -123.361579895019531, 48.352149963378906 ], [ -123.361541748046875, 48.352920532226562 ], [ -123.361419677734375, 48.352939605712891 ], [ -123.360748291015625, 48.353000640869141 ], [ -123.36004638671875, 48.352981567382812 ], [ -123.32525634765625, 48.351791381835938 ], [ -123.322219848632812, 48.351631164550781 ], [ -123.321907043457031, 48.351600646972656 ], [ -123.319549560546875, 48.350730895996094 ], [ -123.319122314453125, 48.350330352783203 ], [ -123.318832397460938, 48.349948883056641 ], [ -123.31878662109375, 48.349849700927734 ], [ -123.318717956542969, 48.349628448486328 ], [ -123.318733215332031, 48.349590301513672 ], [ -123.318748474121094, 48.349571228027344 ], [ -123.335906982421875, 48.341388702392578 ], [ -123.355072021484375, 48.332588195800781 ], [ -123.356216430664062, 48.332401275634766 ] ] ] } },
{ "type": "Feature", "properties": { "cluster_id": 325 }, "geometry": { "type": "Polygon", "coordinates": [ [ [ -89.580757141113281, 30.229610443115234 ], [ -89.577606201171875, 30.232700347900391 ], [ -89.577308654785156, 30.232980728149414 ], [ -89.576919555664062, 30.232719421386719 ], [ -89.576911926269531, 30.232610702514648 ], [ -89.577011108398438, 30.232089996337891 ], [ -89.577301025390625, 30.231529235839844 ], [ -89.577583312988281, 30.231349945068359 ], [ -89.578010559082031, 30.231090545654297 ], [ -89.580757141113281, 30.229610443115234 ] ] ] } },
{ "type": "Feature", "properties": { "cluster_id": 110 }, "geometry": { "type": "Polygon", "coordinates": [ [ [ -122.74005126953125, 47.734291076660156 ], [ -122.7401123046875, 47.734298706054688 ], [ -122.740150451660156, 47.734310150146484 ], [ -122.740249633789062, 47.734409332275391 ], [ -122.740081787109375, 47.734439849853516 ], [ -122.740043640136719, 47.734439849853516 ], [ -122.739967346191406, 47.734428405761719 ], [ -122.73992919921875, 47.734321594238281 ], [ -122.74005126953125, 47.734291076660156 ] ] ] } },
{ "type": "Feature", "properties": { "cluster_id": 322 }, "geometry": { "type": "Polygon", "coordinates": [ [ [ -84.55853271484375, 46.449810028076172 ], [ -84.558792114257812, 46.449840545654297 ], [ -84.558906555175781, 46.449871063232422 ], [ -84.569717407226562, 46.457321166992188 ], [ -84.569747924804688, 46.457351684570312 ], [ -84.570701599121094, 46.461418151855469 ], [ -84.569602966308594, 46.461490631103516 ], [ -84.558197021484375, 46.451301574707031 ], [ -84.557876586914062, 46.450828552246094 ], [ -84.557632446289062, 46.450431823730469 ], [ -84.557716369628906, 46.450260162353516 ], [ -84.557792663574219, 46.450168609619141 ], [ -84.558181762695312, 46.449901580810547 ], [ -84.55853271484375, 46.449810028076172 ] ] ] } },
{ "type": "Feature", "properties": { "cluster_id": 187 }, "geometry": { "type": "Polygon", "coordinates": [ [ [ -80.370018005371094, 27.65662956237793 ], [ -80.370109558105469, 27.656669616699219 ], [ -80.370101928710938, 27.656700134277344 ], [ -80.370079040527344, 27.656749725341797 ], [ -80.370063781738281, 27.656780242919922 ], [ -80.370010375976562, 27.656879425048828 ], [ -80.369987487792969, 27.656879425048828 ], [ -80.369918823242188, 27.656850814819336 ], [ -80.36981201171875, 27.65662956237793 ], [ -80.370018005371094, 27.65662956237793 ] ] ] } },
{ "type": "Feature", "properties": { "cluster_id": 76 }, "geometry": { "type": "Polygon", "coordinates": [ [ [ -96.006233215332031, 28.818889617919922 ], [ -96.03021240234375, 28.85569953918457 ], [ -96.03021240234375, 28.855720520019531 ], [ -96.029998779296875, 28.859079360961914 ], [ -96.029167175292969, 28.861799240112305 ], [ -96.028099060058594, 28.86338996887207 ], [ -96.028091430664062, 28.863399505615234 ], [ -96.028060913085938, 28.863410949707031 ], [ -96.028053283691406, 28.863410949707031 ], [ -96.028038024902344, 28.863399505615234 ], [ -96.006210327148438, 28.818910598754883 ], [ -96.006233215332031, 28.818889617919922 ] ] ] } },
{ "type": "Feature", "properties": { "cluster_id": 201 }, "geometry": { "type": "Polygon", "coordinates": [ [ [ -75.619468688964844, 38.354061126708984 ], [ -75.619453430175781, 38.354278564453125 ], [ -75.616767883300781, 38.357479095458984 ], [ -75.616722106933594, 38.357498168945312 ], [ -75.616592407226562, 38.357528686523438 ], [ -75.618843078613281, 38.354610443115234 ], [ -75.61932373046875, 38.354171752929688 ], [ -75.619468688964844, 38.354061126708984 ] ] ] } },
{ "type": "Feature", "properties": { "cluster_id": 136 }, "geometry": { "type": "Polygon", "coordinates": [ [ [ -80.866790771484375, 39.681499481201172 ], [ -80.8668212890625, 39.681510925292969 ], [ -80.8668212890625, 39.681529998779297 ], [ -80.865959167480469, 39.685428619384766 ], [ -80.8515625, 39.698310852050781 ], [ -80.834732055664062, 39.703479766845703 ], [ -80.834716796875, 39.703479766845703 ], [ -80.834701538085938, 39.703468322753906 ], [ -80.834701538085938, 39.703441619873047 ], [ -80.834716796875, 39.703418731689453 ], [ -80.866401672363281, 39.681541442871094 ], [ -80.866790771484375, 39.681499481201172 ] ] ] } },
{ "type": "Feature", "properties": { "cluster_id": 311 }, "geometry": { "type": "Polygon", "coordinates": [ [ [ -118.555000305175781, 33.008049011230469 ], [ -118.5550537109375, 33.008071899414062 ], [ -118.5552978515625, 33.008190155029297 ], [ -118.555343627929688, 33.008220672607422 ], [ -118.555397033691406, 33.008258819580078 ], [ -118.557952880859375, 33.01129150390625 ], [ -118.558822631835938, 33.013889312744141 ], [ -118.558822631835938, 33.013919830322266 ], [ -118.558609008789062, 33.014190673828125 ], [ -118.558601379394531, 33.014198303222656 ], [ -118.558540344238281, 33.014198303222656 ], [ -118.558517456054688, 33.014179229736328 ], [ -118.554718017578125, 33.008590698242188 ], [ -118.554649353027344, 33.008449554443359 ], [ -118.554649353027344, 33.00836181640625 ], [ -118.554672241210938, 33.008270263671875 ], [ -118.554718017578125, 33.008190155029297 ], [ -118.55474853515625, 33.008159637451172 ], [ -118.554817199707031, 33.008110046386719 ], [ -118.55487060546875, 33.008079528808594 ], [ -118.555000305175781, 33.008049011230469 ] ] ] } },
{ "type": "Feature", "properties": { "cluster_id": 337 }, "geometry": { "type": "Polygon", "coordinates": [ [ [ -94.558921813964844, 35.314441680908203 ], [ -94.561180114746094, 35.315811157226562 ], [ -94.561180114746094, 35.315841674804688 ], [ -94.561172485351562, 35.315849304199219 ], [ -94.5611572265625, 35.315860748291016 ], [ -94.561119079589844, 35.315879821777344 ], [ -94.558952331542969, 35.314540863037109 ], [ -94.558891296386719, 35.314479827880859 ], [ -94.558891296386719, 35.314449310302734 ], [ -94.558921813964844, 35.314441680908203 ] ] ] } },
{ "type": "Feature", "properties": { "cluster_id": 273 }, "geometry": { "type": "Polygon", "coordinates": [ [ [ -121.543830871582031, 38.561130523681641 ], [ -121.543800354003906, 38.561470031738281 ], [ -121.543716430664062, 38.561569213867188 ], [ -121.543472290039062, 38.561698913574219 ], [ -121.543281555175781, 38.561779022216797 ], [ -121.543121337890625, 38.56182861328125 ], [ -121.543121337890625, 38.561820983886719 ], [ -121.543182373046875, 38.561149597167969 ], [ -121.543830871582031, 38.561130523681641 ] ] ] } },
{ "type": "Feature", "properties": { "cluster_id": 330 }, "geometry": { "type": "Polygon", "coordinates": [ [ [ -81.130790710449219, 30.920089721679688 ], [ -81.131103515625, 30.920120239257812 ], [ -81.131607055664062, 30.920249938964844 ], [ -81.132423400878906, 30.920740127563477 ], [ -81.132476806640625, 30.920780181884766 ], [ -81.132492065429688, 30.920799255371094 ], [ -81.132553100585938, 30.920879364013672 ], [ -81.132682800292969, 30.921100616455078 ], [ -81.132659912109375, 30.921199798583984 ], [ -81.130989074707031, 30.923089981079102 ], [ -81.13018798828125, 30.923269271850586 ], [ -81.130043029785156, 30.923269271850586 ], [ -81.129966735839844, 30.923240661621094 ], [ -81.129867553710938, 30.923130035400391 ], [ -81.129547119140625, 30.922710418701172 ], [ -81.129440307617188, 30.922510147094727 ], [ -81.129280090332031, 30.922000885009766 ], [ -81.129310607910156, 30.921680450439453 ], [ -81.129501342773438, 30.920980453491211 ], [ -81.1295166015625, 30.920930862426758 ], [ -81.129829406738281, 30.920539855957031 ], [ -81.130020141601562, 30.920419692993164 ], [ -81.130447387695312, 30.920150756835938 ], [ -81.130790710449219, 30.920089721679688 ] ] ] } },
{ "type": "Feature", "properties": { "cluster_id": 42 }, "geometry": { "type": "Polygon", "coordinates": [ [ [ -84.470199584960938, 45.649501800537109 ], [ -84.470298767089844, 45.649539947509766 ], [ -84.470252990722656, 45.649620056152344 ], [ -84.467170715332031, 45.652801513671875 ], [ -84.4671630859375, 45.652790069580078 ], [ -84.4671630859375, 45.65277099609375 ], [ -84.470062255859375, 45.649520874023438 ], [ -84.470108032226562, 45.649509429931641 ], [ -84.470199584960938, 45.649501800537109 ] ] ] } },
{ "type": "Feature", "properties": { "cluster_id": 246 }, "geometry": { "type": "Polygon", "coordinates": [ [ [ -97.379447937011719, 26.352479934692383 ], [ -97.378166198730469, 26.352849960327148 ], [ -97.354728698730469, 26.357490539550781 ], [ -97.354667663574219, 26.357479095458984 ], [ -97.354568481445312, 26.357229232788086 ], [ -97.378097534179688, 26.352670669555664 ], [ -97.378631591796875, 26.352590560913086 ], [ -97.379447937011719, 26.352479934692383 ] ] ] } },
{ "type": "Feature", "properties": { "cluster_id": 296 }, "geometry": { "type": "Polygon", "coordinates": [ [ [ -91.289253234863281, 30.624900817871094 ], [ -91.289382934570312, 30.624980926513672 ], [ -91.28948974609375, 30.625120162963867 ], [ -91.289230346679688, 30.624990463256836 ], [ -91.289176940917969, 30.624929428100586 ], [ -91.289192199707031, 30.624900817871094 ], [ -91.289253234863281, 30.624900817871094 ] ] ] } },
{ "type": "Feature", "properties": { "cluster_id": 22 }, "geometry": { "type": "Polygon", "coordinates": [ [ [ -87.653488159179688, 44.091800689697266 ], [ -87.653816223144531, 44.091880798339844 ], [ -87.653846740722656, 44.091888427734375 ], [ -87.66668701171875, 44.095909118652344 ], [ -87.66668701171875, 44.100589752197266 ], [ -87.666656494140625, 44.100650787353516 ], [ -87.665603637695312, 44.101081848144531 ], [ -87.665496826171875, 44.101081848144531 ], [ -87.653457641601562, 44.091850280761719 ], [ -87.653480529785156, 44.091800689697266 ], [ -87.653488159179688, 44.091800689697266 ] ] ] } },
{ "type": "Feature", "properties": { "cluster_id": 242 }, "geometry": { "type": "Polygon", "coordinates": [ [ [ -87.570487976074219, 33.215141296386719 ], [ -87.5709228515625, 33.2156982421875 ], [ -87.570968627929688, 33.215789794921875 ], [ -87.570968627929688, 33.215801239013672 ], [ -87.570953369140625, 33.2158203125 ], [ -87.570930480957031, 33.215831756591797 ], [ -87.568443298339844, 33.216648101806641 ], [ -87.568397521972656, 33.216648101806641 ], [ -87.567283630371094, 33.216560363769531 ], [ -87.567169189453125, 33.216419219970703 ], [ -87.569770812988281, 33.215358734130859 ], [ -87.570487976074219, 33.215141296386719 ] ] ] } },
{ "type": "Feature", "properties": { "cluster_id": 219 }, "geometry": { "type": "Polygon", "coordinates": [ [ [ -91.948188781738281, 34.251201629638672 ], [ -91.948196411132812, 34.251251220703125 ], [ -91.948173522949219, 34.251319885253906 ], [ -91.948158264160156, 34.251300811767578 ], [ -91.948143005371094, 34.251270294189453 ], [ -91.948143005371094, 34.251239776611328 ], [ -91.948158264160156, 34.251220703125 ], [ -91.948173522949219, 34.251209259033203 ], [ -91.948188781738281, 34.251201629638672 ] ] ] } },
{ "type": "Feature", "properties": { "cluster_id": 278 }, "geometry": { "type": "Polygon", "coordinates": [ [ [ -71.935111999511719, 41.073421478271484 ], [ -71.93511962890625, 41.073459625244141 ], [ -71.93511962890625, 41.073539733886719 ], [ -71.935028076171875, 41.073551177978516 ], [ -71.935012817382812, 41.073551177978516 ], [ -71.934982299804688, 41.073509216308594 ], [ -71.934982299804688, 41.073490142822266 ], [ -71.93499755859375, 41.073459625244141 ], [ -71.935012817382812, 41.073440551757812 ], [ -71.93505859375, 41.073429107666016 ], [ -71.935111999511719, 41.073421478271484 ] ] ] } },
{ "type": "Feature", "properties": { "cluster_id": 200 }, "geometry": { "type": "Polygon", "coordinates": [ [ [ -81.280418395996094, 41.753189086914062 ], [ -81.280441284179688, 41.753208160400391 ], [ -81.281356811523438, 41.773738861083984 ], [ -81.280120849609375, 41.755748748779297 ], [ -81.280120849609375, 41.755741119384766 ], [ -81.280197143554688, 41.753971099853516 ], [ -81.2802734375, 41.753299713134766 ], [ -81.280349731445312, 41.753208160400391 ], [ -81.280418395996094, 41.753189086914062 ] ] ] } },
{ "type": "Feature", "properties": { "cluster_id": 308 }, "geometry": { "type": "Polygon", "coordinates": [ [ [ -88.16986083984375, 32.866119384765625 ], [ -88.182380676269531, 32.875141143798828 ], [ -88.182731628417969, 32.875419616699219 ], [ -88.182708740234375, 32.875541687011719 ], [ -88.182357788085938, 32.875690460205078 ], [ -88.182022094726562, 32.875499725341797 ], [ -88.17059326171875, 32.867511749267578 ], [ -88.169807434082031, 32.866901397705078 ], [ -88.169761657714844, 32.866840362548828 ], [ -88.169578552246094, 32.866519927978516 ], [ -88.169647216796875, 32.866260528564453 ], [ -88.16986083984375, 32.866119384765625 ] ] ] } },
{ "type": "Feature", "properties": { "cluster_id": 124 }, "geometry": { "type": "Polygon", "coordinates": [ [ [ -92.870811462402344, 29.905160903930664 ], [ -92.870849609375, 29.905340194702148 ], [ -92.870857238769531, 29.905479431152344 ], [ -92.870742797851562, 29.907320022583008 ], [ -92.867630004882812, 29.919910430908203 ], [ -92.86724853515625, 29.920560836791992 ], [ -92.867202758789062, 29.920570373535156 ], [ -92.8671875, 29.920570373535156 ], [ -92.86712646484375, 29.920560836791992 ], [ -92.867118835449219, 29.920530319213867 ], [ -92.867118835449219, 29.920520782470703 ], [ -92.870552062988281, 29.905220031738281 ], [ -92.870773315429688, 29.905160903930664 ], [ -92.870811462402344, 29.905160903930664 ] ] ] } },
{ "type": "Feature", "properties": { "cluster_id": 19 }, "geometry": { "type": "Polygon", "coordinates": [ [ [ -88.208549499511719, 36.997550964355469 ], [ -88.252357482910156, 37.008430480957031 ], [ -88.25238037109375, 37.008438110351562 ], [ -88.266746520996094, 37.015041351318359 ], [ -88.267959594726562, 37.016349792480469 ], [ -88.267967224121094, 37.016361236572266 ], [ -88.267967224121094, 37.016368865966797 ], [ -88.267936706542969, 37.016368865966797 ], [ -88.266838073730469, 37.016159057617188 ], [ -88.208518981933594, 36.997608184814453 ], [ -88.208511352539062, 36.997581481933594 ], [ -88.208511352539062, 36.997570037841797 ], [ -88.208526611328125, 36.997550964355469 ], [ -88.208549499511719, 36.997550964355469 ] ] ] } },
{ "type": "Feature", "properties": { "cluster_id": 335 }, "geometry": { "type": "Polygon", "coordinates": [ [ [ -89.683700561523438, 29.472919464111328 ], [ -89.684516906738281, 29.473339080810547 ], [ -89.684516906738281, 29.473430633544922 ], [ -89.68450927734375, 29.473440170288086 ], [ -89.683692932128906, 29.472969055175781 ], [ -89.683670043945312, 29.472949981689453 ], [ -89.683670043945312, 29.472940444946289 ], [ -89.683677673339844, 29.472919464111328 ], [ -89.683700561523438, 29.472919464111328 ] ] ] } },
{ "type": "Feature", "properties": { "cluster_id": 255 }, "geometry": { "type": "Polygon", "coordinates": [ [ [ -74.427337646484375, 39.373420715332031 ], [ -74.4273681640625, 39.373428344726562 ], [ -74.427391052246094, 39.373439788818359 ], [ -74.427452087402344, 39.373489379882812 ], [ -74.428031921386719, 39.374828338623047 ], [ -74.433052062988281, 39.398479461669922 ], [ -74.433021545410156, 39.398670196533203 ], [ -74.420791625976562, 39.390510559082031 ], [ -74.416481018066406, 39.382389068603516 ], [ -74.416519165039062, 39.382270812988281 ], [ -74.416572570800781, 39.382198333740234 ], [ -74.427177429199219, 39.373439788818359 ], [ -74.427276611328125, 39.373420715332031 ], [ -74.427337646484375, 39.373420715332031 ] ] ] } },
{ "type": "Feature", "properties": { "cluster_id": 194 }, "geometry": { "type": "Polygon", "coordinates": [ [ [ -96.288902282714844, 28.343019485473633 ], [ -96.288482666015625, 28.343929290771484 ], [ -96.237350463867188, 28.391780853271484 ], [ -96.237327575683594, 28.391790390014648 ], [ -96.220802307128906, 28.378820419311523 ], [ -96.20806884765625, 28.367780685424805 ], [ -96.207893371582031, 28.36747932434082 ], [ -96.207626342773438, 28.366750717163086 ], [ -96.20770263671875, 28.366689682006836 ], [ -96.288848876953125, 28.34303092956543 ], [ -96.288902282714844, 28.343019485473633 ] ] ] } },
{ "type": "Feature", "properties": { "cluster_id": 92 }, "geometry": { "type": "Polygon", "coordinates": [ [ [ -81.464828491210938, 30.676950454711914 ], [ -81.464851379394531, 30.676959991455078 ], [ -81.464889526367188, 30.676990509033203 ], [ -81.464912414550781, 30.677009582519531 ], [ -81.464920043945312, 30.677030563354492 ], [ -81.464920043945312, 30.677139282226562 ], [ -81.464607238769531, 30.695669174194336 ], [ -81.464591979980469, 30.69573974609375 ], [ -81.464508056640625, 30.695819854736328 ], [ -81.464469909667969, 30.695850372314453 ], [ -81.464370727539062, 30.695899963378906 ], [ -81.464248657226562, 30.695940017700195 ], [ -81.464179992675781, 30.695940017700195 ], [ -81.464126586914062, 30.695920944213867 ], [ -81.464103698730469, 30.69590950012207 ], [ -81.464073181152344, 30.695880889892578 ], [ -81.463790893554688, 30.695560455322266 ], [ -81.463729858398438, 30.695470809936523 ], [ -81.463798522949219, 30.678630828857422 ], [ -81.463890075683594, 30.678350448608398 ], [ -81.464691162109375, 30.677059173583984 ], [ -81.464767456054688, 30.676990509033203 ], [ -81.464813232421875, 30.676959991455078 ], [ -81.464828491210938, 30.676950454711914 ] ] ] } },
{ "type": "Feature", "properties": { "cluster_id": 231 }, "geometry": { "type": "Polygon", "coordinates": [ [ [ -156.00372314453125, 19.628219604492188 ], [ -156.004302978515625, 19.628580093383789 ], [ -156.004562377929688, 19.628900527954102 ], [ -156.0367431640625, 19.675199508666992 ], [ -156.036407470703125, 19.675640106201172 ], [ -156.035797119140625, 19.675479888916016 ], [ -156.00201416015625, 19.633970260620117 ], [ -156.00201416015625, 19.633689880371094 ], [ -156.0020751953125, 19.630899429321289 ], [ -156.00372314453125, 19.628219604492188 ] ] ] } },
{ "type": "Feature", "properties": { "cluster_id": 47 }, "geometry": { "type": "Polygon", "coordinates": [ [ [ -83.631317138671875, 43.989059448242188 ], [ -83.632171630859375, 43.989391326904297 ], [ -83.632240295410156, 43.989448547363281 ], [ -83.632492065429688, 43.9898681640625 ], [ -83.632499694824219, 43.989891052246094 ], [ -83.632591247558594, 43.990348815917969 ], [ -83.632682800292969, 43.991291046142578 ], [ -83.63262939453125, 43.991428375244141 ], [ -83.632621765136719, 43.991439819335938 ], [ -83.632583618164062, 43.991470336914062 ], [ -83.63250732421875, 43.991500854492188 ], [ -83.632331848144531, 43.991561889648438 ], [ -83.632133483886719, 43.991630554199219 ], [ -83.631782531738281, 43.99163818359375 ], [ -83.63140869140625, 43.99163818359375 ], [ -83.631111145019531, 43.991550445556641 ], [ -83.630958557128906, 43.991500854492188 ], [ -83.630859375, 43.991428375244141 ], [ -83.630836486816406, 43.991409301757812 ], [ -83.630813598632812, 43.991371154785156 ], [ -83.630012512207031, 43.989879608154297 ], [ -83.630027770996094, 43.989818572998047 ], [ -83.630050659179688, 43.989738464355469 ], [ -83.630172729492188, 43.989528656005859 ], [ -83.63037109375, 43.989360809326172 ], [ -83.630577087402344, 43.989208221435547 ], [ -83.630867004394531, 43.989120483398438 ], [ -83.630958557128906, 43.989101409912109 ], [ -83.631111145019531, 43.989070892333984 ], [ -83.631317138671875, 43.989059448242188 ] ] ] } },
{ "type": "Feature", "properties": { "cluster_id": 244 }, "geometry": { "type": "Polygon", "coordinates": [ [ [ -95.167800903320312, 35.555728912353516 ], [ -95.167839050292969, 35.555778503417969 ], [ -95.167877197265625, 35.555870056152344 ], [ -95.167869567871094, 35.555900573730469 ], [ -95.167861938476562, 35.555908203125 ], [ -95.167823791503906, 35.555908203125 ], [ -95.167709350585938, 35.555820465087891 ], [ -95.167716979980469, 35.555801391601562 ], [ -95.167747497558594, 35.555770874023438 ], [ -95.167800903320312, 35.555728912353516 ] ] ] } },
{ "type": "Feature", "properties": { "cluster_id": 304 }, "geometry": { "type": "Polygon", "coordinates": [ [ [ -163.410675048828125, 54.862018585205078 ], [ -163.41070556640625, 54.862030029296875 ], [ -163.41070556640625, 54.862049102783203 ], [ -163.408309936523438, 54.867118835449219 ], [ -163.392013549804688, 54.870361328125 ], [ -163.357254028320312, 54.871490478515625 ], [ -163.355850219726562, 54.871330261230469 ], [ -163.355712890625, 54.871238708496094 ], [ -163.355682373046875, 54.871189117431641 ], [ -163.35577392578125, 54.870998382568359 ], [ -163.356063842773438, 54.870780944824219 ], [ -163.356353759765625, 54.870651245117188 ], [ -163.356536865234375, 54.870590209960938 ], [ -163.410659790039062, 54.862018585205078 ], [ -163.410675048828125, 54.862018585205078 ] ] ] } },
{ "type": "Feature", "properties": { "cluster_id": 35 }, "geometry": { "type": "Polygon", "coordinates": [ [ [ -86.440193176269531, 43.938430786132812 ], [ -86.440238952636719, 43.938499450683594 ], [ -86.440177917480469, 43.938579559326172 ], [ -86.440109252929688, 43.938541412353516 ], [ -86.440078735351562, 43.938499450683594 ], [ -86.440101623535156, 43.938449859619141 ], [ -86.440132141113281, 43.938438415527344 ], [ -86.440193176269531, 43.938430786132812 ] ] ] } },
{ "type": "Feature", "properties": { "cluster_id": 299 }, "geometry": { "type": "Polygon", "coordinates": [ [ [ -87.6636962890625, 30.279979705810547 ], [ -87.670730590820312, 30.28009033203125 ], [ -87.670707702636719, 30.280210494995117 ], [ -87.670700073242188, 30.280239105224609 ], [ -87.670639038085938, 30.280250549316406 ], [ -87.66387939453125, 30.280340194702148 ], [ -87.663772583007812, 30.280330657958984 ], [ -87.663742065429688, 30.280309677124023 ], [ -87.663688659667969, 30.280250549316406 ], [ -87.663688659667969, 30.280149459838867 ], [ -87.6636962890625, 30.279979705810547 ] ] ] } },
{ "type": "Feature", "properties": { "cluster_id": 329 }, "geometry": { "type": "Polygon", "coordinates": [ [ [ -83.873100280761719, 46.021320343017578 ], [ -83.873512268066406, 46.021450042724609 ], [ -83.873680114746094, 46.021518707275391 ], [ -83.8743896484375, 46.021839141845703 ], [ -83.874542236328125, 46.021930694580078 ], [ -83.874839782714844, 46.022129058837891 ], [ -83.874946594238281, 46.022258758544922 ], [ -83.856559753417969, 46.039398193359375 ], [ -83.855979919433594, 46.039779663085938 ], [ -83.855499267578125, 46.039478302001953 ], [ -83.85552978515625, 46.039348602294922 ], [ -83.867240905761719, 46.022090911865234 ], [ -83.867286682128906, 46.022071838378906 ], [ -83.867431640625, 46.022018432617188 ], [ -83.867897033691406, 46.0218505859375 ], [ -83.868232727050781, 46.021770477294922 ], [ -83.872947692871094, 46.021320343017578 ], [ -83.873100280761719, 46.021320343017578 ] ] ] } },
{ "type": "Feature", "properties": { "cluster_id": 193 }, "geometry": { "type": "Polygon", "coordinates": [ [ [ -87.84393310546875, 32.529899597167969 ], [ -87.855941772460938, 32.531360626220703 ], [ -87.85595703125, 32.531391143798828 ], [ -87.855972290039062, 32.531448364257812 ], [ -87.843826293945312, 32.530109405517578 ], [ -87.84381103515625, 32.530101776123047 ], [ -87.84381103515625, 32.529998779296875 ], [ -87.84393310546875, 32.529899597167969 ] ] ] } },
{ "type": "Feature", "properties": { "cluster_id": 59 }, "geometry": { "type": "Polygon", "coordinates": [ [ [ -87.234260559082031, 30.594200134277344 ], [ -87.247467041015625, 30.601020812988281 ], [ -87.247489929199219, 30.601089477539062 ], [ -87.247352600097656, 30.602060317993164 ], [ -87.23394775390625, 30.594240188598633 ], [ -87.233993530273438, 30.594230651855469 ], [ -87.234153747558594, 30.594200134277344 ], [ -87.234260559082031, 30.594200134277344 ] ] ] } },
{ "type": "Feature", "properties": { "cluster_id": 218 }, "geometry": { "type": "Polygon", "coordinates": [ [ [ -79.384117126464844, 32.6416015625 ], [ -79.387237548828125, 32.645069122314453 ], [ -79.388107299804688, 32.647201538085938 ], [ -79.388076782226562, 32.647300720214844 ], [ -79.388046264648438, 32.647369384765625 ], [ -79.387832641601562, 32.647628784179688 ], [ -79.387466430664062, 32.647819519042969 ], [ -79.386947631835938, 32.648021697998047 ], [ -79.38671875, 32.648029327392578 ], [ -79.386001586914062, 32.648029327392578 ], [ -79.385498046875, 32.64794921875 ], [ -79.385398864746094, 32.647930145263672 ], [ -79.385276794433594, 32.647850036621094 ], [ -79.385231018066406, 32.647819519042969 ], [ -79.385169982910156, 32.647750854492188 ], [ -79.383720397949219, 32.643379211425781 ], [ -79.383697509765625, 32.643280029296875 ], [ -79.383697509765625, 32.643268585205078 ], [ -79.383949279785156, 32.641948699951172 ], [ -79.384117126464844, 32.6416015625 ] ] ] } },
{ "type": "Feature", "properties": { "cluster_id": 172 }, "geometry": { "type": "Polygon", "coordinates": [ [ [ -82.233352661132812, 26.713720321655273 ], [ -82.233612060546875, 26.713809967041016 ], [ -82.233718872070312, 26.713920593261719 ], [ -82.233810424804688, 26.714130401611328 ], [ -82.233840942382812, 26.71422004699707 ], [ -82.233833312988281, 26.714260101318359 ], [ -82.233772277832031, 26.714439392089844 ], [ -82.233718872070312, 26.714519500732422 ], [ -82.233612060546875, 26.714599609375 ], [ -82.233566284179688, 26.714630126953125 ], [ -82.233428955078125, 26.714700698852539 ], [ -82.233367919921875, 26.714719772338867 ], [ -82.233329772949219, 26.714729309082031 ], [ -82.233238220214844, 26.714729309082031 ], [ -82.233139038085938, 26.714719772338867 ], [ -82.233078002929688, 26.714710235595703 ], [ -82.232948303222656, 26.714639663696289 ], [ -82.232879638671875, 26.714580535888672 ], [ -82.232856750488281, 26.714519500732422 ], [ -82.232856750488281, 26.714509963989258 ], [ -82.232887268066406, 26.714399337768555 ], [ -82.233352661132812, 26.713720321655273 ] ] ] } },
{ "type": "Feature", "properties": { "cluster_id": 302 }, "geometry": { "type": "Polygon", "coordinates": [ [ [ -90.059402465820312, 35.190040588378906 ], [ -90.059547424316406, 35.190090179443359 ], [ -90.05938720703125, 35.190109252929688 ], [ -90.059356689453125, 35.190090179443359 ], [ -90.059356689453125, 35.190048217773438 ], [ -90.059371948242188, 35.190040588378906 ], [ -90.059402465820312, 35.190040588378906 ] ] ] } },
{ "type": "Feature", "properties": { "cluster_id": 100 }, "geometry": { "type": "Polygon", "coordinates": [ [ [ -122.915557861328125, 47.663288116455078 ], [ -122.915573120117188, 47.663318634033203 ], [ -122.915580749511719, 47.663379669189453 ], [ -122.915542602539062, 47.663360595703125 ], [ -122.915512084960938, 47.663341522216797 ], [ -122.915489196777344, 47.663311004638672 ], [ -122.915496826171875, 47.663299560546875 ], [ -122.915542602539062, 47.663288116455078 ], [ -122.915557861328125, 47.663288116455078 ] ] ] } },
{ "type": "Feature", "properties": { "cluster_id": 26 }, "geometry": { "type": "Polygon", "coordinates": [ [ [ -84.674263000488281, 46.6168212890625 ], [ -84.674423217773438, 46.616828918457031 ], [ -84.675369262695312, 46.616909027099609 ], [ -84.675537109375, 46.616981506347656 ], [ -84.676017761230469, 46.617191314697266 ], [ -84.676467895507812, 46.617408752441406 ], [ -84.676620483398438, 46.617580413818359 ], [ -84.676788330078125, 46.617801666259766 ], [ -84.672119140625, 46.618358612060547 ], [ -84.671981811523438, 46.618358612060547 ], [ -84.672431945800781, 46.617378234863281 ], [ -84.672721862792969, 46.617198944091797 ], [ -84.672897338867188, 46.617099761962891 ], [ -84.673049926757812, 46.617038726806641 ], [ -84.673530578613281, 46.616870880126953 ], [ -84.673728942871094, 46.616840362548828 ], [ -84.673851013183594, 46.616828918457031 ], [ -84.6739501953125, 46.6168212890625 ], [ -84.674263000488281, 46.6168212890625 ] ] ] } },
{ "type": "Feature", "properties": { "cluster_id": 281 }, "geometry": { "type": "Polygon", "coordinates": [ [ [ -93.25885009765625, 28.989389419555664 ], [ -93.259178161621094, 28.989419937133789 ], [ -93.259407043457031, 28.989500045776367 ], [ -93.259849548339844, 28.989690780639648 ], [ -93.261199951171875, 28.990510940551758 ], [ -93.261260986328125, 28.9906005859375 ], [ -93.261489868164062, 28.991090774536133 ], [ -93.261512756347656, 28.991189956665039 ], [ -93.261543273925781, 28.991399765014648 ], [ -93.261528015136719, 28.991750717163086 ], [ -93.261489868164062, 28.991939544677734 ], [ -93.261390686035156, 28.992250442504883 ], [ -93.2613525390625, 28.992330551147461 ], [ -93.261253356933594, 28.992500305175781 ], [ -93.26116943359375, 28.992630004882812 ], [ -93.260009765625, 28.994199752807617 ], [ -93.259880065917969, 28.994220733642578 ], [ -93.259071350097656, 28.994350433349609 ], [ -93.258270263671875, 28.994100570678711 ], [ -93.257469177246094, 28.993780136108398 ], [ -93.256820678710938, 28.993320465087891 ], [ -93.256378173828125, 28.992809295654297 ], [ -93.256278991699219, 28.992570877075195 ], [ -93.256126403808594, 28.99220085144043 ], [ -93.256050109863281, 28.991859436035156 ], [ -93.256019592285156, 28.991640090942383 ], [ -93.25604248046875, 28.991140365600586 ], [ -93.256126403808594, 28.990760803222656 ], [ -93.256446838378906, 28.990360260009766 ], [ -93.25653076171875, 28.990280151367188 ], [ -93.256828308105469, 28.990039825439453 ], [ -93.256866455078125, 28.990009307861328 ], [ -93.257087707519531, 28.989860534667969 ], [ -93.257148742675781, 28.989830017089844 ], [ -93.25762939453125, 28.989639282226562 ], [ -93.257713317871094, 28.989620208740234 ], [ -93.258033752441406, 28.98954963684082 ], [ -93.25885009765625, 28.989389419555664 ] ] ] } },
{ "type": "Feature", "properties": { "cluster_id": 195 }, "geometry": { "type": "Polygon", "coordinates": [ [ [ -91.349090576171875, 30.680469512939453 ], [ -91.349098205566406, 30.680479049682617 ], [ -91.349113464355469, 30.680500030517578 ], [ -91.349113464355469, 30.680509567260742 ], [ -91.349052429199219, 30.680980682373047 ], [ -91.348968505859375, 30.681159973144531 ], [ -91.348953247070312, 30.681179046630859 ], [ -91.348648071289062, 30.681459426879883 ], [ -91.348876953125, 30.680620193481445 ], [ -91.34893798828125, 30.680530548095703 ], [ -91.348953247070312, 30.680519104003906 ], [ -91.349006652832031, 30.680490493774414 ], [ -91.349067687988281, 30.680469512939453 ], [ -91.349090576171875, 30.680469512939453 ] ] ] } },
{ "type": "Feature", "properties": { "cluster_id": 264 }, "geometry": { "type": "Polygon", "coordinates": [ [ [ -93.166481018066406, 35.248359680175781 ], [ -93.195266723632812, 35.272350311279297 ], [ -93.195266723632812, 35.272361755371094 ], [ -93.195198059082031, 35.272449493408203 ], [ -93.195167541503906, 35.272449493408203 ], [ -93.195152282714844, 35.272441864013672 ], [ -93.167861938476562, 35.249561309814453 ], [ -93.166481018066406, 35.248359680175781 ] ] ] } },
{ "type": "Feature", "properties": { "cluster_id": 99 }, "geometry": { "type": "Polygon", "coordinates": [ [ [ -73.784477233886719, 42.452358245849609 ], [ -73.788230895996094, 42.480690002441406 ], [ -73.788276672363281, 42.481369018554688 ], [ -73.786872863769531, 42.489299774169922 ], [ -73.786857604980469, 42.489341735839844 ], [ -73.786712646484375, 42.489650726318359 ], [ -73.786598205566406, 42.489830017089844 ], [ -73.786590576171875, 42.489830017089844 ], [ -73.786567687988281, 42.489799499511719 ], [ -73.784477233886719, 42.452358245849609 ] ] ] } }
]
}
