{
"type": "FeatureCollection",
"name": "boundaries",
"crs": { "type": "name", "properties": { "name": "urn:ogc:def:crs:OGC:1.3:CRS84" } },
"features": [
{ "type": "Feature", "properties": { "cluster_id": 257 }, "geometry": { "type": "Polygon", "coordinates": [ [ [ -90.863960266113281, 27.276409149169922 ], [ -90.967819213867188, 27.291940689086914 ], [ -90.967971801757812, 27.292030334472656 ], [ -90.968002319335938, 27.292060852050781 ], [ -90.9681396484375, 27.292449951171875 ], [ -90.947166442871094, 27.307790756225586 ], [ -90.843902587890625, 27.29701042175293 ], [ -90.863960266113281, 27.276409149169922 ] ] ] } },
{ "type": "Feature", "properties": { "cluster_id": 17 }, "geometry": { "type": "Polygon", "coordinates": [ [ [ -96.889022827148438, 27.359180450439453 ], [ -96.957283020019531, 27.361770629882812 ], [ -97.474479675292969, 27.818639755249023 ], [ -97.285873413085938, 27.878730773925781 ], [ -97.284767150878906, 27.878969192504883 ], [ -97.275947570800781, 27.880430221557617 ], [ -97.275787353515625, 27.880439758300781 ], [ -97.271003723144531, 27.880720138549805 ], [ -96.799301147460938, 27.872299194335938 ], [ -96.557868957519531, 27.735820770263672 ], [ -96.335899353027344, 27.588180541992188 ], [ -96.323982238769531, 27.578670501708984 ], [ -96.331626892089844, 27.509550094604492 ], [ -96.332038879394531, 27.506429672241211 ], [ -96.789352416992188, 27.363580703735352 ], [ -96.805740356445312, 27.36216926574707 ], [ -96.807868957519531, 27.362009048461914 ], [ -96.889022827148438, 27.359180450439453 ] ] ] } },
{ "type": "Feature", "properties": { "cluster_id": 212 }, "geometry": { "type": "Polygon", "coordinates": [ [ [ -94.573806762695312, 27.310510635375977 ], [ -94.625808715820312, 27.353519439697266 ], [ -94.625877380371094, 27.353609085083008 ], [ -94.625617980957031, 27.353900909423828 ], [ -94.498176574707031, 27.348649978637695 ], [ -94.503646850585938, 27.320859909057617 ], [ -94.573806762695312, 27.310510635375977 ] ] ] } },
{ "type": "Feature", "properties": { "cluster_id": 164 }, "geometry": { "type": "Polygon", "coordinates": [ [ [ -64.744758605957031, 17.633510589599609 ], [ -64.936531066894531, 17.698749542236328 ], [ -64.945030212402344, 17.704189300537109 ], [ -64.946609497070312, 17.70857048034668 ], [ -64.934921264648438, 17.72252082824707 ], [ -64.902740478515625, 17.724739074707031 ], [ -64.555732727050781, 17.694259643554688 ], [ -64.619163513183594, 17.666860580444336 ], [ -64.744758605957031, 17.633510589599609 ] ] ] } },
{ "type": "Feature", "properties": { "cluster_id": 111 }, "geometry": { "type": "Polygon", "coordinates": [ [ [ -90.173187255859375, 35.074588775634766 ], [ -90.17413330078125, 35.075290679931641 ], [ -90.174552917480469, 35.076641082763672 ], [ -90.175041198730469, 35.080219268798828 ], [ -90.175201416015625, 35.081539154052734 ], [ -90.174980163574219, 35.083530426025391 ], [ -90.174888610839844, 35.084339141845703 ], [ -90.174850463867188, 35.084430694580078 ], [ -90.099922180175781, 35.097640991210938 ], [ -90.099777221679688, 35.097660064697266 ], [ -90.0997314453125, 35.097541809082031 ], [ -90.099716186523438, 35.097461700439453 ], [ -90.099716186523438, 35.097400665283203 ], [ -90.109237670898438, 35.08428955078125 ], [ -90.110946655273438, 35.082500457763672 ], [ -90.113807678222656, 35.081169128417969 ], [ -90.120109558105469, 35.07830810546875 ], [ -90.121978759765625, 35.077690124511719 ], [ -90.123359680175781, 35.077369689941406 ], [ -90.123947143554688, 35.0772705078125 ], [ -90.126296997070312, 35.077011108398438 ], [ -90.173187255859375, 35.074588775634766 ] ] ] } },
{ "type": "Feature", "properties": { "cluster_id": 81 }, "geometry": { "type": "Polygon", "coordinates": [ [ [ -157.880645751953125, 21.176639556884766 ], [ -157.885772705078125, 21.176670074462891 ], [ -157.938125610351562, 21.179250717163086 ], [ -158.298324584960938, 21.224739074707031 ], [ -158.30389404296875, 21.255399703979492 ], [ -158.177444458007812, 21.315280914306641 ], [ -158.176422119140625, 21.31566047668457 ], [ -157.966629028320312, 21.367959976196289 ], [ -157.942916870117188, 21.364450454711914 ], [ -157.942855834960938, 21.36444091796875 ], [ -157.942825317382812, 21.364419937133789 ], [ -157.8665771484375, 21.303829193115234 ], [ -157.86627197265625, 21.303430557250977 ], [ -157.865325927734375, 21.301950454711914 ], [ -157.8519287109375, 21.227809906005859 ], [ -157.866119384765625, 21.178020477294922 ], [ -157.880645751953125, 21.176639556884766 ] ] ] } },
{ "type": "Feature", "properties": { "cluster_id": 21 }, "geometry": { "type": "Polygon", "coordinates": [ [ [ -75.653167724609375, 36.654170989990234 ], [ -76.31005859375, 36.778598785400391 ], [ -76.310188293457031, 36.778751373291016 ], [ -76.435066223144531, 36.968021392822266 ], [ -76.142082214355469, 37.514499664306641 ], [ -76.045219421386719, 37.512481689453125 ], [ -75.13397216796875, 36.939670562744141 ], [ -74.906982421875, 36.792388916015625 ], [ -74.893829345703125, 36.753501892089844 ], [ -74.895668029785156, 36.752689361572266 ], [ -74.912513732910156, 36.749889373779297 ], [ -75.58599853515625, 36.654170989990234 ], [ -75.653167724609375, 36.654170989990234 ] ] ] } },
{ "type": "Feature", "properties": { "cluster_id": 31 }, "geometry": { "type": "Polygon", "coordinates": [ [ [ -117.222068786621094, 32.580989837646484 ], [ -117.254951477050781, 32.581268310546875 ], [ -117.378662109375, 32.589759826660156 ], [ -117.49920654296875, 32.633399963378906 ], [ -117.522148132324219, 32.644611358642578 ], [ -117.510772705078125, 32.708568572998047 ], [ -117.223731994628906, 32.723899841308594 ], [ -117.191551208496094, 32.723121643066406 ], [ -117.174369812011719, 32.71820068359375 ], [ -117.132949829101562, 32.686439514160156 ], [ -117.132858276367188, 32.686351776123047 ], [ -117.123779296875, 32.675800323486328 ], [ -117.123641967773438, 32.675548553466797 ], [ -117.123619079589844, 32.675498962402344 ], [ -117.119117736816406, 32.662010192871094 ], [ -117.222068786621094, 32.580989837646484 ] ] ] } },
{ "type": "Feature", "properties": { "cluster_id": 2 }, "geometry": { "type": "Polygon", "coordinates": [ [ [ -81.878463745117188, 23.908149719238281 ], [ -81.892852783203125, 23.908210754394531 ], [ -81.995071411132812, 23.910320281982422 ], [ -82.028877258300781, 23.911979675292969 ], [ -82.490890502929688, 24.293239593505859 ], [ -82.490989685058594, 24.324819564819336 ], [ -82.488700866699219, 24.328739166259766 ], [ -79.95806884765625, 26.872089385986328 ], [ -79.47705078125, 27.114500045776367 ], [ -79.464996337890625, 27.117519378662109 ], [ -79.378646850585938, 27.117950439453125 ], [ -79.332061767578125, 27.117700576782227 ], [ -79.288528442382812, 27.117279052734375 ], [ -78.580886840820312, 26.428850173950195 ], [ -78.579620361328125, 26.283639907836914 ], [ -78.581771850585938, 26.119779586791992 ], [ -79.511756896972656, 24.626680374145508 ], [ -79.738792419433594, 24.484180450439453 ], [ -79.971588134765625, 24.358579635620117 ], [ -80.428146362304688, 24.204219818115234 ], [ -81.878463745117188, 23.908149719238281 ] ] ] } },
{ "type": "Feature", "properties": { "cluster_id": 40 }, "geometry": { "type": "Polygon", "coordinates": [ [ [ -90.531806945800781, 29.553789138793945 ], [ -90.713333129882812, 29.559230804443359 ], [ -90.531761169433594, 29.553909301757812 ], [ -90.531730651855469, 29.553810119628906 ], [ -90.531776428222656, 29.553789138793945 ], [ -90.531806945800781, 29.553789138793945 ] ] ] } },
{ "type": "Feature", "properties": { "cluster_id": 5 }, "geometry": { "type": "Polygon", "coordinates": [ [ [ -122.378547668457031, 47.253829956054688 ], [ -122.378883361816406, 47.253868103027344 ], [ -122.431716918945312, 47.261451721191406 ], [ -125.318031311035156, 48.395809173583984 ], [ -125.33294677734375, 48.406711578369141 ], [ -125.344650268554688, 48.421478271484375 ], [ -125.35430908203125, 48.468090057373047 ], [ -125.356697082519531, 48.486568450927734 ], [ -125.35736083984375, 48.511051177978516 ], [ -125.356170654296875, 48.518051147460938 ], [ -125.346038818359375, 48.536869049072266 ], [ -124.785186767578125, 49.501541137695312 ], [ -124.409629821777344, 49.735599517822266 ], [ -124.262100219726562, 49.734508514404297 ], [ -123.338729858398438, 49.543838500976562 ], [ -122.674507141113281, 49.318988800048828 ], [ -122.674087524414062, 49.318748474121094 ], [ -122.362106323242188, 49.132129669189453 ], [ -122.218399047851562, 47.982769012451172 ], [ -122.362640380859375, 47.263599395751953 ], [ -122.362846374511719, 47.263469696044922 ], [ -122.378227233886719, 47.253898620605469 ], [ -122.378547668457031, 47.253829956054688 ] ] ] } },
{ "type": "Feature", "properties": { "cluster_id": 24 }, "geometry": { "type": "Polygon", "coordinates": [ [ [ -89.880409240722656, 27.358449935913086 ], [ -89.924331665039062, 27.369770050048828 ], [ -89.983497619628906, 27.400669097900391 ], [ -90.057060241699219, 27.445560455322266 ], [ -90.086067199707031, 27.549589157104492 ], [ -90.062141418457031, 27.549459457397461 ], [ -89.900436401367188, 27.547260284423828 ], [ -89.876998901367188, 27.540000915527344 ], [ -89.875999450683594, 27.530170440673828 ], [ -89.872169494628906, 27.492000579833984 ], [ -89.87200927734375, 27.367300033569336 ], [ -89.880409240722656, 27.358449935913086 ] ] ] } },
{ "type": "Feature", "properties": { "cluster_id": 226 }, "geometry": { "type": "Polygon", "coordinates": [ [ [ -90.647979736328125, 27.795080184936523 ], [ -90.648017883300781, 27.795099258422852 ], [ -90.648086547851562, 27.795200347900391 ], [ -90.648078918457031, 27.795339584350586 ], [ -90.647987365722656, 27.795389175415039 ], [ -90.647911071777344, 27.795370101928711 ], [ -90.647819519042969, 27.795289993286133 ], [ -90.647796630859375, 27.795150756835938 ], [ -90.647850036621094, 27.795120239257812 ], [ -90.647918701171875, 27.795089721679688 ], [ -90.647956848144531, 27.795080184936523 ], [ -90.647979736328125, 27.795080184936523 ] ] ] } },
{ "type": "Feature", "properties": { "cluster_id": 9 }, "geometry": { "type": "Polygon", "coordinates": [ [ [ -89.015937805175781, 28.077199935913086 ], [ -89.11309814453125, 28.085369110107422 ], [ -89.389999389648438, 28.137500762939453 ], [ -91.164688110351562, 30.188180923461914 ], [ -91.230796813964844, 30.292829513549805 ], [ -91.232032775878906, 30.2947998046875 ], [ -91.233551025390625, 30.300069808959961 ], [ -91.246566772460938, 30.354339599609375 ], [ -91.246658325195312, 30.357500076293945 ], [ -91.24658203125, 30.358400344848633 ], [ -91.246337890625, 30.360479354858398 ], [ -91.24603271484375, 30.361909866333008 ], [ -91.24542236328125, 30.363580703735352 ], [ -91.197898864746094, 30.471530914306641 ], [ -89.925010681152344, 29.920890808105469 ], [ -89.922119140625, 29.919519424438477 ], [ -89.918266296386719, 29.917179107666016 ], [ -89.2940673828125, 29.231529235839844 ], [ -89.288276672363281, 29.224569320678711 ], [ -88.949272155761719, 28.77617073059082 ], [ -88.817001342773438, 28.297500610351562 ], [ -88.955101013183594, 28.08452033996582 ], [ -88.966789245605469, 28.079639434814453 ], [ -88.973098754882812, 28.078880310058594 ], [ -89.015937805175781, 28.077199935913086 ] ] ] } },
{ "type": "Feature", "properties": { "cluster_id": 15 }, "geometry": { "type": "Polygon", "coordinates": [ [ [ -117.768119812011719, 32.534160614013672 ], [ -117.939949035644531, 32.534568786621094 ], [ -118.898567199707031, 33.741081237792969 ], [ -118.905143737792969, 33.869869232177734 ], [ -118.833770751953125, 33.872589111328125 ], [ -118.819168090820312, 33.872188568115234 ], [ -118.114891052246094, 33.755889892578125 ], [ -118.092269897460938, 33.73590087890625 ], [ -118.092193603515625, 33.735828399658203 ], [ -117.60430908203125, 32.882209777832031 ], [ -117.755012512207031, 32.540298461914062 ], [ -117.75994873046875, 32.537281036376953 ], [ -117.768119812011719, 32.534160614013672 ] ] ] } },
{ "type": "Feature", "properties": { "cluster_id": 57 }, "geometry": { "type": "Polygon", "coordinates": [ [ [ -92.040542602539062, 26.131969451904297 ], [ -92.040626525878906, 26.132030487060547 ], [ -92.040641784667969, 26.132070541381836 ], [ -92.040641784667969, 26.132150650024414 ], [ -92.040618896484375, 26.132190704345703 ], [ -92.040489196777344, 26.13224983215332 ], [ -92.040420532226562, 26.132089614868164 ], [ -92.040451049804688, 26.131990432739258 ], [ -92.040542602539062, 26.131969451904297 ] ] ] } },
{ "type": "Feature", "properties": { "cluster_id": 121 }, "geometry": { "type": "Polygon", "coordinates": [ [ [ -122.214210510253906, 37.505790710449219 ], [ -122.214546203613281, 37.506111145019531 ], [ -122.212989807128906, 37.50994873046875 ], [ -122.212852478027344, 37.510208129882812 ], [ -122.2105712890625, 37.513420104980469 ], [ -122.209281921386719, 37.515129089355469 ], [ -122.207328796386719, 37.515998840332031 ], [ -122.211906433105469, 37.507099151611328 ], [ -122.212387084960938, 37.506820678710938 ], [ -122.214210510253906, 37.505790710449219 ] ] ] } },
{ "type": "Feature", "properties": { "cluster_id": 37 }, "geometry": { "type": "Polygon", "coordinates": [ [ [ -122.725883483886719, 37.564449310302734 ], [ -122.990341186523438, 37.564800262451172 ], [ -123.014396667480469, 37.565128326416016 ], [ -123.047721862792969, 37.570171356201172 ], [ -123.052146911621094, 37.573558807373047 ], [ -123.042953491210938, 37.582668304443359 ], [ -122.822517395019531, 37.789558410644531 ], [ -122.819473266601562, 37.791770935058594 ], [ -122.381607055664062, 38.028858184814453 ], [ -122.37786865234375, 38.030750274658203 ], [ -122.373039245605469, 38.033008575439453 ], [ -122.332237243652344, 38.050579071044922 ], [ -122.328170776367188, 38.051979064941406 ], [ -122.321037292480469, 38.053428649902344 ], [ -122.316932678222656, 38.054210662841797 ], [ -122.299003601074219, 38.056880950927734 ], [ -122.265922546386719, 38.061561584472656 ], [ -122.255218505859375, 38.062969207763672 ], [ -122.249946594238281, 38.063480377197266 ], [ -122.045799255371094, 38.066219329833984 ], [ -122.044296264648438, 38.066150665283203 ], [ -122.041069030761719, 38.065849304199219 ], [ -121.980186462402344, 38.060138702392578 ], [ -121.974342346191406, 38.059551239013672 ], [ -121.96453857421875, 38.058368682861328 ], [ -121.958526611328125, 38.057121276855469 ], [ -121.904930114746094, 38.045600891113281 ], [ -121.902366638183594, 38.044998168945312 ], [ -122.336311340332031, 37.710128784179688 ], [ -122.654220581054688, 37.565799713134766 ], [ -122.662010192871094, 37.564731597900391 ], [ -122.666618347167969, 37.564498901367188 ], [ -122.725883483886719, 37.564449310302734 ] ] ] } },
{ "type": "Feature", "properties": { "cluster_id": 3 }, "geometry": { "type": "Polygon", "coordinates": [ [ [ -64.386146545410156, 18.062400817871094 ], [ -64.445030212402344, 18.065080642700195 ], [ -64.974418640136719, 18.118080139160156 ], [ -67.48712158203125, 18.494400024414062 ], [ -67.506111145019531, 18.497579574584961 ], [ -67.517776489257812, 18.51106071472168 ], [ -67.516159057617188, 18.515579223632812 ], [ -67.48883056640625, 18.551509857177734 ], [ -67.45025634765625, 18.569530487060547 ], [ -67.417793273925781, 18.584159851074219 ], [ -67.18646240234375, 18.623640060424805 ], [ -67.18157958984375, 18.624120712280273 ], [ -66.493423461914062, 18.679229736328125 ], [ -66.427001953125, 18.682500839233398 ], [ -66.16644287109375, 18.684530258178711 ], [ -66.01483154296875, 18.684499740600586 ], [ -65.652496337890625, 18.683830261230469 ], [ -65.604782104492188, 18.683450698852539 ], [ -65.509880065917969, 18.67888069152832 ], [ -64.572998046875, 18.588180541992188 ], [ -64.311668395996094, 18.53849983215332 ], [ -64.306343078613281, 18.535139083862305 ], [ -64.293670654296875, 18.526330947875977 ], [ -64.071212768554688, 18.29810905456543 ], [ -64.063003540039062, 18.274829864501953 ], [ -64.062332153320312, 18.177829742431641 ], [ -64.064498901367188, 18.16016960144043 ], [ -64.297767639160156, 18.071979522705078 ], [ -64.386146545410156, 18.062400817871094 ] ] ] } },
{ "type": "Feature", "properties": { "cluster_id": 175 }, "geometry": { "type": "Polygon", "coordinates": [ [ [ -76.50634765625, 39.199680328369141 ], [ -76.574638366699219, 39.201190948486328 ], [ -76.574821472167969, 39.201408386230469 ], [ -76.602828979492188, 39.262481689453125 ], [ -76.602828979492188, 39.262580871582031 ], [ -76.602798461914062, 39.262611389160156 ], [ -76.599327087402344, 39.263999938964844 ], [ -76.579887390136719, 39.271770477294922 ], [ -76.536376953125, 39.253868103027344 ], [ -76.524696350097656, 39.24176025390625 ], [ -76.505722045898438, 39.200569152832031 ], [ -76.50634765625, 39.199680328369141 ] ] ] } },
{ "type": "Feature", "properties": { "cluster_id": 35 }, "geometry": { "type": "Polygon", "coordinates": [ [ [ -84.115997314453125, 46.191501617431641 ], [ -84.127693176269531, 46.197578430175781 ], [ -84.140251159667969, 46.204479217529297 ], [ -84.152030944824219, 46.210990905761719 ], [ -84.156829833984375, 46.213668823242188 ], [ -84.158821105957031, 46.214801788330078 ], [ -84.167800903320312, 46.219940185546875 ], [ -84.545372009277344, 46.450641632080078 ], [ -84.548912048339844, 46.452899932861328 ], [ -84.552726745605469, 46.455459594726562 ], [ -84.555900573730469, 46.457839965820312 ], [ -84.562210083007812, 46.462760925292969 ], [ -84.570571899414062, 46.469978332519531 ], [ -84.37774658203125, 46.519180297851562 ], [ -84.327407836914062, 46.503730773925781 ], [ -84.307518005371094, 46.494171142578125 ], [ -84.304618835449219, 46.492179870605469 ], [ -84.120643615722656, 46.313449859619141 ], [ -84.120307922363281, 46.312370300292969 ], [ -84.119163513183594, 46.307949066162109 ], [ -84.110649108886719, 46.265090942382812 ], [ -84.110618591308594, 46.26470947265625 ], [ -84.111396789550781, 46.19683837890625 ], [ -84.115997314453125, 46.191501617431641 ] ] ] } },
{ "type": "Feature", "properties": { "cluster_id": 252 }, "geometry": { "type": "Polygon", "coordinates": [ [ [ -87.540130615234375, 41.724151611328125 ], [ -87.540298461914062, 41.724170684814453 ], [ -87.540168762207031, 41.724349975585938 ], [ -87.540153503417969, 41.724361419677734 ], [ -87.540077209472656, 41.724361419677734 ], [ -87.540008544921875, 41.724338531494141 ], [ -87.540008544921875, 41.724269866943359 ], [ -87.540023803710938, 41.724239349365234 ], [ -87.540130615234375, 41.724151611328125 ] ] ] } },
{ "type": "Feature", "properties": { "cluster_id": 208 }, "geometry": { "type": "Polygon", "coordinates": [ [ [ -88.51177978515625, 30.329059600830078 ], [ -88.512741088867188, 30.329080581665039 ], [ -88.559677124023438, 30.334320068359375 ], [ -88.580177307128906, 30.348720550537109 ], [ -88.580223083496094, 30.348800659179688 ], [ -88.566070556640625, 30.365819931030273 ], [ -88.565879821777344, 30.366039276123047 ], [ -88.510986328125, 30.34044075012207 ], [ -88.510353088378906, 30.336729049682617 ], [ -88.510406494140625, 30.335790634155273 ], [ -88.510871887207031, 30.329610824584961 ], [ -88.510902404785156, 30.329559326171875 ], [ -88.51177978515625, 30.329059600830078 ] ] ] } },
{ "type": "Feature", "properties": { "cluster_id": 22 }, "geometry": { "type": "Polygon", "coordinates": [ [ [ -118.926422119140625, 33.876380920410156 ], [ -118.978240966796875, 33.878559112548828 ], [ -121.617340087890625, 34.406219482421875 ], [ -121.669479370117188, 34.416919708251953 ], [ -121.659248352050781, 34.436729431152344 ], [ -121.645332336425781, 34.445671081542969 ], [ -121.296783447265625, 34.449298858642578 ], [ -121.036140441894531, 34.449581146240234 ], [ -120.872467041015625, 34.449489593505859 ], [ -120.855827331542969, 34.448379516601562 ], [ -120.844032287597656, 34.446949005126953 ], [ -119.207992553710938, 34.149688720703125 ], [ -119.204032897949219, 34.148128509521484 ], [ -118.925636291503906, 33.923828125 ], [ -118.912513732910156, 33.913238525390625 ], [ -118.908233642578125, 33.909580230712891 ], [ -118.908531188964844, 33.906951904296875 ], [ -118.908653259277344, 33.906131744384766 ], [ -118.912628173828125, 33.885540008544922 ], [ -118.91961669921875, 33.877948760986328 ], [ -118.926422119140625, 33.876380920410156 ] ] ] } },
{ "type": "Feature", "properties": { "cluster_id": 104 }, "geometry": { "type": "Polygon", "coordinates": [ [ [ -121.357963562011719, 34.498680114746094 ], [ -121.409080505371094, 34.500499725341797 ], [ -121.436531066894531, 34.510501861572266 ], [ -121.415802001953125, 34.539821624755859 ], [ -121.411880493164062, 34.541419982910156 ], [ -121.224800109863281, 34.544921875 ], [ -121.212791442871094, 34.529289245605469 ], [ -121.237998962402344, 34.501670837402344 ], [ -121.357963562011719, 34.498680114746094 ] ] ] } },
{ "type": "Feature", "properties": { "cluster_id": 131 }, "geometry": { "type": "Polygon", "coordinates": [ [ [ -122.268333435058594, 35.888168334960938 ], [ -122.353828430175781, 35.893508911132812 ], [ -122.359077453613281, 35.900848388671875 ], [ -122.342933654785156, 35.932811737060547 ], [ -122.148078918457031, 35.935169219970703 ], [ -122.143646240234375, 35.924968719482422 ], [ -122.141273498535156, 35.918651580810547 ], [ -122.1395263671875, 35.913078308105469 ], [ -122.139251708984375, 35.911380767822266 ], [ -122.1392822265625, 35.910400390625 ], [ -122.139381408691406, 35.909500122070312 ], [ -122.145469665527344, 35.890419006347656 ], [ -122.18682861328125, 35.888561248779297 ], [ -122.268333435058594, 35.888168334960938 ] ] ] } },
{ "type": "Feature", "properties": { "cluster_id": 73 }, "geometry": { "type": "Polygon", "coordinates": [ [ [ -122.63671875, 37.133380889892578 ], [ -122.786178588867188, 37.134410858154297 ], [ -122.728469848632812, 37.317031860351562 ], [ -122.724716186523438, 37.321979522705078 ], [ -122.656471252441406, 37.324680328369141 ], [ -122.654769897460938, 37.320369720458984 ], [ -122.623809814453125, 37.133590698242188 ], [ -122.63671875, 37.133380889892578 ] ] ] } },
{ "type": "Feature", "properties": { "cluster_id": 67 }, "geometry": { "type": "Polygon", "coordinates": [ [ [ -121.787330627441406, 38.015850067138672 ], [ -121.813003540039062, 38.019680023193359 ], [ -121.815147399902344, 38.020099639892578 ], [ -121.867622375488281, 38.031818389892578 ], [ -121.870018005371094, 38.032581329345703 ], [ -121.874771118164062, 38.034320831298828 ], [ -121.877182006835938, 38.0352783203125 ], [ -121.879249572753906, 38.036281585693359 ], [ -121.881271362304688, 38.037429809570312 ], [ -121.882469177246094, 38.038299560546875 ], [ -121.883552551269531, 38.039581298828125 ], [ -121.886100769042969, 38.043281555175781 ], [ -121.886222839355469, 38.043479919433594 ], [ -121.69635009765625, 38.043621063232422 ], [ -121.700569152832031, 38.039829254150391 ], [ -121.701560974121094, 38.0389404296875 ], [ -121.703849792480469, 38.037021636962891 ], [ -121.704933166503906, 38.036289215087891 ], [ -121.70892333984375, 38.034599304199219 ], [ -121.787330627441406, 38.015850067138672 ] ] ] } },
{ "type": "Feature", "properties": { "cluster_id": 156 }, "geometry": { "type": "Polygon", "coordinates": [ [ [ -121.500099182128906, 38.043731689453125 ], [ -121.554412841796875, 38.058589935302734 ], [ -121.645278930664062, 38.086818695068359 ], [ -121.646873474121094, 38.087329864501953 ], [ -121.649078369140625, 38.088081359863281 ], [ -121.654769897460938, 38.091518402099609 ], [ -121.5748291015625, 38.091209411621094 ], [ -121.508476257324219, 38.051979064941406 ], [ -121.507369995117188, 38.051319122314453 ], [ -121.506271362304688, 38.05059814453125 ], [ -121.506103515625, 38.050449371337891 ], [ -121.504753112792969, 38.049148559570312 ], [ -121.503547668457031, 38.047798156738281 ], [ -121.5003662109375, 38.044101715087891 ], [ -121.500099182128906, 38.043731689453125 ] ] ] } },
{ "type": "Feature", "properties": { "cluster_id": 254 }, "geometry": { "type": "Polygon", "coordinates": [ [ [ -121.326133728027344, 37.950790405273438 ], [ -121.335456848144531, 37.950969696044922 ], [ -121.348541259765625, 37.954498291015625 ], [ -121.355117797851562, 37.957000732421875 ], [ -121.356697082519531, 37.957618713378906 ], [ -121.358222961425781, 37.958229064941406 ], [ -121.439598083496094, 37.994831085205078 ], [ -121.421272277832031, 37.995418548583984 ], [ -121.420372009277344, 37.995429992675781 ], [ -121.41912841796875, 37.995429992675781 ], [ -121.417930603027344, 37.995269775390625 ], [ -121.416549682617188, 37.994968414306641 ], [ -121.414093017578125, 37.994369506835938 ], [ -121.406753540039062, 37.991668701171875 ], [ -121.394546508789062, 37.987171173095703 ], [ -121.318367004394531, 37.953098297119141 ], [ -121.31829833984375, 37.952949523925781 ], [ -121.318199157714844, 37.952129364013672 ], [ -121.318222045898438, 37.951950073242188 ], [ -121.318450927734375, 37.951831817626953 ], [ -121.319847106933594, 37.951480865478516 ], [ -121.326133728027344, 37.950790405273438 ] ] ] } },
{ "type": "Feature", "properties": { "cluster_id": 68 }, "geometry": { "type": "Polygon", "coordinates": [ [ [ -120.166732788085938, 33.012588500976562 ], [ -120.485099792480469, 33.013580322265625 ], [ -120.491371154785156, 33.023830413818359 ], [ -120.512016296386719, 33.057949066162109 ], [ -120.204559326171875, 33.052970886230469 ], [ -120.063819885253906, 33.045009613037109 ], [ -120.07623291015625, 33.0401611328125 ], [ -120.092529296875, 33.034198760986328 ], [ -120.166732788085938, 33.012588500976562 ] ] ] } },
{ "type": "Feature", "properties": { "cluster_id": 135 }, "geometry": { "type": "Polygon", "coordinates": [ [ [ -119.956077575683594, 31.958940505981445 ], [ -120.035636901855469, 31.961479187011719 ], [ -120.030731201171875, 32.211219787597656 ], [ -119.958877563476562, 32.292819976806641 ], [ -119.764739990234375, 32.293411254882812 ], [ -119.622306823730469, 32.288700103759766 ], [ -119.597579956054688, 32.280628204345703 ], [ -119.375640869140625, 32.196701049804688 ], [ -119.375389099121094, 32.171588897705078 ], [ -119.830558776855469, 31.991050720214844 ], [ -119.956077575683594, 31.958940505981445 ] ] ] } },
{ "type": "Feature", "properties": { "cluster_id": 113 }, "geometry": { "type": "Polygon", "coordinates": [ [ [ -92.581581115722656, 27.693519592285156 ], [ -92.634078979492188, 27.722499847412109 ], [ -92.635772705078125, 27.930540084838867 ], [ -92.634933471679688, 27.931339263916016 ], [ -92.631980895996094, 27.932519912719727 ], [ -92.628738403320312, 27.932559967041016 ], [ -92.606071472167969, 27.931190490722656 ], [ -92.177299499511719, 27.884689331054688 ], [ -92.17626953125, 27.869890213012695 ], [ -92.203269958496094, 27.742530822753906 ], [ -92.406120300292969, 27.695880889892578 ], [ -92.581581115722656, 27.693519592285156 ] ] ] } },
{ "type": "Feature", "properties": { "cluster_id": 14 }, "geometry": { "type": "Polygon", "coordinates": [ [ [ -92.649658203125, 27.933130264282227 ], [ -92.69097900390625, 27.934360504150391 ], [ -93.785110473632812, 28.6668701171875 ], [ -93.788002014160156, 28.786169052124023 ], [ -93.788032531738281, 28.795299530029297 ], [ -93.548149108886719, 28.979759216308594 ], [ -93.542068481445312, 28.983819961547852 ], [ -93.538528442382812, 28.984909057617188 ], [ -93.405067443847656, 28.986629486083984 ], [ -93.141181945800781, 28.74370002746582 ], [ -92.867149353027344, 28.415170669555664 ], [ -92.636993408203125, 27.958110809326172 ], [ -92.636260986328125, 27.943010330200195 ], [ -92.636260986328125, 27.941989898681641 ], [ -92.636817932128906, 27.93998908996582 ], [ -92.638313293457031, 27.934749603271484 ], [ -92.638542175292969, 27.934049606323242 ], [ -92.649658203125, 27.933130264282227 ] ] ] } },
{ "type": "Feature", "properties": { "cluster_id": 8 }, "geometry": { "type": "Polygon", "coordinates": [ [ [ -94.3726806640625, 27.501840591430664 ], [ -94.467582702636719, 27.502479553222656 ], [ -95.160972595214844, 28.476240158081055 ], [ -95.288887023925781, 29.749460220336914 ], [ -95.288566589355469, 29.749860763549805 ], [ -95.288368225097656, 29.750030517578125 ], [ -95.288078308105469, 29.750089645385742 ], [ -95.082778930664062, 29.764520645141602 ], [ -95.080551147460938, 29.764249801635742 ], [ -95.0782470703125, 29.763399124145508 ], [ -95.077079772949219, 29.762910842895508 ], [ -95.071586608886719, 29.760049819946289 ], [ -95.022117614746094, 29.729780197143555 ], [ -95.021858215332031, 29.729619979858398 ], [ -94.257598876953125, 29.247200012207031 ], [ -93.788162231445312, 28.923660278320312 ], [ -93.789596557617188, 28.797950744628906 ], [ -94.250831604003906, 27.5023193359375 ], [ -94.3726806640625, 27.501840591430664 ] ] ] } },
{ "type": "Feature", "properties": { "cluster_id": 80 }, "geometry": { "type": "Polygon", "coordinates": [ [ [ -92.093902587890625, 27.885419845581055 ], [ -92.127151489257812, 27.885520935058594 ], [ -92.158927917480469, 27.88599967956543 ], [ -92.160850524902344, 27.886390686035156 ], [ -92.161109924316406, 27.886899948120117 ], [ -92.156723022460938, 27.889080047607422 ], [ -92.093467712402344, 27.899280548095703 ], [ -92.083427429199219, 27.900659561157227 ], [ -91.788482666015625, 27.932310104370117 ], [ -91.592430114746094, 27.932859420776367 ], [ -91.503227233886719, 27.932550430297852 ], [ -91.4844970703125, 27.931669235229492 ], [ -91.48895263671875, 27.926639556884766 ], [ -91.492813110351562, 27.924720764160156 ], [ -91.757720947265625, 27.900409698486328 ], [ -91.760749816894531, 27.900150299072266 ], [ -91.808151245117188, 27.896999359130859 ], [ -91.991447448730469, 27.885730743408203 ], [ -92.093902587890625, 27.885419845581055 ] ] ] } },
{ "type": "Feature", "properties": { "cluster_id": 42 }, "geometry": { "type": "Polygon", "coordinates": [ [ [ -91.356773376464844, 27.933370590209961 ], [ -91.481727600097656, 27.933450698852539 ], [ -91.482322692871094, 27.935869216918945 ], [ -91.479736328125, 27.954660415649414 ], [ -91.426490783691406, 27.976020812988281 ], [ -90.95166015625, 27.980520248413086 ], [ -90.90570068359375, 27.980829238891602 ], [ -90.824127197265625, 27.980800628662109 ], [ -90.792739868164062, 27.979509353637695 ], [ -90.816886901855469, 27.945890426635742 ], [ -90.826667785644531, 27.939689636230469 ], [ -90.833633422851562, 27.937789916992188 ], [ -91.356773376464844, 27.933370590209961 ] ] ] } },
{ "type": "Feature", "properties": { "cluster_id": 56 }, "geometry": { "type": "Polygon", "coordinates": [ [ [ -90.72479248046875, 27.980890274047852 ], [ -90.787567138671875, 27.981790542602539 ], [ -90.789222717285156, 27.983020782470703 ], [ -90.791557312011719, 27.987619400024414 ], [ -90.789291381835938, 28.00486946105957 ], [ -90.782333374023438, 28.023420333862305 ], [ -90.107276916503906, 28.074840545654297 ], [ -90.1048583984375, 28.070329666137695 ], [ -90.103622436523438, 28.043159484863281 ], [ -90.112678527832031, 28.009159088134766 ], [ -90.439659118652344, 27.98284912109375 ], [ -90.72479248046875, 27.980890274047852 ] ] ] } },
{ "type": "Feature", "properties": { "cluster_id": 114 }, "geometry": { "type": "Polygon", "coordinates": [ [ [ -90.013641357421875, 28.172649383544922 ], [ -90.0302734375, 28.17289924621582 ], [ -90.093849182128906, 28.179849624633789 ], [ -90.077568054199219, 28.308559417724609 ], [ -89.891937255859375, 28.315710067749023 ], [ -89.888168334960938, 28.314670562744141 ], [ -89.879341125488281, 28.310770034790039 ], [ -89.874862670898438, 28.305700302124023 ], [ -89.871673583984375, 28.260610580444336 ], [ -89.883346557617188, 28.175359725952148 ], [ -90.013641357421875, 28.172649383544922 ] ] ] } },
{ "type": "Feature", "properties": { "cluster_id": 222 }, "geometry": { "type": "Polygon", "coordinates": [ [ [ -89.716171264648438, 28.508190155029297 ], [ -89.721702575683594, 28.508829116821289 ], [ -89.837867736816406, 28.533260345458984 ], [ -89.840339660644531, 28.535259246826172 ], [ -89.850921630859375, 28.545700073242188 ], [ -89.862472534179688, 28.558330535888672 ], [ -89.829887390136719, 28.586099624633789 ], [ -89.640892028808594, 28.603500366210938 ], [ -89.641563415527344, 28.517459869384766 ], [ -89.716171264648438, 28.508190155029297 ] ] ] } },
{ "type": "Feature", "properties": { "cluster_id": 203 }, "geometry": { "type": "Polygon", "coordinates": [ [ [ -89.961456298828125, 27.215089797973633 ], [ -90.014816284179688, 27.219860076904297 ], [ -90.039192199707031, 27.252519607543945 ], [ -90.035499572753906, 27.258989334106445 ], [ -90.034317016601562, 27.25956916809082 ], [ -89.999221801757812, 27.261550903320312 ], [ -89.883468627929688, 27.253240585327148 ], [ -89.883506774902344, 27.234180450439453 ], [ -89.883743286132812, 27.217180252075195 ], [ -89.961456298828125, 27.215089797973633 ] ] ] } },
{ "type": "Feature", "properties": { "cluster_id": 141 }, "geometry": { "type": "Polygon", "coordinates": [ [ [ -88.830390930175781, 27.837400436401367 ], [ -88.9114990234375, 27.838119506835938 ], [ -88.937667846679688, 27.872119903564453 ], [ -88.943702697753906, 27.883499145507812 ], [ -88.941482543945312, 27.897930145263672 ], [ -88.926406860351562, 27.924419403076172 ], [ -88.901260375976562, 27.929479598999023 ], [ -88.879051208496094, 27.932849884033203 ], [ -88.823966979980469, 27.932910919189453 ], [ -88.775459289550781, 27.899929046630859 ], [ -88.759567260742188, 27.881059646606445 ], [ -88.749870300292969, 27.867929458618164 ], [ -88.749229431152344, 27.83827018737793 ], [ -88.830390930175781, 27.837400436401367 ] ] ] } },
{ "type": "Feature", "properties": { "cluster_id": 27 }, "geometry": { "type": "Polygon", "coordinates": [ [ [ -83.167282104492188, 27.455219268798828 ], [ -83.186012268066406, 27.511800765991211 ], [ -83.184280395507812, 27.597240447998047 ], [ -83.171562194824219, 27.612209320068359 ], [ -82.525413513183594, 27.788330078125 ], [ -82.525253295898438, 27.788360595703125 ], [ -82.507476806640625, 27.789089202880859 ], [ -82.563102722167969, 27.627470016479492 ], [ -82.563133239746094, 27.627429962158203 ], [ -83.019279479980469, 27.461380004882812 ], [ -83.032699584960938, 27.459320068359375 ], [ -83.062667846679688, 27.457769393920898 ], [ -83.079750061035156, 27.456899642944336 ], [ -83.167282104492188, 27.455219268798828 ] ] ] } },
{ "type": "Feature", "properties": { "cluster_id": 213 }, "geometry": { "type": "Polygon", "coordinates": [ [ [ -82.496231079101562, 27.792980194091797 ], [ -82.447273254394531, 27.942230224609375 ], [ -82.443389892578125, 27.954000473022461 ], [ -82.442039489746094, 27.954780578613281 ], [ -82.441902160644531, 27.954740524291992 ], [ -82.441818237304688, 27.954700469970703 ], [ -82.391181945800781, 27.855779647827148 ], [ -82.406631469726562, 27.807849884033203 ], [ -82.494979858398438, 27.793170928955078 ], [ -82.496231079101562, 27.792980194091797 ] ] ] } },
{ "type": "Feature", "properties": { "cluster_id": 229 }, "geometry": { "type": "Polygon", "coordinates": [ [ [ -85.76727294921875, 30.089519500732422 ], [ -85.764930725097656, 30.096820831298828 ], [ -85.733001708984375, 30.182769775390625 ], [ -85.732940673828125, 30.182830810546875 ], [ -85.732780456542969, 30.182830810546875 ], [ -85.682876586914062, 30.149450302124023 ], [ -85.68182373046875, 30.145320892333984 ], [ -85.682586669921875, 30.144269943237305 ], [ -85.683219909667969, 30.143560409545898 ], [ -85.753669738769531, 30.092979431152344 ], [ -85.76727294921875, 30.089519500732422 ] ] ] } },
{ "type": "Feature", "properties": { "cluster_id": 231 }, "geometry": { "type": "Polygon", "coordinates": [ [ [ -74.617446899414062, 37.899948120117188 ], [ -74.661666870117188, 37.900669097900391 ], [ -74.643623352050781, 37.924999237060547 ], [ -74.64202880859375, 37.926250457763672 ], [ -74.639999389648438, 37.927528381347656 ], [ -74.6343994140625, 37.930301666259766 ], [ -74.595001220703125, 37.947330474853516 ], [ -74.456268310546875, 37.944171905517578 ], [ -74.444572448730469, 37.930938720703125 ], [ -74.448760986328125, 37.901561737060547 ], [ -74.617446899414062, 37.899948120117188 ] ] ] } },
{ "type": "Feature", "properties": { "cluster_id": 179 }, "geometry": { "type": "Polygon", "coordinates": [ [ [ -74.52783203125, 38.331451416015625 ], [ -74.611167907714844, 38.333000183105469 ], [ -74.658248901367188, 38.335361480712891 ], [ -74.657623291015625, 38.37493896484375 ], [ -74.630203247070312, 38.377109527587891 ], [ -74.586112976074219, 38.378299713134766 ], [ -74.532608032226562, 38.379039764404297 ], [ -74.477081298828125, 38.371391296386719 ], [ -74.441619873046875, 38.347190856933594 ], [ -74.441001892089844, 38.333740234375 ], [ -74.472328186035156, 38.331501007080078 ], [ -74.52783203125, 38.331451416015625 ] ] ] } },
{ "type": "Feature", "properties": { "cluster_id": 61 }, "geometry": { "type": "Polygon", "coordinates": [ [ [ -74.708000183105469, 38.379169464111328 ], [ -74.731117248535156, 38.379810333251953 ], [ -74.886756896972656, 38.618740081787109 ], [ -74.890609741210938, 38.624931335449219 ], [ -74.889938354492188, 38.631061553955078 ], [ -74.865501403808594, 38.666000366210938 ], [ -74.700927734375, 38.625850677490234 ], [ -74.438491821289062, 38.525508880615234 ], [ -74.433830261230469, 38.500999450683594 ], [ -74.437667846679688, 38.490608215332031 ], [ -74.663116455078125, 38.388008117675781 ], [ -74.683326721191406, 38.382831573486328 ], [ -74.708000183105469, 38.379169464111328 ] ] ] } },
{ "type": "Feature", "properties": { "cluster_id": 16 }, "geometry": { "type": "Polygon", "coordinates": [ [ [ -74.930328369140625, 38.667331695556641 ], [ -74.931488037109375, 38.667530059814453 ], [ -75.030723571777344, 38.761001586914062 ], [ -75.033279418945312, 38.763450622558594 ], [ -75.035598754882812, 38.765979766845703 ], [ -75.038383483886719, 38.769321441650391 ], [ -75.184310913085938, 38.950820922851562 ], [ -75.352272033691406, 39.275829315185547 ], [ -75.351669311523438, 39.276020050048828 ], [ -75.349449157714844, 39.274700164794922 ], [ -74.958976745605469, 38.968578338623047 ], [ -74.958908081054688, 38.968479156494141 ], [ -74.899421691894531, 38.794410705566406 ], [ -74.893669128417969, 38.761028289794922 ], [ -74.892997741699219, 38.691829681396484 ], [ -74.894050598144531, 38.690731048583984 ], [ -74.926750183105469, 38.668720245361328 ], [ -74.930328369140625, 38.667331695556641 ] ] ] } },
{ "type": "Feature", "properties": { "cluster_id": 0 }, "geometry": { "type": "Polygon", "coordinates": [ [ [ -75.368362426757812, 39.289600372314453 ], [ -75.371589660644531, 39.291149139404297 ], [ -75.799781799316406, 39.529781341552734 ], [ -75.799118041992188, 39.530590057373047 ], [ -75.457389831542969, 39.785308837890625 ], [ -75.422340393066406, 39.804969787597656 ], [ -75.340789794921875, 39.850128173828125 ], [ -75.132858276367188, 39.959400177001953 ], [ -75.13275146484375, 39.958820343017578 ], [ -75.125640869140625, 39.915328979492188 ], [ -75.127487182617188, 39.903419494628906 ], [ -75.127586364746094, 39.903118133544922 ], [ -75.128669738769531, 39.90032958984375 ], [ -75.367477416992188, 39.289840698242188 ], [ -75.367996215820312, 39.289669036865234 ], [ -75.368362426757812, 39.289600372314453 ] ] ] } },
{ "type": "Feature", "properties": { "cluster_id": 172 }, "geometry": { "type": "Polygon", "coordinates": [ [ [ -74.525871276855469, 38.810398101806641 ], [ -74.660263061523438, 38.818031311035156 ], [ -74.530296325683594, 38.855258941650391 ], [ -74.433250427246094, 38.846721649169922 ], [ -74.47125244140625, 38.814628601074219 ], [ -74.521156311035156, 38.810451507568359 ], [ -74.525871276855469, 38.810398101806641 ] ] ] } },
{ "type": "Feature", "properties": { "cluster_id": 20 }, "geometry": { "type": "Polygon", "coordinates": [ [ [ -74.261161804199219, 39.098880767822266 ], [ -74.268760681152344, 39.0989990234375 ], [ -74.271347045898438, 39.099388122558594 ], [ -74.303131103515625, 39.104358673095703 ], [ -74.494758605957031, 39.218349456787109 ], [ -74.503692626953125, 39.224868774414062 ], [ -74.506927490234375, 39.228408813476562 ], [ -74.515312194824219, 39.238029479980469 ], [ -74.517532348632812, 39.240581512451172 ], [ -74.304283142089844, 39.271579742431641 ], [ -74.290122985839844, 39.267021179199219 ], [ -74.284126281738281, 39.264991760253906 ], [ -74.279762268066406, 39.262519836425781 ], [ -74.238258361816406, 39.238349914550781 ], [ -74.221099853515625, 39.227859497070312 ], [ -74.210968017578125, 39.217819213867188 ], [ -74.206016540527344, 39.171390533447266 ], [ -74.204147338867188, 39.128631591796875 ], [ -74.226417541503906, 39.105819702148438 ], [ -74.258468627929688, 39.099010467529297 ], [ -74.261161804199219, 39.098880767822266 ] ] ] } },
{ "type": "Feature", "properties": { "cluster_id": 140 }, "geometry": { "type": "Polygon", "coordinates": [ [ [ -73.915153503417969, 39.625148773193359 ], [ -73.932052612304688, 39.627731323242188 ], [ -73.931388854980469, 39.631679534912109 ], [ -73.905982971191406, 39.671070098876953 ], [ -73.720672607421875, 39.768150329589844 ], [ -73.678268432617188, 39.767768859863281 ], [ -73.658157348632812, 39.767158508300781 ], [ -73.5565185546875, 39.739078521728516 ], [ -73.547630310058594, 39.736568450927734 ], [ -73.542648315429688, 39.735000610351562 ], [ -73.541496276855469, 39.734519958496094 ], [ -73.540771484375, 39.734001159667969 ], [ -73.540397644042969, 39.733428955078125 ], [ -73.510597229003906, 39.669948577880859 ], [ -73.543998718261719, 39.657920837402344 ], [ -73.625068664550781, 39.62908935546875 ], [ -73.673973083496094, 39.625679016113281 ], [ -73.767929077148438, 39.625431060791016 ], [ -73.915153503417969, 39.625148773193359 ] ] ] } },
{ "type": "Feature", "properties": { "cluster_id": 48 }, "geometry": { "type": "Polygon", "coordinates": [ [ [ -73.839591979980469, 40.104900360107422 ], [ -73.858970642089844, 40.111148834228516 ], [ -74.25408935546875, 40.539768218994141 ], [ -74.254119873046875, 40.540000915527344 ], [ -74.254127502441406, 40.540088653564453 ], [ -74.254058837890625, 40.540599822998047 ], [ -74.251502990722656, 40.548000335693359 ], [ -74.25067138671875, 40.549831390380859 ], [ -74.200721740722656, 40.633049011230469 ], [ -74.193717956542969, 40.64141845703125 ], [ -74.146141052246094, 40.697338104248047 ], [ -74.001289367675781, 40.773670196533203 ], [ -73.280830383300781, 40.486499786376953 ], [ -73.287063598632812, 40.4798583984375 ], [ -73.747291564941406, 40.106349945068359 ], [ -73.839591979980469, 40.104900360107422 ] ] ] } },
{ "type": "Feature", "properties": { "cluster_id": 83 }, "geometry": { "type": "Polygon", "coordinates": [ [ [ -75.364921569824219, 34.6414794921875 ], [ -75.52142333984375, 34.642631530761719 ], [ -75.567207336425781, 34.647861480712891 ], [ -75.581916809082031, 34.653179168701172 ], [ -75.582992553710938, 34.669601440429688 ], [ -75.583778381347656, 34.835620880126953 ], [ -75.255546569824219, 35.209621429443359 ], [ -75.217521667480469, 35.213821411132812 ], [ -75.062446594238281, 35.216011047363281 ], [ -75.037818908691406, 35.215408325195312 ], [ -74.998481750488281, 35.214000701904297 ], [ -74.962303161621094, 35.199531555175781 ], [ -74.949951171875, 35.187728881835938 ], [ -74.998748779296875, 35.080181121826172 ], [ -75.131217956542969, 34.885810852050781 ], [ -75.364921569824219, 34.6414794921875 ] ] ] } },
{ "type": "Feature", "properties": { "cluster_id": 268 }, "geometry": { "type": "Polygon", "coordinates": [ [ [ -78.908828735351562, 32.630809783935547 ], [ -78.990882873535156, 32.631179809570312 ], [ -79.036460876464844, 32.632080078125 ], [ -79.039962768554688, 32.676490783691406 ], [ -78.819091796875, 32.676071166992188 ], [ -78.815803527832031, 32.673679351806641 ], [ -78.828941345214844, 32.645721435546875 ], [ -78.908828735351562, 32.630809783935547 ] ] ] } },
{ "type": "Feature", "properties": { "cluster_id": 52 }, "geometry": { "type": "Polygon", "coordinates": [ [ [ -79.515922546386719, 32.533321380615234 ], [ -79.600669860839844, 32.533599853515625 ], [ -79.6392822265625, 32.539569854736328 ], [ -79.673408508300781, 32.561759948730469 ], [ -79.739532470703125, 32.617168426513672 ], [ -79.923370361328125, 32.780780792236328 ], [ -79.961738586425781, 32.866790771484375 ], [ -79.96148681640625, 32.898361206054688 ], [ -79.9613037109375, 32.899448394775391 ], [ -79.960922241210938, 32.900600433349609 ], [ -79.960800170898438, 32.900848388671875 ], [ -79.960472106933594, 32.901130676269531 ], [ -79.958412170410156, 32.902900695800781 ], [ -79.954849243164062, 32.905311584472656 ], [ -79.951812744140625, 32.907188415527344 ], [ -79.95068359375, 32.907600402832031 ], [ -79.950302124023438, 32.907730102539062 ], [ -79.943038940429688, 32.909351348876953 ], [ -79.942947387695312, 32.909351348876953 ], [ -79.048263549804688, 32.628528594970703 ], [ -79.046112060546875, 32.626228332519531 ], [ -79.042488098144531, 32.612968444824219 ], [ -79.042800903320312, 32.598880767822266 ], [ -79.104728698730469, 32.581478118896484 ], [ -79.515922546386719, 32.533321380615234 ] ] ] } },
{ "type": "Feature", "properties": { "cluster_id": 129 }, "geometry": { "type": "Polygon", "coordinates": [ [ [ -79.6168212890625, 32.293769836425781 ], [ -79.643577575683594, 32.293949127197266 ], [ -79.729911804199219, 32.297481536865234 ], [ -79.728981018066406, 32.315471649169922 ], [ -79.712913513183594, 32.338138580322266 ], [ -79.685829162597656, 32.340328216552734 ], [ -79.587730407714844, 32.340919494628906 ], [ -79.55877685546875, 32.33837890625 ], [ -79.516632080078125, 32.333408355712891 ], [ -79.503799438476562, 32.308860778808594 ], [ -79.518592834472656, 32.298351287841797 ], [ -79.6168212890625, 32.293769836425781 ] ] ] } },
{ "type": "Feature", "properties": { "cluster_id": 60 }, "geometry": { "type": "Polygon", "coordinates": [ [ [ -79.864112854003906, 32.199321746826172 ], [ -79.957611083984375, 32.222511291503906 ], [ -79.926856994628906, 32.245368957519531 ], [ -79.895980834960938, 32.245449066162109 ], [ -79.739418029785156, 32.245128631591797 ], [ -79.737388610839844, 32.233589172363281 ], [ -79.735420227050781, 32.210601806640625 ], [ -79.767227172851562, 32.201839447021484 ], [ -79.854469299316406, 32.199428558349609 ], [ -79.864112854003906, 32.199321746826172 ] ] ] } },
{ "type": "Feature", "properties": { "cluster_id": 10 }, "geometry": { "type": "Polygon", "coordinates": [ [ [ -80.628166198730469, 31.814779281616211 ], [ -81.094230651855469, 32.084201812744141 ], [ -81.098991394042969, 32.087318420410156 ], [ -81.113868713378906, 32.101341247558594 ], [ -81.11383056640625, 32.101459503173828 ], [ -81.1136474609375, 32.101688385009766 ], [ -81.008186340332031, 32.101779937744141 ], [ -81.004226684570312, 32.101730346679688 ], [ -79.982170104980469, 32.053001403808594 ], [ -79.96600341796875, 32.051471710205078 ], [ -79.964103698730469, 32.043010711669922 ], [ -79.968490600585938, 32.013828277587891 ], [ -79.997230529785156, 31.979579925537109 ], [ -80.22467041015625, 31.872329711914062 ], [ -80.431968688964844, 31.816120147705078 ], [ -80.628166198730469, 31.814779281616211 ] ] ] } },
{ "type": "Feature", "properties": { "cluster_id": 209 }, "geometry": { "type": "Polygon", "coordinates": [ [ [ -81.114616394042969, 32.1019287109375 ], [ -81.116470336914062, 32.102199554443359 ], [ -81.116500854492188, 32.102218627929688 ], [ -81.116676330566406, 32.102378845214844 ], [ -81.11669921875, 32.102401733398438 ], [ -81.132347106933594, 32.118900299072266 ], [ -81.140678405761719, 32.129920959472656 ], [ -81.142723083496094, 32.134788513183594 ], [ -81.142730712890625, 32.134819030761719 ], [ -81.142738342285156, 32.134860992431641 ], [ -81.143096923828125, 32.138721466064453 ], [ -81.143081665039062, 32.138778686523438 ], [ -81.143058776855469, 32.138790130615234 ], [ -81.142486572265625, 32.138931274414062 ], [ -81.142196655273438, 32.138999938964844 ], [ -81.1368408203125, 32.131938934326172 ], [ -81.114753723144531, 32.102699279785156 ], [ -81.114646911621094, 32.102329254150391 ], [ -81.114616394042969, 32.1019287109375 ] ] ] } },
{ "type": "Feature", "properties": { "cluster_id": 70 }, "geometry": { "type": "Polygon", "coordinates": [ [ [ -79.963401794433594, 27.741460800170898 ], [ -80.019767761230469, 27.742649078369141 ], [ -80.091133117675781, 27.748079299926758 ], [ -80.122703552246094, 27.756000518798828 ], [ -80.126129150390625, 27.765180587768555 ], [ -80.186981201171875, 27.931320190429688 ], [ -80.190040588378906, 27.976770401000977 ], [ -80.184921264648438, 27.980730056762695 ], [ -80.026260375976562, 27.980039596557617 ], [ -79.975547790527344, 27.972200393676758 ], [ -79.962547302246094, 27.870719909667969 ], [ -79.962272644042969, 27.852180480957031 ], [ -79.963401794433594, 27.741460800170898 ] ] ] } },
{ "type": "Feature", "properties": { "cluster_id": 97 }, "geometry": { "type": "Polygon", "coordinates": [ [ [ -79.882797241210938, 27.550350189208984 ], [ -79.923500061035156, 27.559169769287109 ], [ -79.961166381835938, 27.698749542236328 ], [ -79.959907531738281, 27.719459533691406 ], [ -79.947921752929688, 27.736200332641602 ], [ -79.897071838378906, 27.739990234375 ], [ -79.888427734375, 27.7406005859375 ], [ -79.819869995117188, 27.73444938659668 ], [ -79.763702392578125, 27.728630065917969 ], [ -79.736770629882812, 27.628299713134766 ], [ -79.745429992675781, 27.558469772338867 ], [ -79.813880920410156, 27.552730560302734 ], [ -79.882797241210938, 27.550350189208984 ] ] ] } },
{ "type": "Feature", "properties": { "cluster_id": 162 }, "geometry": { "type": "Polygon", "coordinates": [ [ [ -79.886848449707031, 27.168399810791016 ], [ -79.957847595214844, 27.171749114990234 ], [ -79.959579467773438, 27.207479476928711 ], [ -79.957527160644531, 27.213649749755859 ], [ -79.796768188476562, 27.213869094848633 ], [ -79.771377563476562, 27.210470199584961 ], [ -79.739242553710938, 27.193109512329102 ], [ -79.739448547363281, 27.186769485473633 ], [ -79.779998779296875, 27.169069290161133 ], [ -79.886848449707031, 27.168399810791016 ] ] ] } },
{ "type": "Feature", "properties": { "cluster_id": 66 }, "geometry": { "type": "Polygon", "coordinates": [ [ [ -79.94671630859375, 26.928520202636719 ], [ -79.960311889648438, 26.938159942626953 ], [ -79.961517333984375, 26.948720932006836 ], [ -79.961502075195312, 26.985149383544922 ], [ -79.960273742675781, 27.068609237670898 ], [ -79.926902770996094, 27.06903076171875 ], [ -79.815322875976562, 27.07029914855957 ], [ -79.75775146484375, 27.068750381469727 ], [ -79.741531372070312, 27.063819885253906 ], [ -79.737907409667969, 27.003740310668945 ], [ -79.744552612304688, 26.957479476928711 ], [ -79.750808715820312, 26.934160232543945 ], [ -79.764579772949219, 26.932870864868164 ], [ -79.838996887207031, 26.929500579833984 ], [ -79.94671630859375, 26.928520202636719 ] ] ] } },
{ "type": "Feature", "properties": { "cluster_id": 69 }, "geometry": { "type": "Polygon", "coordinates": [ [ [ -82.102432250976562, 23.622749328613281 ], [ -82.195121765136719, 23.623369216918945 ], [ -82.217903137207031, 23.624130249023438 ], [ -82.49114990234375, 23.732349395751953 ], [ -82.496788024902344, 23.750209808349609 ], [ -82.486907958984375, 23.791059494018555 ], [ -82.468223571777344, 23.810800552368164 ], [ -81.220466613769531, 23.906749725341797 ], [ -81.189247131347656, 23.906219482421875 ], [ -81.138717651367188, 23.904319763183594 ], [ -81.114990234375, 23.89777946472168 ], [ -81.115081787109375, 23.892669677734375 ], [ -81.128433227539062, 23.818679809570312 ], [ -81.394676208496094, 23.721719741821289 ], [ -81.412017822265625, 23.716680526733398 ], [ -81.604621887207031, 23.681909561157227 ], [ -82.085578918457031, 23.624469757080078 ], [ -82.102432250976562, 23.622749328613281 ] ] ] } },
{ "type": "Feature", "properties": { "cluster_id": 19 }, "geometry": { "type": "Polygon", "coordinates": [ [ [ -130.31951904296875, 54.144081115722656 ], [ -130.339187622070312, 54.146739959716797 ], [ -130.65008544921875, 54.212348937988281 ], [ -130.609527587890625, 54.237339019775391 ], [ -130.273345947265625, 54.355571746826172 ], [ -130.27215576171875, 54.355918884277344 ], [ -130.267410278320312, 54.356178283691406 ], [ -130.2667236328125, 54.356170654296875 ], [ -130.265731811523438, 54.355148315429688 ], [ -130.250747680664062, 54.312648773193359 ], [ -130.250717163085938, 54.312198638916016 ], [ -130.316192626953125, 54.148418426513672 ], [ -130.31951904296875, 54.144081115722656 ] ] ] } },
{ "type": "Feature", "properties": { "cluster_id": 177 }, "geometry": { "type": "Polygon", "coordinates": [ [ [ -66.863616943359375, 17.774469375610352 ], [ -66.960487365722656, 17.774740219116211 ], [ -67.030258178710938, 17.781730651855469 ], [ -67.047653198242188, 17.784059524536133 ], [ -67.053810119628906, 17.796169281005859 ], [ -67.048171997070312, 17.810489654541016 ], [ -66.773406982421875, 17.820659637451172 ], [ -66.719741821289062, 17.820930480957031 ], [ -66.60211181640625, 17.806669235229492 ], [ -66.599472045898438, 17.795360565185547 ], [ -66.596916198730469, 17.779350280761719 ], [ -66.625419616699219, 17.778589248657227 ], [ -66.643890380859375, 17.778249740600586 ], [ -66.853416442871094, 17.774639129638672 ], [ -66.863616943359375, 17.774469375610352 ] ] ] } },
{ "type": "Feature", "properties": { "cluster_id": 71 }, "geometry": { "type": "Polygon", "coordinates": [ [ [ -68.337959289550781, 17.871940612792969 ], [ -68.437599182128906, 17.888439178466797 ], [ -68.588790893554688, 17.918209075927734 ], [ -68.640800476074219, 17.933370590209961 ], [ -68.662200927734375, 17.950529098510742 ], [ -68.669448852539062, 17.958410263061523 ], [ -68.667396545410156, 18.058500289916992 ], [ -68.436721801757812, 18.157339096069336 ], [ -68.352859497070312, 18.157079696655273 ], [ -68.211082458496094, 18.155349731445312 ], [ -68.210472106933594, 18.148870468139648 ], [ -68.210739135742188, 17.918590545654297 ], [ -68.244499206542969, 17.903499603271484 ], [ -68.337959289550781, 17.871940612792969 ] ] ] } },
{ "type": "Feature", "properties": { "cluster_id": 72 }, "geometry": { "type": "Polygon", "coordinates": [ [ [ -67.736610412597656, 18.398519515991211 ], [ -67.744827270507812, 18.404869079589844 ], [ -67.743072509765625, 18.428400039672852 ], [ -67.658012390136719, 18.490299224853516 ], [ -67.6162109375, 18.492460250854492 ], [ -67.566596984863281, 18.491439819335938 ], [ -67.520217895507812, 18.478670120239258 ], [ -67.520652770996094, 18.446779251098633 ], [ -67.521400451660156, 18.435029983520508 ], [ -67.576179504394531, 18.409629821777344 ], [ -67.593513488769531, 18.401800155639648 ], [ -67.634620666503906, 18.398820877075195 ], [ -67.736610412597656, 18.398519515991211 ] ] ] } },
{ "type": "Feature", "properties": { "cluster_id": 173 }, "geometry": { "type": "Polygon", "coordinates": [ [ [ -78.091201782226562, 25.7977294921875 ], [ -78.091438293457031, 25.797750473022461 ], [ -78.091567993164062, 25.797769546508789 ], [ -78.091949462890625, 25.797910690307617 ], [ -78.104347229003906, 25.803329467773438 ], [ -78.106697082519531, 25.804460525512695 ], [ -78.106842041015625, 25.816080093383789 ], [ -78.10601806640625, 25.81743049621582 ], [ -78.099906921386719, 25.821559906005859 ], [ -77.936447143554688, 25.824199676513672 ], [ -77.935752868652344, 25.824079513549805 ], [ -78.090370178222656, 25.797769546508789 ], [ -78.0909423828125, 25.7977294921875 ], [ -78.091201782226562, 25.7977294921875 ] ] ] } },
{ "type": "Feature", "properties": { "cluster_id": 269 }, "geometry": { "type": "Polygon", "coordinates": [ [ [ -78.119926452636719, 25.969699859619141 ], [ -78.210868835449219, 25.970779418945312 ], [ -78.308769226074219, 25.972770690917969 ], [ -78.318466186523438, 25.97681999206543 ], [ -78.343650817871094, 25.998500823974609 ], [ -78.279319763183594, 26.014080047607422 ], [ -78.219146728515625, 26.01593017578125 ], [ -78.138671875, 26.014999389648438 ], [ -78.124298095703125, 25.986249923706055 ], [ -78.119926452636719, 25.969699859619141 ] ] ] } },
{ "type": "Feature", "properties": { "cluster_id": 43 }, "geometry": { "type": "Polygon", "coordinates": [ [ [ -122.733558654785156, 45.564651489257812 ], [ -122.733650207519531, 45.564678192138672 ], [ -122.737861633300781, 45.567119598388672 ], [ -122.766181945800781, 45.585601806640625 ], [ -122.770278930664062, 45.588691711425781 ], [ -122.775108337402344, 45.593418121337891 ], [ -122.777908325195312, 45.596630096435547 ], [ -122.779533386230469, 45.598709106445312 ], [ -122.7811279296875, 45.601169586181641 ], [ -122.787338256835938, 45.612049102783203 ], [ -122.788749694824219, 45.614601135253906 ], [ -122.790496826171875, 45.618968963623047 ], [ -122.791511535644531, 45.622398376464844 ], [ -122.791717529296875, 45.625801086425781 ], [ -122.791358947753906, 45.628208160400391 ], [ -122.790481567382812, 45.630508422851562 ], [ -122.788650512695312, 45.63336181640625 ], [ -122.786491394042969, 45.636180877685547 ], [ -122.765983581542969, 45.661911010742188 ], [ -122.701011657714844, 45.633598327636719 ], [ -122.695671081542969, 45.630409240722656 ], [ -122.695449829101562, 45.630210876464844 ], [ -122.731666564941406, 45.566089630126953 ], [ -122.732551574707031, 45.564788818359375 ], [ -122.733497619628906, 45.564659118652344 ], [ -122.733558654785156, 45.564651489257812 ] ] ] } },
{ "type": "Feature", "properties": { "cluster_id": 197 }, "geometry": { "type": "Polygon", "coordinates": [ [ [ -122.939201354980469, 46.096611022949219 ], [ -122.94146728515625, 46.09674072265625 ], [ -122.973960876464844, 46.1083984375 ], [ -123.027778625488281, 46.141471862792969 ], [ -123.026298522949219, 46.141078948974609 ], [ -123.013748168945312, 46.137020111083984 ], [ -123.009780883789062, 46.135711669921875 ], [ -123.007087707519531, 46.134441375732422 ], [ -122.937919616699219, 46.096759796142578 ], [ -122.939201354980469, 46.096611022949219 ] ] ] } },
{ "type": "Feature", "properties": { "cluster_id": 82 }, "geometry": { "type": "Polygon", "coordinates": [ [ [ -123.336051940917969, 46.141780853271484 ], [ -123.344779968261719, 46.141998291015625 ], [ -123.352630615234375, 46.142921447753906 ], [ -123.364303588867188, 46.144821166992188 ], [ -123.381599426269531, 46.147769927978516 ], [ -123.38739013671875, 46.148960113525391 ], [ -123.394477844238281, 46.152851104736328 ], [ -123.397377014160156, 46.154609680175781 ], [ -123.406967163085938, 46.161930084228516 ], [ -123.421592712402344, 46.173408508300781 ], [ -123.427528381347656, 46.178348541259766 ], [ -123.430419921875, 46.182159423828125 ], [ -123.43145751953125, 46.185348510742188 ], [ -123.43121337890625, 46.188240051269531 ], [ -123.154716491699219, 46.189571380615234 ], [ -123.151298522949219, 46.189529418945312 ], [ -123.131889343261719, 46.187728881835938 ], [ -123.12744140625, 46.187240600585938 ], [ -123.122512817382812, 46.186458587646484 ], [ -123.119941711425781, 46.185829162597656 ], [ -123.054656982421875, 46.15557861328125 ], [ -123.05352783203125, 46.154708862304688 ], [ -123.053962707519531, 46.154251098632812 ], [ -123.307716369628906, 46.142169952392578 ], [ -123.315338134765625, 46.141998291015625 ], [ -123.317619323730469, 46.141960144042969 ], [ -123.323463439941406, 46.141880035400391 ], [ -123.332298278808594, 46.141788482666016 ], [ -123.336051940917969, 46.141780853271484 ] ] ] } },
{ "type": "Feature", "properties": { "cluster_id": 116 }, "geometry": { "type": "Polygon", "coordinates": [ [ [ -123.429428100585938, 46.238750457763672 ], [ -123.710159301757812, 46.239128112792969 ], [ -123.703498840332031, 46.242820739746094 ], [ -123.701622009277344, 46.243839263916016 ], [ -123.694129943847656, 46.247409820556641 ], [ -123.690231323242188, 46.249259948730469 ], [ -123.68377685546875, 46.251201629638672 ], [ -123.669960021972656, 46.254878997802734 ], [ -123.657119750976562, 46.258190155029297 ], [ -123.65203857421875, 46.259380340576172 ], [ -123.646751403808594, 46.260288238525391 ], [ -123.492683410644531, 46.272998809814453 ], [ -123.48187255859375, 46.272750854492188 ], [ -123.475021362304688, 46.271530151367188 ], [ -123.466400146484375, 46.269020080566406 ], [ -123.457687377929688, 46.263881683349609 ], [ -123.436752319335938, 46.246131896972656 ], [ -123.433380126953125, 46.243270874023438 ], [ -123.431221008300781, 46.241230010986328 ], [ -123.429428100585938, 46.238750457763672 ] ] ] } },
{ "type": "Feature", "properties": { "cluster_id": 18 }, "geometry": { "type": "Polygon", "coordinates": [ [ [ -123.9102783203125, 46.189800262451172 ], [ -124.202438354492188, 46.190620422363281 ], [ -124.361618041992188, 46.239109039306641 ], [ -124.432083129882812, 46.272281646728516 ], [ -124.432327270507812, 46.272480010986328 ], [ -124.432426452636719, 46.272750854492188 ], [ -124.425132751464844, 46.285179138183594 ], [ -124.287193298339844, 46.284870147705078 ], [ -124.03485107421875, 46.260189056396484 ], [ -123.746711730957031, 46.2239990234375 ], [ -123.750473022460938, 46.221778869628906 ], [ -123.750709533691406, 46.2216796875 ], [ -123.825813293457031, 46.194969177246094 ], [ -123.829010009765625, 46.194290161132812 ], [ -123.83251953125, 46.193901062011719 ], [ -123.898406982421875, 46.18988037109375 ], [ -123.9102783203125, 46.189800262451172 ] ] ] } },
{ "type": "Feature", "properties": { "cluster_id": 185 }, "geometry": { "type": "Polygon", "coordinates": [ [ [ -124.2957763671875, 46.143451690673828 ], [ -124.388778686523438, 46.143478393554688 ], [ -124.428802490234375, 46.166130065917969 ], [ -124.427757263183594, 46.184211730957031 ], [ -124.284889221191406, 46.189640045166016 ], [ -124.25140380859375, 46.18927001953125 ], [ -124.205909729003906, 46.185279846191406 ], [ -124.208930969238281, 46.150348663330078 ], [ -124.2957763671875, 46.143451690673828 ] ] ] } },
{ "type": "Feature", "properties": { "cluster_id": 115 }, "geometry": { "type": "Polygon", "coordinates": [ [ [ -75.121330261230469, 39.966701507568359 ], [ -75.052581787109375, 40.007579803466797 ], [ -75.050529479980469, 40.008159637451172 ], [ -75.06353759765625, 39.987991333007812 ], [ -75.06494140625, 39.986419677734375 ], [ -75.065879821777344, 39.985389709472656 ], [ -75.07135009765625, 39.980350494384766 ], [ -75.073158264160156, 39.979301452636719 ], [ -75.077430725097656, 39.977241516113281 ], [ -75.121330261230469, 39.966701507568359 ] ] ] } },
{ "type": "Feature", "properties": { "cluster_id": 227 }, "geometry": { "type": "Polygon", "coordinates": [ [ [ -74.835922241210938, 40.104549407958984 ], [ -74.835670471191406, 40.105209350585938 ], [ -74.829971313476562, 40.118659973144531 ], [ -74.827766418457031, 40.123538970947266 ], [ -74.826683044433594, 40.124908447265625 ], [ -74.824569702148438, 40.126449584960938 ], [ -74.819938659667969, 40.127918243408203 ], [ -74.754989624023438, 40.139381408691406 ], [ -74.754928588867188, 40.139389038085938 ], [ -74.754898071289062, 40.139389038085938 ], [ -74.754859924316406, 40.139358520507812 ], [ -74.752922058105469, 40.135719299316406 ], [ -74.753089904785156, 40.135570526123047 ], [ -74.780998229980469, 40.122039794921875 ], [ -74.781158447265625, 40.121971130371094 ], [ -74.784149169921875, 40.120838165283203 ], [ -74.835922241210938, 40.104549407958984 ] ] ] } },
{ "type": "Feature", "properties": { "cluster_id": 65 }, "geometry": { "type": "Polygon", "coordinates": [ [ [ -81.224998474121094, 30.329669952392578 ], [ -81.62158203125, 30.338949203491211 ], [ -81.629936218261719, 30.375520706176758 ], [ -81.629142761230469, 30.380289077758789 ], [ -81.628303527832031, 30.383089065551758 ], [ -81.624748229980469, 30.393930435180664 ], [ -81.622840881347656, 30.396560668945312 ], [ -81.621116638183594, 30.397680282592773 ], [ -81.617340087890625, 30.399919509887695 ], [ -81.606300354003906, 30.405670166015625 ], [ -81.600578308105469, 30.408340454101562 ], [ -81.598381042480469, 30.409290313720703 ], [ -81.596656799316406, 30.409999847412109 ], [ -81.593406677246094, 30.410589218139648 ], [ -81.283218383789062, 30.444229125976562 ], [ -80.945137023925781, 30.424600601196289 ], [ -80.946136474609375, 30.420160293579102 ], [ -80.95556640625, 30.413799285888672 ], [ -81.009841918945312, 30.377689361572266 ], [ -81.221916198730469, 30.329919815063477 ], [ -81.224998474121094, 30.329669952392578 ] ] ] } },
{ "type": "Feature", "properties": { "cluster_id": 241 }, "geometry": { "type": "Polygon", "coordinates": [ [ [ -78.093910217285156, 33.779308319091797 ], [ -78.101097106933594, 33.7794189453125 ], [ -78.107162475585938, 33.783950805664062 ], [ -78.107681274414062, 33.784599304199219 ], [ -78.107757568359375, 33.785240173339844 ], [ -78.106849670410156, 33.79071044921875 ], [ -78.106277465820312, 33.791301727294922 ], [ -78.033729553222656, 33.826030731201172 ], [ -78.035186767578125, 33.820079803466797 ], [ -78.043479919433594, 33.792350769042969 ], [ -78.044967651367188, 33.787868499755859 ], [ -78.047561645507812, 33.780460357666016 ], [ -78.055168151855469, 33.779670715332031 ], [ -78.066001892089844, 33.779449462890625 ], [ -78.093910217285156, 33.779308319091797 ] ] ] } },
{ "type": "Feature", "properties": { "cluster_id": 86 }, "geometry": { "type": "Polygon", "coordinates": [ [ [ -78.008293151855469, 33.874778747558594 ], [ -78.021110534667969, 33.905158996582031 ], [ -78.020896911621094, 33.907341003417969 ], [ -78.020370483398438, 33.910419464111328 ], [ -78.018203735351562, 33.912620544433594 ], [ -77.949073791503906, 33.970600128173828 ], [ -77.95025634765625, 33.967720031738281 ], [ -77.953399658203125, 33.961601257324219 ], [ -77.954963684082031, 33.958770751953125 ], [ -77.956336975097656, 33.956508636474609 ], [ -78.007827758789062, 33.875171661376953 ], [ -78.008293151855469, 33.874778747558594 ] ] ] } },
{ "type": "Feature", "properties": { "cluster_id": 128 }, "geometry": { "type": "Polygon", "coordinates": [ [ [ -77.935966491699219, 34.117038726806641 ], [ -77.958641052246094, 34.156818389892578 ], [ -77.960166931152344, 34.159500122070312 ], [ -77.960823059082031, 34.1610107421875 ], [ -77.96099853515625, 34.162330627441406 ], [ -77.960868835449219, 34.165321350097656 ], [ -77.957588195800781, 34.209918975830078 ], [ -77.955909729003906, 34.209980010986328 ], [ -77.935188293457031, 34.125049591064453 ], [ -77.93499755859375, 34.122829437255859 ], [ -77.935020446777344, 34.122440338134766 ], [ -77.935966491699219, 34.117038726806641 ] ] ] } },
{ "type": "Feature", "properties": { "cluster_id": 46 }, "geometry": { "type": "Polygon", "coordinates": [ [ [ -76.174102783203125, 34.067558288574219 ], [ -76.237602233886719, 34.079418182373047 ], [ -76.266349792480469, 34.087150573730469 ], [ -76.273231506347656, 34.104961395263672 ], [ -76.264167785644531, 34.203048706054688 ], [ -76.171180725097656, 34.207500457763672 ], [ -76.074378967285156, 34.209888458251953 ], [ -76.066650390625, 34.209220886230469 ], [ -76.047767639160156, 34.192878723144531 ], [ -76.045196533203125, 34.139900207519531 ], [ -76.052108764648438, 34.114578247070312 ], [ -76.078903198242188, 34.087200164794922 ], [ -76.104301452636719, 34.076648712158203 ], [ -76.127227783203125, 34.068180084228516 ], [ -76.174102783203125, 34.067558288574219 ] ] ] } },
{ "type": "Feature", "properties": { "cluster_id": 7 }, "geometry": { "type": "Polygon", "coordinates": [ [ [ -75.939666748046875, 34.307571411132812 ], [ -75.963539123535156, 34.308250427246094 ], [ -76.041893005371094, 34.313438415527344 ], [ -76.007217407226562, 34.346729278564453 ], [ -75.905532836914062, 34.353889465332031 ], [ -75.837432861328125, 34.353290557861328 ], [ -75.829452514648438, 34.351428985595703 ], [ -75.834091186523438, 34.337760925292969 ], [ -75.841171264648438, 34.330348968505859 ], [ -75.859336853027344, 34.311840057373047 ], [ -75.888587951660156, 34.309238433837891 ], [ -75.939666748046875, 34.307571411132812 ] ] ] } },
{ "type": "Feature", "properties": { "cluster_id": 196 }, "geometry": { "type": "Polygon", "coordinates": [ [ [ -75.722450256347656, 34.497890472412109 ], [ -75.761077880859375, 34.499229431152344 ], [ -75.786201477050781, 34.519069671630859 ], [ -75.810806274414062, 34.584129333496094 ], [ -75.807281494140625, 34.593479156494141 ], [ -75.614288330078125, 34.593330383300781 ], [ -75.602371215820312, 34.590610504150391 ], [ -75.593132019042969, 34.583671569824219 ], [ -75.586151123046875, 34.566841125488281 ], [ -75.584388732910156, 34.539180755615234 ], [ -75.601631164550781, 34.512348175048828 ], [ -75.6234130859375, 34.500839233398438 ], [ -75.722450256347656, 34.497890472412109 ] ] ] } },
{ "type": "Feature", "properties": { "cluster_id": 149 }, "geometry": { "type": "Polygon", "coordinates": [ [ [ -117.647666931152344, 32.246330261230469 ], [ -117.696296691894531, 32.251930236816406 ], [ -117.716598510742188, 32.30670166015625 ], [ -117.723396301269531, 32.325901031494141 ], [ -117.728233337402344, 32.340068817138672 ], [ -117.750923156738281, 32.408950805664062 ], [ -117.75244140625, 32.415580749511719 ], [ -117.752670288085938, 32.472499847412109 ], [ -117.750228881835938, 32.529411315917969 ], [ -117.739463806152344, 32.532840728759766 ], [ -117.526161193847656, 32.529850006103516 ], [ -117.523170471191406, 32.259891510009766 ], [ -117.542922973632812, 32.249359130859375 ], [ -117.647666931152344, 32.246330261230469 ] ] ] } },
{ "type": "Feature", "properties": { "cluster_id": 188 }, "geometry": { "type": "Polygon", "coordinates": [ [ [ -123.06170654296875, 37.373138427734375 ], [ -123.097900390625, 37.373859405517578 ], [ -123.231529235839844, 37.379348754882812 ], [ -123.265800476074219, 37.381431579589844 ], [ -123.235733032226562, 37.408138275146484 ], [ -123.229141235351562, 37.413860321044922 ], [ -123.146171569824219, 37.419170379638672 ], [ -123.055999755859375, 37.412998199462891 ], [ -123.053672790527344, 37.404830932617188 ], [ -123.055740356445312, 37.384639739990234 ], [ -123.06170654296875, 37.373138427734375 ] ] ] } },
{ "type": "Feature", "properties": { "cluster_id": 218 }, "geometry": { "type": "Polygon", "coordinates": [ [ [ -123.164726257324219, 37.469120025634766 ], [ -123.204116821289062, 37.474239349365234 ], [ -123.276199340820312, 37.4918212890625 ], [ -123.272178649902344, 37.538280487060547 ], [ -123.210670471191406, 37.557781219482422 ], [ -123.086273193359375, 37.564048767089844 ], [ -123.063011169433594, 37.564178466796875 ], [ -123.05963134765625, 37.564041137695312 ], [ -123.055183410644531, 37.530860900878906 ], [ -123.055770874023438, 37.489261627197266 ], [ -123.062538146972656, 37.472110748291016 ], [ -123.164726257324219, 37.469120025634766 ] ] ] } },
{ "type": "Feature", "properties": { "cluster_id": 158 }, "geometry": { "type": "Polygon", "coordinates": [ [ [ -120.112930297851562, 33.635231018066406 ], [ -120.27130126953125, 33.636249542236328 ], [ -120.283416748046875, 33.636470794677734 ], [ -120.277481079101562, 33.655559539794922 ], [ -120.273826599121094, 33.667098999023438 ], [ -120.171173095703125, 33.680999755859375 ], [ -119.890830993652344, 33.682670593261719 ], [ -119.833541870117188, 33.649589538574219 ], [ -119.843086242675781, 33.640689849853516 ], [ -119.864540100097656, 33.639030456542969 ], [ -119.913421630859375, 33.635318756103516 ], [ -120.112930297851562, 33.635231018066406 ] ] ] } },
{ "type": "Feature", "properties": { "cluster_id": 91 }, "geometry": { "type": "Polygon", "coordinates": [ [ [ -80.442298889160156, 28.316450119018555 ], [ -80.4752197265625, 28.316940307617188 ], [ -80.65203857421875, 28.4091796875 ], [ -80.642356872558594, 28.448570251464844 ], [ -80.641921997070312, 28.449920654296875 ], [ -80.6402587890625, 28.453079223632812 ], [ -80.638877868652344, 28.455610275268555 ], [ -80.638778686523438, 28.455730438232422 ], [ -80.638641357421875, 28.455759048461914 ], [ -80.429496765136719, 28.359830856323242 ], [ -80.422920227050781, 28.330120086669922 ], [ -80.431800842285156, 28.317720413208008 ], [ -80.442298889160156, 28.316450119018555 ] ] ] } },
{ "type": "Feature", "properties": { "cluster_id": 242 }, "geometry": { "type": "Polygon", "coordinates": [ [ [ -91.429153442382812, 27.264860153198242 ], [ -91.450218200683594, 27.266149520874023 ], [ -91.452560424804688, 27.266300201416016 ], [ -91.461952209472656, 27.267610549926758 ], [ -91.47015380859375, 27.275270462036133 ], [ -91.480758666992188, 27.28809928894043 ], [ -91.479393005371094, 27.304849624633789 ], [ -91.452049255371094, 27.305839538574219 ], [ -91.283851623535156, 27.301959991455078 ], [ -91.269577026367188, 27.28904914855957 ], [ -91.387283325195312, 27.267730712890625 ], [ -91.404098510742188, 27.265689849853516 ], [ -91.429153442382812, 27.264860153198242 ] ] ] } },
{ "type": "Feature", "properties": { "cluster_id": 39 }, "geometry": { "type": "Polygon", "coordinates": [ [ [ -151.523696899414062, 59.559440612792969 ], [ -151.525146484375, 59.560218811035156 ], [ -151.391433715820312, 59.621559143066406 ], [ -151.391143798828125, 59.621658325195312 ], [ -151.389144897460938, 59.622261047363281 ], [ -151.387176513671875, 59.622119903564453 ], [ -151.385787963867188, 59.621891021728516 ], [ -151.384262084960938, 59.620861053466797 ], [ -151.384185791015625, 59.620708465576172 ], [ -151.38446044921875, 59.619159698486328 ], [ -151.385086059570312, 59.617378234863281 ], [ -151.397842407226562, 59.600780487060547 ], [ -151.401016235351562, 59.597511291503906 ], [ -151.403915405273438, 59.596031188964844 ], [ -151.406692504882812, 59.59490966796875 ], [ -151.41729736328125, 59.591171264648438 ], [ -151.443084716796875, 59.582180023193359 ], [ -151.49444580078125, 59.564418792724609 ], [ -151.501205444335938, 59.562469482421875 ], [ -151.5093994140625, 59.56134033203125 ], [ -151.523696899414062, 59.559440612792969 ] ] ] } },
{ "type": "Feature", "properties": { "cluster_id": 123 }, "geometry": { "type": "Polygon", "coordinates": [ [ [ -164.0882568359375, 54.241630554199219 ], [ -164.233413696289062, 54.250461578369141 ], [ -164.281753540039062, 54.253768920898438 ], [ -164.287933349609375, 54.267169952392578 ], [ -164.236312866210938, 54.279979705810547 ], [ -164.096908569335938, 54.284019470214844 ], [ -164.078506469726562, 54.282489776611328 ], [ -164.073211669921875, 54.249240875244141 ], [ -164.075820922851562, 54.244678497314453 ], [ -164.078826904296875, 54.242710113525391 ], [ -164.0882568359375, 54.241630554199219 ] ] ] } },
{ "type": "Feature", "properties": { "cluster_id": 169 }, "geometry": { "type": "Polygon", "coordinates": [ [ [ -88.114189147949219, 29.75469970703125 ], [ -88.132499694824219, 29.755350112915039 ], [ -88.24688720703125, 29.760019302368164 ], [ -88.256843566894531, 29.762500762939453 ], [ -88.257392883300781, 29.779689788818359 ], [ -88.213401794433594, 29.797859191894531 ], [ -88.141387939453125, 29.799350738525391 ], [ -88.115890502929688, 29.767059326171875 ], [ -88.113319396972656, 29.760690689086914 ], [ -88.114189147949219, 29.75469970703125 ] ] ] } },
{ "type": "Feature", "properties": { "cluster_id": 58 }, "geometry": { "type": "Polygon", "coordinates": [ [ [ -88.289581298828125, 29.802650451660156 ], [ -88.353507995605469, 29.803810119628906 ], [ -88.486076354980469, 29.826229095458984 ], [ -88.51708984375, 29.855480194091797 ], [ -88.52691650390625, 29.865659713745117 ], [ -88.527137756347656, 29.866199493408203 ], [ -88.525970458984375, 29.871669769287109 ], [ -88.525718688964844, 29.872390747070312 ], [ -88.447731018066406, 30.037590026855469 ], [ -88.028121948242188, 30.328769683837891 ], [ -87.952018737792969, 30.044380187988281 ], [ -88.276206970214844, 29.810270309448242 ], [ -88.289581298828125, 29.802650451660156 ] ] ] } },
{ "type": "Feature", "properties": { "cluster_id": 176 }, "geometry": { "type": "Polygon", "coordinates": [ [ [ -88.492462158203125, 30.092769622802734 ], [ -88.659942626953125, 30.095249176025391 ], [ -88.931259155273438, 30.124130249023438 ], [ -88.935417175292969, 30.125869750976562 ], [ -88.939781188964844, 30.129610061645508 ], [ -88.944572448730469, 30.135440826416016 ], [ -88.945869445800781, 30.137079238891602 ], [ -88.864189147949219, 30.137119293212891 ], [ -88.525093078613281, 30.137020111083984 ], [ -88.492500305175781, 30.12384033203125 ], [ -88.488288879394531, 30.119579315185547 ], [ -88.489906311035156, 30.096410751342773 ], [ -88.492462158203125, 30.092769622802734 ] ] ] } },
{ "type": "Feature", "properties": { "cluster_id": 243 }, "geometry": { "type": "Polygon", "coordinates": [ [ [ -123.971031188964844, 46.961471557617188 ], [ -123.966949462890625, 46.962371826171875 ], [ -123.928672790527344, 46.969280242919922 ], [ -123.924339294433594, 46.969810485839844 ], [ -123.913551330566406, 46.969921112060547 ], [ -123.87255859375, 46.967811584472656 ], [ -123.866950988769531, 46.967151641845703 ], [ -123.857780456542969, 46.966030120849609 ], [ -123.8531494140625, 46.964179992675781 ], [ -123.85302734375, 46.963981628417969 ], [ -123.853057861328125, 46.963920593261719 ], [ -123.853080749511719, 46.963890075683594 ], [ -123.971031188964844, 46.961471557617188 ] ] ] } },
{ "type": "Feature", "properties": { "cluster_id": 174 }, "geometry": { "type": "Polygon", "coordinates": [ [ [ -124.187911987304688, 46.9085693359375 ], [ -124.193748474121094, 46.908901214599609 ], [ -124.192306518554688, 46.909580230712891 ], [ -123.987396240234375, 46.955348968505859 ], [ -123.993858337402344, 46.949970245361328 ], [ -124.005142211914062, 46.940788269042969 ], [ -124.012008666992188, 46.935470581054688 ], [ -124.018318176269531, 46.931041717529297 ], [ -124.024620056152344, 46.928119659423828 ], [ -124.05413818359375, 46.920791625976562 ], [ -124.143157958984375, 46.909141540527344 ], [ -124.146133422851562, 46.908958435058594 ], [ -124.187911987304688, 46.9085693359375 ] ] ] } },
{ "type": "Feature", "properties": { "cluster_id": 134 }, "geometry": { "type": "Polygon", "coordinates": [ [ [ -83.472679138183594, 27.561040878295898 ], [ -83.474136352539062, 27.561069488525391 ], [ -83.475440979003906, 27.561260223388672 ], [ -83.641693115234375, 27.587270736694336 ], [ -83.647377014160156, 27.59136962890625 ], [ -83.489356994628906, 27.596059799194336 ], [ -83.444801330566406, 27.595769882202148 ], [ -83.425071716308594, 27.590730667114258 ], [ -83.42144775390625, 27.584329605102539 ], [ -83.429267883300781, 27.577949523925781 ], [ -83.456306457519531, 27.563970565795898 ], [ -83.458480834960938, 27.562889099121094 ], [ -83.461250305175781, 27.562000274658203 ], [ -83.463218688964844, 27.561759948730469 ], [ -83.472679138183594, 27.561040878295898 ] ] ] } },
{ "type": "Feature", "properties": { "cluster_id": 194 }, "geometry": { "type": "Polygon", "coordinates": [ [ [ -93.25885009765625, 28.989389419555664 ], [ -93.259178161621094, 28.989419937133789 ], [ -93.259407043457031, 28.989500045776367 ], [ -93.259849548339844, 28.989690780639648 ], [ -93.261260986328125, 28.9906005859375 ], [ -93.324897766113281, 29.033939361572266 ], [ -93.254241943359375, 29.079299926757812 ], [ -93.2158203125, 29.08152961730957 ], [ -93.203117370605469, 29.081550598144531 ], [ -93.200210571289062, 29.080120086669922 ], [ -93.198051452636719, 29.06981086730957 ], [ -93.197456359863281, 29.061119079589844 ], [ -93.197868347167969, 29.047880172729492 ], [ -93.199798583984375, 29.002599716186523 ], [ -93.205482482910156, 28.994909286499023 ], [ -93.212333679199219, 28.989580154418945 ], [ -93.252571105957031, 28.989389419555664 ], [ -93.25885009765625, 28.989389419555664 ] ] ] } },
{ "type": "Feature", "properties": { "cluster_id": 100 }, "geometry": { "type": "Polygon", "coordinates": [ [ [ -93.224647521972656, 29.274810791015625 ], [ -93.235359191894531, 29.27931022644043 ], [ -93.252799987792969, 29.303470611572266 ], [ -93.253662109375, 29.305669784545898 ], [ -93.253959655761719, 29.307960510253906 ], [ -93.253822326660156, 29.325380325317383 ], [ -93.253646850585938, 29.32621955871582 ], [ -93.252571105957031, 29.328500747680664 ], [ -93.229591369628906, 29.362619400024414 ], [ -93.222129821777344, 29.367589950561523 ], [ -93.218017578125, 29.37013053894043 ], [ -93.212127685546875, 29.369970321655273 ], [ -93.204452514648438, 29.361719131469727 ], [ -93.203750610351562, 29.33650016784668 ], [ -93.203102111816406, 29.294439315795898 ], [ -93.203277587890625, 29.280990600585938 ], [ -93.21038818359375, 29.278120040893555 ], [ -93.218017578125, 29.275239944458008 ], [ -93.224647521972656, 29.274810791015625 ] ] ] } },
{ "type": "Feature", "properties": { "cluster_id": 221 }, "geometry": { "type": "Polygon", "coordinates": [ [ [ -93.22479248046875, 29.514959335327148 ], [ -93.226730346679688, 29.516469955444336 ], [ -93.323867797851562, 29.610660552978516 ], [ -93.324928283691406, 29.612579345703125 ], [ -93.3271484375, 29.656509399414062 ], [ -93.326828002929688, 29.657419204711914 ], [ -93.278160095214844, 29.63170051574707 ], [ -93.2569580078125, 29.619049072265625 ], [ -93.228866577148438, 29.601730346679688 ], [ -93.228523254394531, 29.601419448852539 ], [ -93.215911865234375, 29.558259963989258 ], [ -93.214508056640625, 29.553260803222656 ], [ -93.209640502929688, 29.531440734863281 ], [ -93.209197998046875, 29.528009414672852 ], [ -93.209182739257812, 29.515369415283203 ], [ -93.22479248046875, 29.514959335327148 ] ] ] } },
{ "type": "Feature", "properties": { "cluster_id": 63 }, "geometry": { "type": "Polygon", "coordinates": [ [ [ -93.342613220214844, 29.753969192504883 ], [ -93.342720031738281, 29.754009246826172 ], [ -93.342758178710938, 29.754199981689453 ], [ -93.343948364257812, 29.760520935058594 ], [ -93.344993591308594, 29.766780853271484 ], [ -93.345291137695312, 29.770130157470703 ], [ -93.345512390136719, 29.773239135742188 ], [ -93.348426818847656, 29.814210891723633 ], [ -93.348793029785156, 29.831060409545898 ], [ -93.348739624023438, 29.831899642944336 ], [ -93.348159790039062, 29.838869094848633 ], [ -93.347061157226562, 29.849409103393555 ], [ -93.342613220214844, 29.753969192504883 ] ] ] } },
{ "type": "Feature", "properties": { "cluster_id": 137 }, "geometry": { "type": "Polygon", "coordinates": [ [ [ -93.333381652832031, 29.996919631958008 ], [ -93.333503723144531, 29.997840881347656 ], [ -93.33355712890625, 29.999189376831055 ], [ -93.333427429199219, 30.037599563598633 ], [ -93.333168029785156, 30.040279388427734 ], [ -93.329727172851562, 30.041259765625 ], [ -93.329780578613281, 30.038110733032227 ], [ -93.330230712890625, 30.032550811767578 ], [ -93.333381652832031, 29.996919631958008 ] ] ] } },
{ "type": "Feature", "properties": { "cluster_id": 32 }, "geometry": { "type": "Polygon", "coordinates": [ [ [ -93.327369689941406, 30.100360870361328 ], [ -93.334320068359375, 30.110630035400391 ], [ -93.3349609375, 30.112480163574219 ], [ -93.33502197265625, 30.145389556884766 ], [ -93.33502197265625, 30.145509719848633 ], [ -93.332366943359375, 30.153680801391602 ], [ -93.316886901855469, 30.177249908447266 ], [ -93.316757202148438, 30.17742919921875 ], [ -93.315948486328125, 30.178520202636719 ], [ -93.315711975097656, 30.178810119628906 ], [ -93.279617309570312, 30.221250534057617 ], [ -93.278007507324219, 30.222579956054688 ], [ -93.277618408203125, 30.222860336303711 ], [ -93.2767333984375, 30.223390579223633 ], [ -93.246841430664062, 30.232820510864258 ], [ -93.246513366699219, 30.232629776000977 ], [ -93.24078369140625, 30.223110198974609 ], [ -93.240272521972656, 30.221839904785156 ], [ -93.240402221679688, 30.220729827880859 ], [ -93.240867614746094, 30.219839096069336 ], [ -93.327369689941406, 30.100360870361328 ] ] ] } },
{ "type": "Feature", "properties": { "cluster_id": 12 }, "geometry": { "type": "Polygon", "coordinates": [ [ [ -93.617202758789062, 28.994060516357422 ], [ -93.770652770996094, 29.01338005065918 ], [ -93.784347534179688, 29.028450012207031 ], [ -94.08831787109375, 30.076370239257812 ], [ -94.087898254394531, 30.076549530029297 ], [ -94.087677001953125, 30.076629638671875 ], [ -94.084617614746094, 30.077569961547852 ], [ -94.079200744628906, 30.077880859375 ], [ -94.06951904296875, 30.078220367431641 ], [ -94.067680358886719, 30.078170776367188 ], [ -94.065132141113281, 30.077749252319336 ], [ -94.061759948730469, 30.076459884643555 ], [ -94.060623168945312, 30.076000213623047 ], [ -93.862632751464844, 29.978420257568359 ], [ -93.860420227050781, 29.977140426635742 ], [ -93.858848571777344, 29.975889205932617 ], [ -93.857498168945312, 29.974079132080078 ], [ -93.85650634765625, 29.972400665283203 ], [ -93.855613708496094, 29.970359802246094 ], [ -93.615058898925781, 29.404029846191406 ], [ -93.614990234375, 29.403640747070312 ], [ -93.5579833984375, 29.015409469604492 ], [ -93.558326721191406, 29.006799697875977 ], [ -93.558937072753906, 29.004150390625 ], [ -93.561721801757812, 29.001729965209961 ], [ -93.617202758789062, 28.994060516357422 ] ] ] } },
{ "type": "Feature", "properties": { "cluster_id": 259 }, "geometry": { "type": "Polygon", "coordinates": [ [ [ -87.843467712402344, 29.897750854492188 ], [ -87.850379943847656, 29.898910522460938 ], [ -87.862998962402344, 29.901500701904297 ], [ -87.880668640136719, 29.923999786376953 ], [ -87.895332336425781, 29.942829132080078 ], [ -87.886940002441406, 29.944450378417969 ], [ -87.865669250488281, 29.941379547119141 ], [ -87.831031799316406, 29.901119232177734 ], [ -87.843467712402344, 29.897750854492188 ] ] ] } },
{ "type": "Feature", "properties": { "cluster_id": 30 }, "geometry": { "type": "Polygon", "coordinates": [ [ [ -88.027206420898438, 30.334249496459961 ], [ -88.103019714355469, 30.528099060058594 ], [ -88.043418884277344, 30.727260589599609 ], [ -88.042449951171875, 30.727739334106445 ], [ -88.040046691894531, 30.726669311523438 ], [ -88.0396728515625, 30.726280212402344 ], [ -88.039260864257812, 30.725749969482422 ], [ -88.039222717285156, 30.725570678710938 ], [ -88.031982421875, 30.684799194335938 ], [ -88.013572692871094, 30.446769714355469 ], [ -88.013023376464844, 30.439149856567383 ], [ -88.013526916503906, 30.428810119628906 ], [ -88.015731811523438, 30.410980224609375 ], [ -88.025291442871094, 30.344350814819336 ], [ -88.026092529296875, 30.339879989624023 ], [ -88.027206420898438, 30.334249496459961 ] ] ] } },
{ "type": "Feature", "properties": { "cluster_id": 109 }, "geometry": { "type": "Polygon", "coordinates": [ [ [ -88.478492736816406, 28.843610763549805 ], [ -88.478401184082031, 28.846380233764648 ], [ -88.463493347167969, 28.858009338378906 ], [ -88.457763671875, 28.861160278320312 ], [ -88.450241088867188, 28.862899780273438 ], [ -88.380882263183594, 28.874900817871094 ], [ -88.353363037109375, 28.878950119018555 ], [ -88.302276611328125, 28.886299133300781 ], [ -88.286941528320312, 28.888339996337891 ], [ -88.286727905273438, 28.887319564819336 ], [ -88.348716735839844, 28.851720809936523 ], [ -88.478492736816406, 28.843610763549805 ] ] ] } },
{ "type": "Feature", "properties": { "cluster_id": 200 }, "geometry": { "type": "Polygon", "coordinates": [ [ [ -88.451148986816406, 29.613309860229492 ], [ -88.443611145019531, 29.651809692382812 ], [ -88.357803344726562, 29.656009674072266 ], [ -88.355598449707031, 29.654769897460938 ], [ -88.353981018066406, 29.65247917175293 ], [ -88.354141235351562, 29.651639938354492 ], [ -88.355026245117188, 29.650869369506836 ], [ -88.451148986816406, 29.613309860229492 ] ] ] } },
{ "type": "Feature", "properties": { "cluster_id": 228 }, "geometry": { "type": "Polygon", "coordinates": [ [ [ -88.369850158691406, 29.706150054931641 ], [ -88.364997863769531, 29.744569778442383 ], [ -88.262351989746094, 29.744340896606445 ], [ -88.263893127441406, 29.739719390869141 ], [ -88.2728271484375, 29.723310470581055 ], [ -88.275260925292969, 29.721220016479492 ], [ -88.291252136230469, 29.711990356445312 ], [ -88.369850158691406, 29.706150054931641 ] ] ] } },
{ "type": "Feature", "properties": { "cluster_id": 244 }, "geometry": { "type": "Polygon", "coordinates": [ [ [ -123.327072143554688, 38.139621734619141 ], [ -123.496749877929688, 38.152500152587891 ], [ -123.508560180664062, 38.166740417480469 ], [ -123.434967041015625, 38.184749603271484 ], [ -123.362548828125, 38.182159423828125 ], [ -123.359306335449219, 38.180999755859375 ], [ -123.322929382324219, 38.143150329589844 ], [ -123.327072143554688, 38.139621734619141 ] ] ] } },
{ "type": "Feature", "properties": { "cluster_id": 47 }, "geometry": { "type": "Polygon", "coordinates": [ [ [ -73.549110412597656, 45.493179321289062 ], [ -73.549209594726562, 45.493251800537109 ], [ -73.548973083496094, 45.497001647949219 ], [ -73.54888916015625, 45.497920989990234 ], [ -73.548728942871094, 45.49884033203125 ], [ -73.54852294921875, 45.499980926513672 ], [ -73.5484619140625, 45.500251770019531 ], [ -73.541030883789062, 45.531978607177734 ], [ -73.498672485351562, 45.625408172607422 ], [ -73.4986572265625, 45.625431060791016 ], [ -73.451812744140625, 45.693119049072266 ], [ -73.449302673339844, 45.696590423583984 ], [ -73.438819885253906, 45.709339141845703 ], [ -73.437797546386719, 45.709678649902344 ], [ -73.437667846679688, 45.709560394287109 ], [ -73.437820434570312, 45.709201812744141 ], [ -73.501998901367188, 45.579170227050781 ], [ -73.548919677734375, 45.493289947509766 ], [ -73.548927307128906, 45.493278503417969 ], [ -73.548980712890625, 45.493240356445312 ], [ -73.549018859863281, 45.493221282958984 ], [ -73.549110412597656, 45.493179321289062 ] ] ] } },
{ "type": "Feature", "properties": { "cluster_id": 51 }, "geometry": { "type": "Polygon", "coordinates": [ [ [ -123.221687316894531, 37.133399963378906 ], [ -123.234329223632812, 37.134670257568359 ], [ -123.241172790527344, 37.170028686523438 ], [ -123.217330932617188, 37.177669525146484 ], [ -123.205657958984375, 37.180000305175781 ], [ -123.176963806152344, 37.179409027099609 ], [ -123.173988342285156, 37.178089141845703 ], [ -123.173370361328125, 37.163959503173828 ], [ -123.17327880859375, 37.161128997802734 ], [ -123.188728332519531, 37.137950897216797 ], [ -123.190238952636719, 37.136440277099609 ], [ -123.191841125488281, 37.135818481445312 ], [ -123.196746826171875, 37.135368347167969 ], [ -123.221687316894531, 37.133399963378906 ] ] ] } },
{ "type": "Feature", "properties": { "cluster_id": 11 }, "geometry": { "type": "Polygon", "coordinates": [ [ [ -75.475349426269531, 36.463890075683594 ], [ -75.538330078125, 36.466331481933594 ], [ -75.547172546386719, 36.480670928955078 ], [ -75.582000732421875, 36.538330078125 ], [ -75.582878112792969, 36.5506591796875 ], [ -75.583480834960938, 36.598079681396484 ], [ -75.583610534667969, 36.653030395507812 ], [ -75.578498840332031, 36.653091430664062 ], [ -75.48760986328125, 36.653110504150391 ], [ -75.398353576660156, 36.652729034423828 ], [ -75.383567810058594, 36.645889282226562 ], [ -75.377403259277344, 36.642910003662109 ], [ -75.355049133300781, 36.618511199951172 ], [ -75.355010986328125, 36.546371459960938 ], [ -75.374870300292969, 36.466220855712891 ], [ -75.475349426269531, 36.463890075683594 ] ] ] } },
{ "type": "Feature", "properties": { "cluster_id": 201 }, "geometry": { "type": "Polygon", "coordinates": [ [ [ -75.163299560546875, 36.222949981689453 ], [ -75.319648742675781, 36.225040435791016 ], [ -75.348579406738281, 36.228599548339844 ], [ -75.350898742675781, 36.250129699707031 ], [ -75.353248596191406, 36.274280548095703 ], [ -75.350227355957031, 36.297649383544922 ], [ -75.27362060546875, 36.311519622802734 ], [ -75.192031860351562, 36.315521240234375 ], [ -75.186721801757812, 36.314380645751953 ], [ -75.142082214355469, 36.267589569091797 ], [ -75.132537841796875, 36.257289886474609 ], [ -75.161079406738281, 36.223201751708984 ], [ -75.163299560546875, 36.222949981689453 ] ] ] } },
{ "type": "Feature", "properties": { "cluster_id": 182 }, "geometry": { "type": "Polygon", "coordinates": [ [ [ -77.432701110839844, 33.251888275146484 ], [ -77.654098510742188, 33.252250671386719 ], [ -77.64862060546875, 33.278751373291016 ], [ -77.642898559570312, 33.280879974365234 ], [ -77.616073608398438, 33.290470123291016 ], [ -77.607048034667969, 33.293670654296875 ], [ -77.554817199707031, 33.298919677734375 ], [ -77.536460876464844, 33.299400329589844 ], [ -77.484092712402344, 33.296241760253906 ], [ -77.430259704589844, 33.291130065917969 ], [ -77.432701110839844, 33.251888275146484 ] ] ] } },
{ "type": "Feature", "properties": { "cluster_id": 267 }, "geometry": { "type": "Polygon", "coordinates": [ [ [ -79.522796630859375, 32.149909973144531 ], [ -79.650932312011719, 32.149971008300781 ], [ -79.703079223632812, 32.154018402099609 ], [ -79.727333068847656, 32.179668426513672 ], [ -79.722953796386719, 32.189788818359375 ], [ -79.712699890136719, 32.195690155029297 ], [ -79.6961669921875, 32.196498870849609 ], [ -79.672798156738281, 32.196979522705078 ], [ -79.525596618652344, 32.197071075439453 ], [ -79.511001586914062, 32.191829681396484 ], [ -79.504447937011719, 32.164981842041016 ], [ -79.511650085449219, 32.15625 ], [ -79.522796630859375, 32.149909973144531 ] ] ] } },
{ "type": "Feature", "properties": { "cluster_id": 1 }, "geometry": { "type": "Polygon", "coordinates": [ [ [ -126.022247314453125, 48.394641876220703 ], [ -126.032508850097656, 48.394809722900391 ], [ -126.0325927734375, 48.394828796386719 ], [ -126.271369934082031, 48.478488922119141 ], [ -126.275718688964844, 48.498100280761719 ], [ -126.159347534179688, 48.534881591796875 ], [ -125.826606750488281, 48.478111267089844 ], [ -125.926513671875, 48.419761657714844 ], [ -125.928291320800781, 48.418941497802734 ], [ -126.019813537597656, 48.395050048828125 ], [ -126.022247314453125, 48.394641876220703 ] ] ] } },
{ "type": "Feature", "properties": { "cluster_id": 45 }, "geometry": { "type": "Polygon", "coordinates": [ [ [ -80.406173706054688, 31.576000213623047 ], [ -80.3905029296875, 31.601829528808594 ], [ -80.360328674316406, 31.651330947875977 ], [ -80.255828857421875, 31.669830322265625 ], [ -80.23760986328125, 31.669460296630859 ], [ -80.196769714355469, 31.667600631713867 ], [ -80.195823669433594, 31.655849456787109 ], [ -80.197868347167969, 31.605020523071289 ], [ -80.206832885742188, 31.576330184936523 ], [ -80.406173706054688, 31.576000213623047 ] ] ] } },
{ "type": "Feature", "properties": { "cluster_id": 216 }, "geometry": { "type": "Polygon", "coordinates": [ [ [ -79.63775634765625, 32.437320709228516 ], [ -79.636619567871094, 32.479351043701172 ], [ -79.623367309570312, 32.480670928955078 ], [ -79.595016479492188, 32.482749938964844 ], [ -79.533836364746094, 32.483409881591797 ], [ -79.508796691894531, 32.480690002441406 ], [ -79.504341125488281, 32.471389770507812 ], [ -79.509231567382812, 32.440151214599609 ], [ -79.529052734375, 32.437931060791016 ], [ -79.63775634765625, 32.437320709228516 ] ] ] } },
{ "type": "Feature", "properties": { "cluster_id": 187 }, "geometry": { "type": "Polygon", "coordinates": [ [ [ -66.066879272460938, 16.827329635620117 ], [ -66.1351318359375, 16.862270355224609 ], [ -66.065666198730469, 16.863670349121094 ], [ -66.055389404296875, 16.863710403442383 ], [ -66.024078369140625, 16.862789154052734 ], [ -65.911277770996094, 16.856779098510742 ], [ -65.910003662109375, 16.827329635620117 ], [ -66.066879272460938, 16.827329635620117 ] ] ] } },
{ "type": "Feature", "properties": { "cluster_id": 204 }, "geometry": { "type": "Polygon", "coordinates": [ [ [ -64.840049743652344, 17.586219787597656 ], [ -64.906341552734375, 17.586450576782227 ], [ -64.97796630859375, 17.589780807495117 ], [ -64.97418212890625, 17.597040176391602 ], [ -64.919059753417969, 17.629039764404297 ], [ -64.865852355957031, 17.630529403686523 ], [ -64.784149169921875, 17.630550384521484 ], [ -64.762283325195312, 17.628559112548828 ], [ -64.763763427734375, 17.619960784912109 ], [ -64.80084228515625, 17.590930938720703 ], [ -64.840049743652344, 17.586219787597656 ] ] ] } },
{ "type": "Feature", "properties": { "cluster_id": 155 }, "geometry": { "type": "Polygon", "coordinates": [ [ [ -66.963661193847656, 17.057310104370117 ], [ -67.041526794433594, 17.060190200805664 ], [ -67.053962707519531, 17.082700729370117 ], [ -67.057502746582031, 17.10283088684082 ], [ -66.832069396972656, 17.102279663085938 ], [ -66.829147338867188, 17.079530715942383 ], [ -66.871498107910156, 17.058170318603516 ], [ -66.963661193847656, 17.057310104370117 ] ] ] } },
{ "type": "Feature", "properties": { "cluster_id": 237 }, "geometry": { "type": "Polygon", "coordinates": [ [ [ -72.491737365722656, 40.344108581542969 ], [ -73.088996887207031, 40.363170623779297 ], [ -73.193962097167969, 40.368179321289062 ], [ -73.198982238769531, 40.368499755859375 ], [ -73.205657958984375, 40.369010925292969 ], [ -73.232017517089844, 40.371608734130859 ], [ -73.247451782226562, 40.373199462890625 ], [ -73.252998352050781, 40.37384033203125 ], [ -73.271141052246094, 40.376060485839844 ], [ -73.277999877929688, 40.382671356201172 ], [ -73.215461730957031, 40.386070251464844 ], [ -72.424797058105469, 40.389739990234375 ], [ -72.363327026367188, 40.380828857421875 ], [ -72.368827819824219, 40.375499725341797 ], [ -72.491737365722656, 40.344108581542969 ] ] ] } },
{ "type": "Feature", "properties": { "cluster_id": 36 }, "geometry": { "type": "Polygon", "coordinates": [ [ [ -68.044647216796875, 18.445329666137695 ], [ -68.144752502441406, 18.445859909057617 ], [ -68.205650329589844, 18.446720123291016 ], [ -68.209808349609375, 18.533430099487305 ], [ -68.204841613769531, 18.600540161132812 ], [ -68.195632934570312, 18.634540557861328 ], [ -68.000907897949219, 18.636739730834961 ], [ -67.749832153320312, 18.635330200195312 ], [ -67.7899169921875, 18.602630615234375 ], [ -67.986061096191406, 18.45598030090332 ], [ -68.015068054199219, 18.446029663085938 ], [ -68.044647216796875, 18.445329666137695 ] ] ] } },
{ "type": "Feature", "properties": { "cluster_id": 50 }, "geometry": { "type": "Polygon", "coordinates": [ [ [ -68.098068237304688, 18.349960327148438 ], [ -68.185089111328125, 18.351720809936523 ], [ -68.209510803222656, 18.359540939331055 ], [ -68.205802917480469, 18.365249633789062 ], [ -68.183197021484375, 18.393529891967773 ], [ -68.150779724121094, 18.397140502929688 ], [ -68.127471923828125, 18.397270202636719 ], [ -68.040779113769531, 18.396780014038086 ], [ -68.006752014160156, 18.385499954223633 ], [ -68.0172119140625, 18.364900588989258 ], [ -68.055587768554688, 18.350570678710938 ], [ -68.098068237304688, 18.349960327148438 ] ] ] } },
{ "type": "Feature", "properties": { "cluster_id": 105 }, "geometry": { "type": "Polygon", "coordinates": [ [ [ -75.170303344726562, 35.935329437255859 ], [ -75.24310302734375, 35.936450958251953 ], [ -75.24462890625, 35.949420928955078 ], [ -75.247077941894531, 35.971019744873047 ], [ -75.248100280761719, 35.9810791015625 ], [ -75.247329711914062, 35.982170104980469 ], [ -75.148696899414062, 35.982620239257812 ], [ -75.128028869628906, 35.9669189453125 ], [ -75.132949829101562, 35.943401336669922 ], [ -75.148460388183594, 35.937431335449219 ], [ -75.170303344726562, 35.935329437255859 ] ] ] } },
{ "type": "Feature", "properties": { "cluster_id": 160 }, "geometry": { "type": "Polygon", "coordinates": [ [ [ -66.535812377929688, 16.863899230957031 ], [ -66.553703308105469, 16.863960266113281 ], [ -66.676773071289062, 16.86669921875 ], [ -66.693527221679688, 16.867410659790039 ], [ -66.757431030273438, 16.870180130004883 ], [ -66.8214111328125, 16.8939208984375 ], [ -66.824508666992188, 16.895540237426758 ], [ -66.816688537597656, 16.898040771484375 ], [ -66.262832641601562, 16.91132926940918 ], [ -66.244499206542969, 16.907499313354492 ], [ -66.240669250488281, 16.906669616699219 ], [ -66.197502136230469, 16.896329879760742 ], [ -66.191329956054688, 16.894830703735352 ], [ -66.167831420898438, 16.888830184936523 ], [ -66.141502380371094, 16.881999969482422 ], [ -66.144859313964844, 16.865169525146484 ], [ -66.20086669921875, 16.864170074462891 ], [ -66.227996826171875, 16.86400032043457 ], [ -66.535812377929688, 16.863899230957031 ] ] ] } },
{ "type": "Feature", "properties": { "cluster_id": 77 }, "geometry": { "type": "Polygon", "coordinates": [ [ [ -116.777717590332031, 31.767599105834961 ], [ -116.786918640136719, 31.768039703369141 ], [ -116.800758361816406, 31.770490646362305 ], [ -116.830299377441406, 31.834999084472656 ], [ -116.766502380371094, 31.860620498657227 ], [ -116.625473022460938, 31.855440139770508 ], [ -116.625190734863281, 31.855350494384766 ], [ -116.620269775390625, 31.846410751342773 ], [ -116.626869201660156, 31.821399688720703 ], [ -116.628089904785156, 31.818790435791016 ], [ -116.630378723144531, 31.816650390625 ], [ -116.631187438964844, 31.816169738769531 ], [ -116.650947570800781, 31.805780410766602 ], [ -116.655349731445312, 31.803689956665039 ], [ -116.7177734375, 31.782140731811523 ], [ -116.777717590332031, 31.767599105834961 ] ] ] } },
{ "type": "Feature", "properties": { "cluster_id": 248 }, "geometry": { "type": "Polygon", "coordinates": [ [ [ -117.156463623046875, 31.574840545654297 ], [ -117.267463684082031, 31.575450897216797 ], [ -117.275169372558594, 31.57819938659668 ], [ -117.289863586425781, 31.603500366210938 ], [ -117.280158996582031, 31.667919158935547 ], [ -117.174697875976562, 31.67034912109375 ], [ -117.139266967773438, 31.669290542602539 ], [ -117.087333679199219, 31.667200088500977 ], [ -117.071853637695312, 31.666160583496094 ], [ -117.064498901367188, 31.594249725341797 ], [ -117.143081665039062, 31.575090408325195 ], [ -117.156463623046875, 31.574840545654297 ] ] ] } },
{ "type": "Feature", "properties": { "cluster_id": 44 }, "geometry": { "type": "Polygon", "coordinates": [ [ [ -94.870399475097656, 28.892309188842773 ], [ -94.939376831054688, 28.918460845947266 ], [ -94.925437927246094, 28.933290481567383 ], [ -94.921539306640625, 28.935480117797852 ], [ -94.890098571777344, 28.93671989440918 ], [ -94.759361267089844, 28.938230514526367 ], [ -94.7156982421875, 28.930490493774414 ], [ -94.827049255371094, 28.89484977722168 ], [ -94.855018615722656, 28.892860412597656 ], [ -94.870399475097656, 28.892309188842773 ] ] ] } },
{ "type": "Feature", "properties": { "cluster_id": 167 }, "geometry": { "type": "Polygon", "coordinates": [ [ [ -95.113739013671875, 28.69965934753418 ], [ -95.168159484863281, 28.702720642089844 ], [ -95.1702880859375, 28.70697021484375 ], [ -95.1705322265625, 28.836809158325195 ], [ -94.945419311523438, 28.834810256958008 ], [ -94.944007873535156, 28.83180046081543 ], [ -94.953292846679688, 28.816850662231445 ], [ -95.04168701171875, 28.699859619140625 ], [ -95.066329956054688, 28.699760437011719 ], [ -95.113739013671875, 28.69965934753418 ] ] ] } },
{ "type": "Feature", "properties": { "cluster_id": 75 }, "geometry": { "type": "Polygon", "coordinates": [ [ [ -96.226600646972656, 28.36421012878418 ], [ -96.228782653808594, 28.364250183105469 ], [ -96.229667663574219, 28.364789962768555 ], [ -96.229789733886719, 28.364959716796875 ], [ -96.230422973632812, 28.365850448608398 ], [ -96.230369567871094, 28.366239547729492 ], [ -96.230361938476562, 28.366270065307617 ], [ -96.230148315429688, 28.366949081420898 ], [ -96.229682922363281, 28.367589950561523 ], [ -96.2293701171875, 28.368000030517578 ], [ -96.228858947753906, 28.36829948425293 ], [ -96.228683471679688, 28.368389129638672 ], [ -96.228500366210938, 28.368339538574219 ], [ -96.225288391113281, 28.364559173583984 ], [ -96.225357055664062, 28.364429473876953 ], [ -96.225860595703125, 28.364219665527344 ], [ -96.226600646972656, 28.36421012878418 ] ] ] } },
{ "type": "Feature", "properties": { "cluster_id": 78 }, "geometry": { "type": "Polygon", "coordinates": [ [ [ -95.199180603027344, 28.844160079956055 ], [ -95.216331481933594, 28.846309661865234 ], [ -95.341262817382812, 28.940229415893555 ], [ -95.341232299804688, 28.940340042114258 ], [ -95.3411865234375, 28.940370559692383 ], [ -95.33062744140625, 28.942419052124023 ], [ -95.33056640625, 28.94243049621582 ], [ -95.330451965332031, 28.942449569702148 ], [ -95.308479309082031, 28.944580078125 ], [ -95.30841064453125, 28.944580078125 ], [ -95.190536499023438, 28.901590347290039 ], [ -95.172882080078125, 28.880119323730469 ], [ -95.172447204589844, 28.879009246826172 ], [ -95.175331115722656, 28.847909927368164 ], [ -95.187477111816406, 28.845050811767578 ], [ -95.193046569824219, 28.844619750976562 ], [ -95.199180603027344, 28.844160079956055 ] ] ] } },
{ "type": "Feature", "properties": { "cluster_id": 153 }, "geometry": { "type": "Polygon", "coordinates": [ [ [ -68.108497619628906, 18.15802001953125 ], [ -68.157997131347656, 18.158500671386719 ], [ -68.194831848144531, 18.164779663085938 ], [ -68.202629089355469, 18.170740127563477 ], [ -68.205108642578125, 18.177879333496094 ], [ -68.207771301269531, 18.192459106445312 ], [ -68.208038330078125, 18.194330215454102 ], [ -68.205238342285156, 18.275840759277344 ], [ -68.1986083984375, 18.285829544067383 ], [ -68.18585205078125, 18.291599273681641 ], [ -67.930412292480469, 18.345209121704102 ], [ -67.835716247558594, 18.349330902099609 ], [ -67.803466796875, 18.349050521850586 ], [ -67.749931335449219, 18.344669342041016 ], [ -67.755409240722656, 18.263769149780273 ], [ -68.046310424804688, 18.159940719604492 ], [ -68.108497619628906, 18.15802001953125 ] ] ] } },
{ "type": "Feature", "properties": { "cluster_id": 146 }, "geometry": { "type": "Polygon", "coordinates": [ [ [ -116.866340637207031, 31.910480499267578 ], [ -116.899421691894531, 31.910629272460938 ], [ -116.980537414550781, 31.91278076171875 ], [ -117.028068542480469, 31.925500869750977 ], [ -117.0584716796875, 31.95189094543457 ], [ -117.015640258789062, 31.95734977722168 ], [ -116.99835205078125, 31.956979751586914 ], [ -116.866340637207031, 31.910480499267578 ] ] ] } },
{ "type": "Feature", "properties": { "cluster_id": 126 }, "geometry": { "type": "Polygon", "coordinates": [ [ [ -117.142936706542969, 32.342208862304688 ], [ -117.2386474609375, 32.342269897460938 ], [ -117.160438537597656, 32.382820129394531 ], [ -117.097953796386719, 32.351951599121094 ], [ -117.096672058105469, 32.351081848144531 ], [ -117.096046447753906, 32.349029541015625 ], [ -117.095901489257812, 32.345050811767578 ], [ -117.099983215332031, 32.344181060791016 ], [ -117.142936706542969, 32.342208862304688 ] ] ] } },
{ "type": "Feature", "properties": { "cluster_id": 117 }, "geometry": { "type": "Polygon", "coordinates": [ [ [ -125.483673095703125, 48.585639953613281 ], [ -125.508338928222656, 48.589771270751953 ], [ -125.515487670898438, 48.593219757080078 ], [ -125.542518615722656, 48.606460571289062 ], [ -125.570632934570312, 48.620891571044922 ], [ -125.572052001953125, 48.631660461425781 ], [ -125.501609802246094, 48.632968902587891 ], [ -125.478302001953125, 48.633220672607422 ], [ -125.467178344726562, 48.632190704345703 ], [ -125.442649841308594, 48.623748779296875 ], [ -125.4234619140625, 48.616451263427734 ], [ -125.39971923828125, 48.607170104980469 ], [ -125.37274169921875, 48.596431732177734 ], [ -125.373283386230469, 48.594581604003906 ], [ -125.400947570800781, 48.586898803710938 ], [ -125.483673095703125, 48.585639953613281 ] ] ] } },
{ "type": "Feature", "properties": { "cluster_id": 125 }, "geometry": { "type": "Polygon", "coordinates": [ [ [ -125.791893005371094, 48.681549072265625 ], [ -125.80078125, 48.684329986572266 ], [ -125.814216613769531, 48.688938140869141 ], [ -125.798477172851562, 48.729038238525391 ], [ -125.709068298339844, 48.728828430175781 ], [ -125.652122497558594, 48.7275390625 ], [ -125.636619567871094, 48.724941253662109 ], [ -125.591361999511719, 48.698089599609375 ], [ -125.597198486328125, 48.684139251708984 ], [ -125.653312683105469, 48.681621551513672 ], [ -125.791893005371094, 48.681549072265625 ] ] ] } },
{ "type": "Feature", "properties": { "cluster_id": 236 }, "geometry": { "type": "Polygon", "coordinates": [ [ [ -89.908927917480469, 27.933889389038086 ], [ -89.957893371582031, 27.934600830078125 ], [ -90.085189819335938, 27.937219619750977 ], [ -90.087059020996094, 27.962259292602539 ], [ -90.088333129882812, 27.980609893798828 ], [ -90.022598266601562, 27.980520248413086 ], [ -89.900672912597656, 27.979999542236328 ], [ -89.875831604003906, 27.975500106811523 ], [ -89.89996337890625, 27.936140060424805 ], [ -89.908927917480469, 27.933889389038086 ] ] ] } },
{ "type": "Feature", "properties": { "cluster_id": 178 }, "geometry": { "type": "Polygon", "coordinates": [ [ [ -117.270606994628906, 30.377479553222656 ], [ -117.27105712890625, 30.377799987792969 ], [ -117.282272338867188, 30.391170501708984 ], [ -117.281723022460938, 30.417200088500977 ], [ -117.281562805175781, 30.417449951171875 ], [ -117.252792358398438, 30.416969299316406 ], [ -117.103073120117188, 30.410720825195312 ], [ -117.092697143554688, 30.381170272827148 ], [ -117.270606994628906, 30.377479553222656 ] ] ] } },
{ "type": "Feature", "properties": { "cluster_id": 4 }, "geometry": { "type": "Polygon", "coordinates": [ [ [ -71.038619995117188, 42.356681823730469 ], [ -71.039680480957031, 42.356868743896484 ], [ -71.042121887207031, 42.35955810546875 ], [ -71.043228149414062, 42.361038208007812 ], [ -71.063186645507812, 42.388179779052734 ], [ -71.063247680664062, 42.38848876953125 ], [ -71.063186645507812, 42.388511657714844 ], [ -70.770660400390625, 42.439949035644531 ], [ -70.768951416015625, 42.440200805664062 ], [ -70.767196655273438, 42.440219879150391 ], [ -70.765480041503906, 42.439998626708984 ], [ -70.763931274414062, 42.439609527587891 ], [ -70.762321472167969, 42.439079284667969 ], [ -70.759376525878906, 42.437648773193359 ], [ -70.758079528808594, 42.436809539794922 ], [ -70.756988525390625, 42.435829162597656 ], [ -70.745246887207031, 42.422199249267578 ], [ -70.745491027832031, 42.408969879150391 ], [ -70.747718811035156, 42.397171020507812 ], [ -70.778236389160156, 42.357620239257812 ], [ -71.038619995117188, 42.356681823730469 ] ] ] } },
{ "type": "Feature", "properties": { "cluster_id": 217 }, "geometry": { "type": "Polygon", "coordinates": [ [ [ 144.5899658203125, 13.449230194091797 ], [ 144.5872802734375, 13.450139999389648 ], [ 144.585723876953125, 13.451990127563477 ], [ 144.585433959960938, 13.454250335693359 ], [ 144.585830688476562, 13.456689834594727 ], [ 144.668243408203125, 13.46045970916748 ], [ 144.668319702148438, 13.460450172424316 ], [ 144.668487548828125, 13.460410118103027 ], [ 144.66851806640625, 13.46028995513916 ], [ 144.66827392578125, 13.459890365600586 ], [ 144.668014526367188, 13.459779739379883 ], [ 144.65863037109375, 13.456379890441895 ], [ 144.65716552734375, 13.455869674682617 ], [ 144.655319213867188, 13.455400466918945 ], [ 144.636215209960938, 13.453029632568359 ], [ 144.62567138671875, 13.451740264892578 ], [ 144.622833251953125, 13.451479911804199 ], [ 144.5899658203125, 13.449230194091797 ] ] ] } },
{ "type": "Feature", "properties": { "cluster_id": 54 }, "geometry": { "type": "Polygon", "coordinates": [ [ [ 145.030593872070312, 14.133830070495605 ], [ 145.033233642578125, 14.136369705200195 ], [ 145.0474853515625, 14.149959564208984 ], [ 145.071853637695312, 14.172499656677246 ], [ 145.109146118164062, 14.170700073242188 ], [ 145.133468627929688, 14.145299911499023 ], [ 145.134124755859375, 14.14391040802002 ], [ 145.13409423828125, 14.143549919128418 ], [ 145.133316040039062, 14.142109870910645 ], [ 145.120010375976562, 14.138739585876465 ], [ 145.030593872070312, 14.133830070495605 ] ] ] } },
{ "type": "Feature", "properties": { "cluster_id": 85 }, "geometry": { "type": "Polygon", "coordinates": [ [ [ -70.040802001953125, 40.547161102294922 ], [ -70.053001403808594, 40.552330017089844 ], [ -70.048271179199219, 40.55780029296875 ], [ -69.98602294921875, 40.581859588623047 ], [ -69.770301818847656, 40.581321716308594 ], [ -69.627548217773438, 40.568698883056641 ], [ -69.599716186523438, 40.565929412841797 ], [ -69.593177795410156, 40.563869476318359 ], [ -69.609916687011719, 40.557449340820312 ], [ -69.650497436523438, 40.554828643798828 ], [ -70.040802001953125, 40.547161102294922 ] ] ] } },
{ "type": "Feature", "properties": { "cluster_id": 108 }, "geometry": { "type": "Polygon", "coordinates": [ [ [ -72.276046752929688, 40.488929748535156 ], [ -72.575172424316406, 40.490951538085938 ], [ -72.586692810058594, 40.506820678710938 ], [ -72.585853576660156, 40.526569366455078 ], [ -72.579566955566406, 40.526771545410156 ], [ -72.57318115234375, 40.526931762695312 ], [ -72.209037780761719, 40.533870697021484 ], [ -71.842170715332031, 40.535331726074219 ], [ -71.729667663574219, 40.535331726074219 ], [ -71.668701171875, 40.534198760986328 ], [ -71.691947937011719, 40.504318237304688 ], [ -71.820419311523438, 40.499130249023438 ], [ -71.907203674316406, 40.495681762695312 ], [ -71.9415283203125, 40.494380950927734 ], [ -72.276046752929688, 40.488929748535156 ] ] ] } },
{ "type": "Feature", "properties": { "cluster_id": 102 }, "geometry": { "type": "Polygon", "coordinates": [ [ [ -73.230392456054688, 40.487491607666016 ], [ -73.26300048828125, 40.487499237060547 ], [ -73.277740478515625, 40.488651275634766 ], [ -73.276786804199219, 40.502170562744141 ], [ -73.2557373046875, 40.507339477539062 ], [ -73.250587463378906, 40.508159637451172 ], [ -73.246528625488281, 40.508670806884766 ], [ -73.227081298828125, 40.510829925537109 ], [ -73.0438232421875, 40.530208587646484 ], [ -72.999526977539062, 40.534679412841797 ], [ -72.825668334960938, 40.517669677734375 ], [ -72.82061767578125, 40.504180908203125 ], [ -72.864410400390625, 40.499469757080078 ], [ -73.168533325195312, 40.488079071044922 ], [ -73.230392456054688, 40.487491607666016 ] ] ] } },
{ "type": "Feature", "properties": { "cluster_id": 224 }, "geometry": { "type": "Polygon", "coordinates": [ [ [ -63.099998474121094, 17.967330932617188 ], [ -63.121898651123047, 17.981849670410156 ], [ -63.140331268310547, 18.006130218505859 ], [ -63.139389038085938, 18.010570526123047 ], [ -63.139129638671875, 18.011310577392578 ], [ -63.133739471435547, 18.023420333862305 ], [ -63.108119964599609, 18.036439895629883 ], [ -63.10546875, 18.037189483642578 ], [ -63.089839935302734, 18.039709091186523 ], [ -63.045501708984375, 18.01283073425293 ], [ -63.044891357421875, 18.007150650024414 ], [ -63.044891357421875, 18.007099151611328 ], [ -63.084278106689453, 17.968660354614258 ], [ -63.099998474121094, 17.967330932617188 ] ] ] } },
{ "type": "Feature", "properties": { "cluster_id": 53 }, "geometry": { "type": "Polygon", "coordinates": [ [ [ -64.528419494628906, 18.989799499511719 ], [ -64.744232177734375, 19.060970306396484 ], [ -64.692230224609375, 19.105169296264648 ], [ -64.662307739257812, 19.111400604248047 ], [ -64.594108581542969, 19.115859985351562 ], [ -64.529258728027344, 19.054019927978516 ], [ -64.527732849121094, 19.039220809936523 ], [ -64.527999877929688, 19.002130508422852 ], [ -64.528419494628906, 18.989799499511719 ] ] ] } },
{ "type": "Feature", "properties": { "cluster_id": 264 }, "geometry": { "type": "Polygon", "coordinates": [ [ [ -81.412391662597656, 19.264619827270508 ], [ -81.464630126953125, 19.276599884033203 ], [ -81.391990661621094, 19.307060241699219 ], [ -81.3895263671875, 19.303579330444336 ], [ -81.387649536132812, 19.298700332641602 ], [ -81.387680053710938, 19.298149108886719 ], [ -81.389480590820312, 19.293170928955078 ], [ -81.412391662597656, 19.264619827270508 ] ] ] } },
{ "type": "Feature", "properties": { "cluster_id": 161 }, "geometry": { "type": "Polygon", "coordinates": [ [ [ -126.6934814453125, 49.11328125 ], [ -126.73626708984375, 49.151149749755859 ], [ -126.739067077636719, 49.2081298828125 ], [ -126.529098510742188, 49.207801818847656 ], [ -126.510688781738281, 49.160381317138672 ], [ -126.519180297851562, 49.116378784179688 ], [ -126.530517578125, 49.116001129150391 ], [ -126.6934814453125, 49.11328125 ] ] ] } },
{ "type": "Feature", "properties": { "cluster_id": 186 }, "geometry": { "type": "Polygon", "coordinates": [ [ [ -71.079483032226562, 41.0625 ], [ -71.416389465332031, 41.112331390380859 ], [ -71.419090270996094, 41.1197509765625 ], [ -71.423919677734375, 41.156639099121094 ], [ -71.201957702636719, 41.231979370117188 ], [ -71.14959716796875, 41.249279022216797 ], [ -71.116302490234375, 41.251480102539062 ], [ -71.067367553710938, 41.241508483886719 ], [ -70.995101928710938, 41.219810485839844 ], [ -70.992637634277344, 41.219009399414062 ], [ -70.989723205566406, 41.217800140380859 ], [ -70.985160827636719, 41.214939117431641 ], [ -70.982650756835938, 41.213340759277344 ], [ -70.976081848144531, 41.209091186523438 ], [ -70.979400634765625, 41.112430572509766 ], [ -70.982597351074219, 41.084491729736328 ], [ -70.98309326171875, 41.083431243896484 ], [ -70.983963012695312, 41.08251953125 ], [ -70.985771179199219, 41.081668853759766 ], [ -70.997016906738281, 41.078540802001953 ], [ -71.058387756347656, 41.063201904296875 ], [ -71.079483032226562, 41.0625 ] ] ] } },
{ "type": "Feature", "properties": { "cluster_id": 103 }, "geometry": { "type": "Polygon", "coordinates": [ [ [ -71.361259460449219, 41.30255126953125 ], [ -71.418952941894531, 41.309120178222656 ], [ -71.420692443847656, 41.313869476318359 ], [ -71.420669555664062, 41.316471099853516 ], [ -71.420082092285156, 41.331539154052734 ], [ -71.419456481933594, 41.346599578857422 ], [ -71.419273376464844, 41.349338531494141 ], [ -71.298721313476562, 41.3497314453125 ], [ -71.257598876953125, 41.335670471191406 ], [ -71.25579833984375, 41.3349609375 ], [ -71.2203369140625, 41.312801361083984 ], [ -71.21466064453125, 41.309181213378906 ], [ -71.361259460449219, 41.30255126953125 ] ] ] } },
{ "type": "Feature", "properties": { "cluster_id": 193 }, "geometry": { "type": "Polygon", "coordinates": [ [ [ -71.37493896484375, 41.447761535644531 ], [ -71.381988525390625, 41.449760437011719 ], [ -71.355583190917969, 41.519161224365234 ], [ -71.352546691894531, 41.52178955078125 ], [ -71.329498291015625, 41.53961181640625 ], [ -71.327606201171875, 41.540138244628906 ], [ -71.348579406738281, 41.479770660400391 ], [ -71.348701477050781, 41.479469299316406 ], [ -71.349411010742188, 41.47808837890625 ], [ -71.35247802734375, 41.473281860351562 ], [ -71.372222900390625, 41.448299407958984 ], [ -71.37493896484375, 41.447761535644531 ] ] ] } },
{ "type": "Feature", "properties": { "cluster_id": 98 }, "geometry": { "type": "Polygon", "coordinates": [ [ [ -71.373817443847656, 41.781478881835938 ], [ -71.398971557617188, 41.807979583740234 ], [ -71.399017333984375, 41.808071136474609 ], [ -71.397010803222656, 41.809490203857422 ], [ -71.39678955078125, 41.809398651123047 ], [ -71.38616943359375, 41.799049377441406 ], [ -71.383628845214844, 41.796421051025391 ], [ -71.378250122070312, 41.789840698242188 ], [ -71.375556945800781, 41.786319732666016 ], [ -71.373847961425781, 41.783538818359375 ], [ -71.373817443847656, 41.781478881835938 ] ] ] } },
{ "type": "Feature", "properties": { "cluster_id": 168 }, "geometry": { "type": "Polygon", "coordinates": [ [ [ -63.875831604003906, 18.110330581665039 ], [ -64.017021179199219, 18.111530303955078 ], [ -64.039070129394531, 18.119569778442383 ], [ -64.059310913085938, 18.150859832763672 ], [ -64.04052734375, 18.156410217285156 ], [ -64.012168884277344, 18.157060623168945 ], [ -63.841510772705078, 18.15696907043457 ], [ -63.839210510253906, 18.122810363769531 ], [ -63.875831604003906, 18.110330581665039 ] ] ] } },
{ "type": "Feature", "properties": { "cluster_id": 93 }, "geometry": { "type": "Polygon", "coordinates": [ [ [ -76.0430908203125, 37.516799926757812 ], [ -76.044197082519531, 37.523700714111328 ], [ -76.044143676757812, 37.563819885253906 ], [ -76.042976379394531, 37.563690185546875 ], [ -76.042060852050781, 37.563411712646484 ], [ -76.038002014160156, 37.5606689453125 ], [ -76.035667419433594, 37.555500030517578 ], [ -76.034751892089844, 37.550651550292969 ], [ -76.035003662109375, 37.544998168945312 ], [ -76.036170959472656, 37.534828186035156 ], [ -76.037002563476562, 37.528331756591797 ], [ -76.03900146484375, 37.523330688476562 ], [ -76.042091369628906, 37.518131256103516 ], [ -76.0430908203125, 37.516799926757812 ] ] ] } },
{ "type": "Feature", "properties": { "cluster_id": 96 }, "geometry": { "type": "Polygon", "coordinates": [ [ [ -76.680419921875, 34.805278778076172 ], [ -76.680473327636719, 34.805309295654297 ], [ -76.6805419921875, 34.805351257324219 ], [ -76.680549621582031, 34.805400848388672 ], [ -76.6805419921875, 34.805450439453125 ], [ -76.680450439453125, 34.805549621582031 ], [ -76.680328369140625, 34.805438995361328 ], [ -76.68035888671875, 34.805339813232422 ], [ -76.680366516113281, 34.805328369140625 ], [ -76.680419921875, 34.805278778076172 ] ] ] } },
{ "type": "Feature", "properties": { "cluster_id": 238 }, "geometry": { "type": "Polygon", "coordinates": [ [ [ -95.378448486328125, 27.646219253540039 ], [ -95.40045166015625, 27.646669387817383 ], [ -95.389518737792969, 27.662380218505859 ], [ -95.380882263183594, 27.663169860839844 ], [ -95.188262939453125, 27.674850463867188 ], [ -95.182449340820312, 27.674549102783203 ], [ -95.181251525878906, 27.660329818725586 ], [ -95.298927307128906, 27.651800155639648 ], [ -95.322677612304688, 27.650079727172852 ], [ -95.378448486328125, 27.646219253540039 ] ] ] } },
{ "type": "Feature", "properties": { "cluster_id": 215 }, "geometry": { "type": "Polygon", "coordinates": [ [ [ -95.858253479003906, 27.597820281982422 ], [ -95.854263305664062, 27.622539520263672 ], [ -95.805328369140625, 27.639520645141602 ], [ -95.646369934082031, 27.638280868530273 ], [ -95.636520385742188, 27.637950897216797 ], [ -95.634269714355469, 27.630229949951172 ], [ -95.640899658203125, 27.603620529174805 ], [ -95.858253479003906, 27.597820281982422 ] ] ] } },
{ "type": "Feature", "properties": { "cluster_id": 55 }, "geometry": { "type": "Polygon", "coordinates": [ [ [ -76.150230407714844, 37.565059661865234 ], [ -76.152420043945312, 37.573051452636719 ], [ -76.1890869140625, 37.707340240478516 ], [ -76.275016784667969, 38.189601898193359 ], [ -76.274467468261719, 38.196529388427734 ], [ -76.26702880859375, 38.232730865478516 ], [ -76.263221740722656, 38.234691619873047 ], [ -76.255691528320312, 38.234268188476562 ], [ -76.253608703613281, 38.231430053710938 ], [ -76.242591857910156, 38.215599060058594 ], [ -76.239410400390625, 38.210899353027344 ], [ -76.236869812011719, 38.205970764160156 ], [ -76.045173645019531, 37.569000244140625 ], [ -76.044998168945312, 37.565670013427734 ], [ -76.070449829101562, 37.565261840820312 ], [ -76.150230407714844, 37.565059661865234 ] ] ] } },
{ "type": "Feature", "properties": { "cluster_id": 62 }, "geometry": { "type": "Polygon", "coordinates": [ [ [ -76.281478881835938, 38.283271789550781 ], [ -76.290107727050781, 38.283298492431641 ], [ -76.310081481933594, 38.285820007324219 ], [ -76.318458557128906, 38.290840148925781 ], [ -76.384788513183594, 38.403980255126953 ], [ -76.432029724121094, 38.531288146972656 ], [ -76.437751770019531, 38.563369750976562 ], [ -76.438529968261719, 38.568508148193359 ], [ -76.485649108886719, 39.193340301513672 ], [ -76.484733581542969, 39.193641662597656 ], [ -76.281051635742188, 39.183929443359375 ], [ -76.281478881835938, 38.283271789550781 ] ] ] } },
{ "type": "Feature", "properties": { "cluster_id": 184 }, "geometry": { "type": "Polygon", "coordinates": [ [ [ -71.055946350097656, 40.971359252929688 ], [ -71.05712890625, 40.971538543701172 ], [ -71.057907104492188, 40.971981048583984 ], [ -71.058319091796875, 40.973201751708984 ], [ -71.067878723144531, 41.005729675292969 ], [ -71.038497924804688, 41.006378173828125 ], [ -71.033241271972656, 41.0052490234375 ], [ -71.023452758789062, 40.995269775390625 ], [ -71.018341064453125, 40.987819671630859 ], [ -71.010452270507812, 40.973850250244141 ], [ -71.010978698730469, 40.972648620605469 ], [ -71.013069152832031, 40.97161865234375 ], [ -71.055946350097656, 40.971359252929688 ] ] ] } },
{ "type": "Feature", "properties": { "cluster_id": 159 }, "geometry": { "type": "Polygon", "coordinates": [ [ [ -93.962623596191406, 27.746749877929688 ], [ -94.012779235839844, 27.74744987487793 ], [ -94.013542175292969, 27.751209259033203 ], [ -94.015228271484375, 27.764560699462891 ], [ -93.891433715820312, 27.773090362548828 ], [ -93.602119445800781, 27.786840438842773 ], [ -93.567878723144531, 27.787580490112305 ], [ -93.560432434082031, 27.786420822143555 ], [ -93.560188293457031, 27.784809112548828 ], [ -93.55999755859375, 27.782279968261719 ], [ -93.582672119140625, 27.777130126953125 ], [ -93.790496826171875, 27.75786018371582 ], [ -93.81610107421875, 27.755510330200195 ], [ -93.825408935546875, 27.754800796508789 ], [ -93.962623596191406, 27.746749877929688 ] ] ] } },
{ "type": "Feature", "properties": { "cluster_id": 180 }, "geometry": { "type": "Polygon", "coordinates": [ [ [ -66.046180725097656, 18.876499176025391 ], [ -66.060966491699219, 18.877429962158203 ], [ -66.100578308105469, 18.900270462036133 ], [ -66.120567321777344, 18.912019729614258 ], [ -66.12017822265625, 18.919090270996094 ], [ -66.047080993652344, 18.923250198364258 ], [ -66.026832580566406, 18.923000335693359 ], [ -65.962867736816406, 18.921819686889648 ], [ -65.929107666015625, 18.914609909057617 ], [ -65.922348022460938, 18.913049697875977 ], [ -65.924591064453125, 18.880020141601562 ], [ -65.956832885742188, 18.877170562744141 ], [ -66.046180725097656, 18.876499176025391 ] ] ] } },
{ "type": "Feature", "properties": { "cluster_id": 64 }, "geometry": { "type": "Polygon", "coordinates": [ [ [ -118.34967041015625, 32.584331512451172 ], [ -118.356399536132812, 32.586448669433594 ], [ -118.43829345703125, 32.616168975830078 ], [ -118.444221496582031, 32.622200012207031 ], [ -118.435089111328125, 32.624259948730469 ], [ -118.425056457519531, 32.624778747558594 ], [ -118.380348205566406, 32.625839233398438 ], [ -118.332847595214844, 32.626808166503906 ], [ -118.220291137695312, 32.628429412841797 ], [ -118.252967834472656, 32.590850830078125 ], [ -118.34967041015625, 32.584331512451172 ] ] ] } },
{ "type": "Feature", "properties": { "cluster_id": 234 }, "geometry": { "type": "Polygon", "coordinates": [ [ [ -118.449333190917969, 32.485828399658203 ], [ -118.45172119140625, 32.485908508300781 ], [ -118.6033935546875, 32.493221282958984 ], [ -118.573806762695312, 32.541229248046875 ], [ -118.571449279785156, 32.544258117675781 ], [ -118.499641418457031, 32.578880310058594 ], [ -118.4954833984375, 32.580730438232422 ], [ -118.454376220703125, 32.578071594238281 ], [ -118.445167541503906, 32.545249938964844 ], [ -118.444976806640625, 32.539329528808594 ], [ -118.446502685546875, 32.498001098632812 ], [ -118.448173522949219, 32.490329742431641 ], [ -118.449333190917969, 32.485828399658203 ] ] ] } },
{ "type": "Feature", "properties": { "cluster_id": 191 }, "geometry": { "type": "Polygon", "coordinates": [ [ [ -118.746971130371094, 31.720130920410156 ], [ -118.860420227050781, 31.812759399414062 ], [ -118.85906982421875, 31.812910079956055 ], [ -118.68463134765625, 31.775129318237305 ], [ -118.682098388671875, 31.774379730224609 ], [ -118.680412292480469, 31.773550033569336 ], [ -118.678932189941406, 31.772619247436523 ], [ -118.677757263183594, 31.771450042724609 ], [ -118.676872253417969, 31.770139694213867 ], [ -118.676399230957031, 31.768680572509766 ], [ -118.676361083984375, 31.768009185791016 ], [ -118.679046630859375, 31.737190246582031 ], [ -118.682029724121094, 31.735849380493164 ], [ -118.684959411621094, 31.734659194946289 ], [ -118.687919616699219, 31.733829498291016 ], [ -118.746971130371094, 31.720130920410156 ] ] ] } },
{ "type": "Feature", "properties": { "cluster_id": 207 }, "geometry": { "type": "Polygon", "coordinates": [ [ [ -64.424453735351562, 18.686330795288086 ], [ -64.436500549316406, 18.686830520629883 ], [ -64.413131713867188, 18.720149993896484 ], [ -64.411880493164062, 18.7216796875 ], [ -64.407600402832031, 18.725269317626953 ], [ -64.407546997070312, 18.725179672241211 ], [ -64.40753173828125, 18.725000381469727 ], [ -64.408027648925781, 18.72344970703125 ], [ -64.424453735351562, 18.686330795288086 ] ] ] } },
{ "type": "Feature", "properties": { "cluster_id": 265 }, "geometry": { "type": "Polygon", "coordinates": [ [ [ -72.06317138671875, 40.631881713867188 ], [ -72.004478454589844, 40.671089172363281 ], [ -71.933952331542969, 40.663978576660156 ], [ -71.932579040527344, 40.663539886474609 ], [ -71.932571411132812, 40.663089752197266 ], [ -71.932563781738281, 40.661350250244141 ], [ -71.932609558105469, 40.660961151123047 ], [ -71.932746887207031, 40.660560607910156 ], [ -71.9368896484375, 40.649658203125 ], [ -71.937820434570312, 40.648681640625 ], [ -71.939620971679688, 40.647930145263672 ], [ -71.9539794921875, 40.644458770751953 ], [ -71.960060119628906, 40.643070220947266 ], [ -71.968070983886719, 40.6414794921875 ], [ -72.010406494140625, 40.636249542236328 ], [ -72.039741516113281, 40.632930755615234 ], [ -72.048919677734375, 40.631950378417969 ], [ -72.06317138671875, 40.631881713867188 ] ] ] } },
{ "type": "Feature", "properties": { "cluster_id": 107 }, "geometry": { "type": "Polygon", "coordinates": [ [ [ -82.094306945800781, 23.861270904541016 ], [ -82.201896667480469, 23.86322021484375 ], [ -82.228378295898438, 23.863929748535156 ], [ -82.249000549316406, 23.871000289916992 ], [ -82.264228820800781, 23.89933967590332 ], [ -82.181167602539062, 23.907499313354492 ], [ -82.038406372070312, 23.904220581054688 ], [ -82.056480407714844, 23.870429992675781 ], [ -82.078529357910156, 23.861370086669922 ], [ -82.094306945800781, 23.861270904541016 ] ] ] } },
{ "type": "Feature", "properties": { "cluster_id": 150 }, "geometry": { "type": "Polygon", "coordinates": [ [ [ -90.210479736328125, 28.892040252685547 ], [ -90.261993408203125, 28.894599914550781 ], [ -90.276870727539062, 28.89600944519043 ], [ -90.318252563476562, 28.901130676269531 ], [ -90.302352905273438, 29.022129058837891 ], [ -90.221122741699219, 29.142969131469727 ], [ -90.220420837402344, 29.143360137939453 ], [ -90.219810485839844, 29.143650054931641 ], [ -90.210899353027344, 29.147039413452148 ], [ -90.209663391113281, 29.147489547729492 ], [ -90.209228515625, 29.14763069152832 ], [ -90.20892333984375, 29.147720336914062 ], [ -90.208412170410156, 29.147819519042969 ], [ -90.204002380371094, 29.148649215698242 ], [ -90.199073791503906, 29.149530410766602 ], [ -90.198989868164062, 29.149459838867188 ], [ -90.107467651367188, 29.01099967956543 ], [ -90.10369873046875, 28.995880126953125 ], [ -90.190353393554688, 28.893560409545898 ], [ -90.210479736328125, 28.892040252685547 ] ] ] } },
{ "type": "Feature", "properties": { "cluster_id": 170 }, "geometry": { "type": "Polygon", "coordinates": [ [ [ -117.513099670410156, 31.910360336303711 ], [ -117.514717102050781, 31.910820007324219 ], [ -117.516578674316406, 31.912220001220703 ], [ -117.522453308105469, 31.918220520019531 ], [ -117.52197265625, 31.952480316162109 ], [ -117.401176452636719, 31.957450866699219 ], [ -117.314453125, 31.953460693359375 ], [ -117.314376831054688, 31.927650451660156 ], [ -117.314468383789062, 31.915470123291016 ], [ -117.513099670410156, 31.910360336303711 ] ] ] } },
{ "type": "Feature", "properties": { "cluster_id": 147 }, "geometry": { "type": "Polygon", "coordinates": [ [ [ -82.40313720703125, 24.051870346069336 ], [ -82.458587646484375, 24.05303955078125 ], [ -82.47119140625, 24.056209564208984 ], [ -82.490547180175781, 24.067880630493164 ], [ -82.468940734863281, 24.084550857543945 ], [ -82.421852111816406, 24.094369888305664 ], [ -82.33209228515625, 24.099149703979492 ], [ -82.309249877929688, 24.097799301147461 ], [ -82.29815673828125, 24.096340179443359 ], [ -82.26702880859375, 24.055549621582031 ], [ -82.40313720703125, 24.051870346069336 ] ] ] } },
{ "type": "Feature", "properties": { "cluster_id": 250 }, "geometry": { "type": "Polygon", "coordinates": [ [ [ -78.217681884765625, 26.498680114746094 ], [ -78.26104736328125, 26.502069473266602 ], [ -78.331809997558594, 26.525449752807617 ], [ -78.345809936523438, 26.533119201660156 ], [ -78.312400817871094, 26.542970657348633 ], [ -78.221939086914062, 26.540630340576172 ], [ -78.210151672363281, 26.540239334106445 ], [ -78.191032409667969, 26.539390563964844 ], [ -78.18853759765625, 26.539199829101562 ], [ -78.182777404785156, 26.538450241088867 ], [ -78.180931091308594, 26.538080215454102 ], [ -78.178909301757812, 26.53734016418457 ], [ -78.177833557128906, 26.536609649658203 ], [ -78.160003662109375, 26.512250900268555 ], [ -78.190948486328125, 26.501920700073242 ], [ -78.217681884765625, 26.498680114746094 ] ] ] } },
{ "type": "Feature", "properties": { "cluster_id": 99 }, "geometry": { "type": "Polygon", "coordinates": [ [ [ -81.302230834960938, 24.004350662231445 ], [ -81.331291198730469, 24.00514030456543 ], [ -81.338226318359375, 24.042549133300781 ], [ -81.323532104492188, 24.051080703735352 ], [ -81.296562194824219, 24.051580429077148 ], [ -81.213127136230469, 24.050849914550781 ], [ -81.126106262207031, 24.049140930175781 ], [ -81.117828369140625, 24.041879653930664 ], [ -81.125579833984375, 24.036989212036133 ], [ -81.145668029785156, 24.024660110473633 ], [ -81.151069641113281, 24.021480560302734 ], [ -81.175712585449219, 24.012029647827148 ], [ -81.302230834960938, 24.004350662231445 ] ] ] } },
{ "type": "Feature", "properties": { "cluster_id": 74 }, "geometry": { "type": "Polygon", "coordinates": [ [ [ -82.496612548828125, 42.701141357421875 ], [ -82.496742248535156, 42.702041625976562 ], [ -82.496780395507812, 42.702560424804688 ], [ -82.483543395996094, 42.824359893798828 ], [ -82.472808837890625, 42.888900756835938 ], [ -82.47216796875, 42.891330718994141 ], [ -82.471061706542969, 42.894050598144531 ], [ -82.416419982910156, 43.026939392089844 ], [ -82.357398986816406, 42.959510803222656 ], [ -82.48712158203125, 42.718238830566406 ], [ -82.496612548828125, 42.701141357421875 ] ] ] } },
{ "type": "Feature", "properties": { "cluster_id": 92 }, "geometry": { "type": "Polygon", "coordinates": [ [ [ -82.709373474121094, 42.500919342041016 ], [ -82.705673217773438, 42.504669189453125 ], [ -82.501502990722656, 42.691169738769531 ], [ -82.501350402832031, 42.690521240234375 ], [ -82.509468078613281, 42.64208984375 ], [ -82.510986328125, 42.635231018066406 ], [ -82.513069152832031, 42.626361846923828 ], [ -82.514778137207031, 42.621410369873047 ], [ -82.51715087890625, 42.615730285644531 ], [ -82.520309448242188, 42.610378265380859 ], [ -82.52252197265625, 42.607730865478516 ], [ -82.523323059082031, 42.606960296630859 ], [ -82.58709716796875, 42.552520751953125 ], [ -82.590316772460938, 42.550491333007812 ], [ -82.709373474121094, 42.500919342041016 ] ] ] } },
{ "type": "Feature", "properties": { "cluster_id": 136 }, "geometry": { "type": "Polygon", "coordinates": [ [ [ -82.770957946777344, 42.452098846435547 ], [ -82.768829345703125, 42.453830718994141 ], [ -82.729049682617188, 42.484409332275391 ], [ -82.7298583984375, 42.483291625976562 ], [ -82.74688720703125, 42.468460083007812 ], [ -82.750503540039062, 42.465499877929688 ], [ -82.754859924316406, 42.461959838867188 ], [ -82.766380310058594, 42.454078674316406 ], [ -82.770217895507812, 42.452350616455078 ], [ -82.770957946777344, 42.452098846435547 ] ] ] } },
{ "type": "Feature", "properties": { "cluster_id": 59 }, "geometry": { "type": "Polygon", "coordinates": [ [ [ -83.125968933105469, 42.117328643798828 ], [ -83.136611938476562, 42.173469543457031 ], [ -83.136741638183594, 42.283340454101562 ], [ -83.082351684570312, 42.3094482421875 ], [ -83.066230773925781, 42.316631317138672 ], [ -83.061813354492188, 42.318519592285156 ], [ -82.842170715332031, 42.404018402099609 ], [ -82.842399597167969, 42.402931213378906 ], [ -83.125968933105469, 42.117328643798828 ] ] ] } },
{ "type": "Feature", "properties": { "cluster_id": 148 }, "geometry": { "type": "Polygon", "coordinates": [ [ [ -83.55499267578125, 43.988258361816406 ], [ -83.632591247558594, 43.988838195800781 ], [ -83.632957458496094, 43.989768981933594 ], [ -83.633041381835938, 43.990230560302734 ], [ -83.632682800292969, 43.991291046142578 ], [ -83.632621765136719, 43.991439819335938 ], [ -83.632133483886719, 43.991630554199219 ], [ -83.52459716796875, 44.030109405517578 ], [ -83.527702331542969, 44.018699645996094 ], [ -83.530120849609375, 44.014019012451172 ], [ -83.535842895507812, 44.007770538330078 ], [ -83.546127319335938, 43.996829986572266 ], [ -83.549568176269531, 43.993190765380859 ], [ -83.553230285644531, 43.989528656005859 ], [ -83.55499267578125, 43.988258361816406 ] ] ] } },
{ "type": "Feature", "properties": { "cluster_id": 195 }, "geometry": { "type": "Polygon", "coordinates": [ [ [ -117.305831909179688, 32.007251739501953 ], [ -117.406936645507812, 32.008640289306641 ], [ -117.482147216796875, 32.013351440429688 ], [ -117.491546630859375, 32.033870697021484 ], [ -117.504226684570312, 32.061981201171875 ], [ -117.515922546386719, 32.088119506835938 ], [ -117.520828247070312, 32.099269866943359 ], [ -117.313949584960938, 32.100498199462891 ], [ -117.299980163574219, 32.087120056152344 ], [ -117.297027587890625, 32.080158233642578 ], [ -117.293693542480469, 32.028049468994141 ], [ -117.305831909179688, 32.007251739501953 ] ] ] } },
{ "type": "Feature", "properties": { "cluster_id": 157 }, "geometry": { "type": "Polygon", "coordinates": [ [ [ -73.952568054199219, 41.783149719238281 ], [ -73.952690124511719, 41.783790588378906 ], [ -73.953018188476562, 41.786918640136719 ], [ -73.95343017578125, 41.791530609130859 ], [ -73.953468322753906, 41.795551300048828 ], [ -73.95098876953125, 41.827541351318359 ], [ -73.950729370117188, 41.828258514404297 ], [ -73.95025634765625, 41.828868865966797 ], [ -73.9468994140625, 41.808448791503906 ], [ -73.946876525878906, 41.799781799316406 ], [ -73.946929931640625, 41.799369812011719 ], [ -73.9486083984375, 41.791839599609375 ], [ -73.948722839355469, 41.791389465332031 ], [ -73.952171325683594, 41.7835693359375 ], [ -73.952568054199219, 41.783149719238281 ] ] ] } },
{ "type": "Feature", "properties": { "cluster_id": 118 }, "geometry": { "type": "Polygon", "coordinates": [ [ [ -73.886009216308594, 42.164939880371094 ], [ -73.849746704101562, 42.229408264160156 ], [ -73.848823547363281, 42.230911254882812 ], [ -73.847023010253906, 42.233180999755859 ], [ -73.841621398925781, 42.238040924072266 ], [ -73.839286804199219, 42.239688873291016 ], [ -73.837837219238281, 42.240680694580078 ], [ -73.795692443847656, 42.260219573974609 ], [ -73.857498168945312, 42.188259124755859 ], [ -73.86090087890625, 42.18505859375 ], [ -73.885269165039062, 42.165149688720703 ], [ -73.886009216308594, 42.164939880371094 ] ] ] } },
{ "type": "Feature", "properties": { "cluster_id": 33 }, "geometry": { "type": "Polygon", "coordinates": [ [ [ -73.761016845703125, 42.598140716552734 ], [ -73.761100769042969, 42.598331451416016 ], [ -73.761558532714844, 42.600440979003906 ], [ -73.761711120605469, 42.601230621337891 ], [ -73.761756896972656, 42.601509094238281 ], [ -73.761932373046875, 42.603530883789062 ], [ -73.761940002441406, 42.604888916015625 ], [ -73.761810302734375, 42.607170104980469 ], [ -73.761520385742188, 42.609539031982422 ], [ -73.761192321777344, 42.611309051513672 ], [ -73.760658264160156, 42.613151550292969 ], [ -73.760353088378906, 42.613990783691406 ], [ -73.759391784667969, 42.616500854492188 ], [ -73.754562377929688, 42.628768920898438 ], [ -73.754119873046875, 42.629749298095703 ], [ -73.754112243652344, 42.6297607421875 ], [ -73.752761840820312, 42.631259918212891 ], [ -73.752021789550781, 42.631500244140625 ], [ -73.761016845703125, 42.598140716552734 ] ] ] } },
{ "type": "Feature", "properties": { "cluster_id": 106 }, "geometry": { "type": "Polygon", "coordinates": [ [ [ -73.990318298339844, 41.446739196777344 ], [ -73.998687744140625, 41.453048706054688 ], [ -73.999786376953125, 41.454410552978516 ], [ -74.010040283203125, 41.471920013427734 ], [ -74.010040283203125, 41.471969604492188 ], [ -74.007339477539062, 41.484718322753906 ], [ -74.006683349609375, 41.486129760742188 ], [ -74.006111145019531, 41.486919403076172 ], [ -74.004150390625, 41.489551544189453 ], [ -74.000038146972656, 41.490768432617188 ], [ -73.990623474121094, 41.448150634765625 ], [ -73.990318298339844, 41.446739196777344 ] ] ] } },
{ "type": "Feature", "properties": { "cluster_id": 263 }, "geometry": { "type": "Polygon", "coordinates": [ [ [ -73.914291381835938, 40.920700073242188 ], [ -73.911239624023438, 40.944671630859375 ], [ -73.910888671875, 40.946460723876953 ], [ -73.910621643066406, 40.947101593017578 ], [ -73.901870727539062, 40.965789794921875 ], [ -73.900527954101562, 40.963481903076172 ], [ -73.900657653808594, 40.961849212646484 ], [ -73.907081604003906, 40.937679290771484 ], [ -73.910667419433594, 40.925090789794922 ], [ -73.911293029785156, 40.923160552978516 ], [ -73.914291381835938, 40.920700073242188 ] ] ] } },
{ "type": "Feature", "properties": { "cluster_id": 152 }, "geometry": { "type": "Polygon", "coordinates": [ [ [ -85.293609619140625, 29.518659591674805 ], [ -85.302848815917969, 29.537479400634766 ], [ -85.303169250488281, 29.538240432739258 ], [ -85.302787780761719, 29.538669586181641 ], [ -85.291450500488281, 29.54010009765625 ], [ -85.289909362792969, 29.540239334106445 ], [ -85.28875732421875, 29.539920806884766 ], [ -85.281417846679688, 29.535469055175781 ], [ -85.280403137207031, 29.534719467163086 ], [ -85.280769348144531, 29.533769607543945 ], [ -85.293609619140625, 29.518659591674805 ] ] ] } },
{ "type": "Feature", "properties": { "cluster_id": 41 }, "geometry": { "type": "Polygon", "coordinates": [ [ [ -66.016242980957031, 17.678800582885742 ], [ -66.091567993164062, 17.683420181274414 ], [ -66.125106811523438, 17.693859100341797 ], [ -66.119476318359375, 17.721759796142578 ], [ -66.083793640136719, 17.72528076171875 ], [ -66.056709289550781, 17.725719451904297 ], [ -65.907493591308594, 17.720830917358398 ], [ -65.916061401367188, 17.698520660400391 ], [ -65.955047607421875, 17.684560775756836 ], [ -66.016242980957031, 17.678800582885742 ] ] ] } },
{ "type": "Feature", "properties": { "cluster_id": 270 }, "geometry": { "type": "Polygon", "coordinates": [ [ [ -81.493949890136719, 23.956520080566406 ], [ -81.565521240234375, 23.95758056640625 ], [ -81.569122314453125, 23.985960006713867 ], [ -81.494422912597656, 24.002649307250977 ], [ -81.409927368164062, 24.002880096435547 ], [ -81.346977233886719, 24.001150131225586 ], [ -81.346298217773438, 23.976020812988281 ], [ -81.348876953125, 23.965019226074219 ], [ -81.3621826171875, 23.95697021484375 ], [ -81.493949890136719, 23.956520080566406 ] ] ] } },
{ "type": "Feature", "properties": { "cluster_id": 144 }, "geometry": { "type": "Polygon", "coordinates": [ [ [ -90.097770690917969, 28.748020172119141 ], [ -90.031929016113281, 28.791130065917969 ], [ -89.997871398925781, 28.795120239257812 ], [ -89.918937683105469, 28.787700653076172 ], [ -89.914649963378906, 28.78727912902832 ], [ -89.911842346191406, 28.786630630493164 ], [ -89.909149169921875, 28.785640716552734 ], [ -89.906486511230469, 28.784139633178711 ], [ -89.903892517089844, 28.781679153442383 ], [ -89.902252197265625, 28.778999328613281 ], [ -89.89691162109375, 28.763200759887695 ], [ -89.896148681640625, 28.759939193725586 ], [ -89.895668029785156, 28.752109527587891 ], [ -90.05474853515625, 28.748180389404297 ], [ -90.097770690917969, 28.748020172119141 ] ] ] } },
{ "type": "Feature", "properties": { "cluster_id": 87 }, "geometry": { "type": "Polygon", "coordinates": [ [ [ -91.115249633789062, 29.638280868530273 ], [ -91.253257751464844, 29.655569076538086 ], [ -91.212760925292969, 29.687070846557617 ], [ -91.2091064453125, 29.688310623168945 ], [ -91.203628540039062, 29.688970565795898 ], [ -91.098617553710938, 29.691669464111328 ], [ -91.0985107421875, 29.691669464111328 ], [ -91.097358703613281, 29.691059112548828 ], [ -91.099601745605469, 29.656520843505859 ], [ -91.103248596191406, 29.648569107055664 ], [ -91.105216979980469, 29.644340515136719 ], [ -91.105758666992188, 29.643270492553711 ], [ -91.106468200683594, 29.641979217529297 ], [ -91.109519958496094, 29.639699935913086 ], [ -91.110710144042969, 29.638959884643555 ], [ -91.111686706542969, 29.638669967651367 ], [ -91.115249633789062, 29.638280868530273 ] ] ] } },
{ "type": "Feature", "properties": { "cluster_id": 219 }, "geometry": { "type": "Polygon", "coordinates": [ [ [ -72.913482666015625, 41.254890441894531 ], [ -72.912109375, 41.278739929199219 ], [ -72.912017822265625, 41.280208587646484 ], [ -72.911849975585938, 41.282131195068359 ], [ -72.910476684570312, 41.290641784667969 ], [ -72.910392761230469, 41.290908813476562 ], [ -72.910079956054688, 41.291130065917969 ], [ -72.907852172851562, 41.291858673095703 ], [ -72.907852172851562, 41.291790008544922 ], [ -72.907890319824219, 41.289890289306641 ], [ -72.913482666015625, 41.254890441894531 ] ] ] } },
{ "type": "Feature", "properties": { "cluster_id": 133 }, "geometry": { "type": "Polygon", "coordinates": [ [ [ -81.189842224121094, 31.001850128173828 ], [ -81.281890869140625, 31.015600204467773 ], [ -81.288253784179688, 31.01732063293457 ], [ -81.289260864257812, 31.018569946289062 ], [ -81.32586669921875, 31.095510482788086 ], [ -81.325141906738281, 31.095439910888672 ], [ -81.123916625976562, 31.036670684814453 ], [ -81.117027282714844, 31.034549713134766 ], [ -81.116050720214844, 31.026060104370117 ], [ -81.174606323242188, 31.002870559692383 ], [ -81.189842224121094, 31.001850128173828 ] ] ] } },
{ "type": "Feature", "properties": { "cluster_id": 142 }, "geometry": { "type": "Polygon", "coordinates": [ [ [ -81.439598083496094, 31.098360061645508 ], [ -81.532272338867188, 31.130859375 ], [ -81.535476684570312, 31.132030487060547 ], [ -81.538352966308594, 31.134319305419922 ], [ -81.538322448730469, 31.134370803833008 ], [ -81.538101196289062, 31.134689331054688 ], [ -81.499519348144531, 31.156070709228516 ], [ -81.387809753417969, 31.129619598388672 ], [ -81.387031555175781, 31.129379272460938 ], [ -81.3834228515625, 31.128219604492188 ], [ -81.376602172851562, 31.124959945678711 ], [ -81.374076843261719, 31.123680114746094 ], [ -81.372787475585938, 31.122980117797852 ], [ -81.368759155273438, 31.12074089050293 ], [ -81.365898132324219, 31.119150161743164 ], [ -81.356239318847656, 31.113580703735352 ], [ -81.345413208007812, 31.107030868530273 ], [ -81.344947814941406, 31.106710433959961 ], [ -81.34588623046875, 31.106569290161133 ], [ -81.439598083496094, 31.098360061645508 ] ] ] } },
{ "type": "Feature", "properties": { "cluster_id": 122 }, "geometry": { "type": "Polygon", "coordinates": [ [ [ -72.109169006347656, 41.256420135498047 ], [ -72.079360961914062, 41.299591064453125 ], [ -72.068618774414062, 41.2589111328125 ], [ -72.109169006347656, 41.256420135498047 ] ] ] } },
{ "type": "Feature", "properties": { "cluster_id": 154 }, "geometry": { "type": "Polygon", "coordinates": [ [ [ -72.08612060546875, 41.351009368896484 ], [ -72.089126586914062, 41.357921600341797 ], [ -72.089103698730469, 41.35797119140625 ], [ -72.089073181152344, 41.358001708984375 ], [ -72.08740234375, 41.358871459960938 ], [ -72.086990356445312, 41.358848571777344 ], [ -72.086647033691406, 41.358608245849609 ], [ -72.086616516113281, 41.358230590820312 ], [ -72.08612060546875, 41.351009368896484 ] ] ] } },
{ "type": "Feature", "properties": { "cluster_id": 138 }, "geometry": { "type": "Polygon", "coordinates": [ [ [ -125.276206970214844, 48.2027587890625 ], [ -125.353080749511719, 48.206680297851562 ], [ -125.337188720703125, 48.221149444580078 ], [ -125.331741333007812, 48.225929260253906 ], [ -125.308677673339844, 48.245838165283203 ], [ -125.237457275390625, 48.248279571533203 ], [ -125.186653137207031, 48.249298095703125 ], [ -125.171150207519531, 48.240329742431641 ], [ -125.129768371582031, 48.211940765380859 ], [ -125.128799438476562, 48.205448150634766 ], [ -125.213493347167969, 48.203670501708984 ], [ -125.276206970214844, 48.2027587890625 ] ] ] } },
{ "type": "Feature", "properties": { "cluster_id": 145 }, "geometry": { "type": "Polygon", "coordinates": [ [ [ -70.067092895507812, 43.615760803222656 ], [ -70.149787902832031, 43.618999481201172 ], [ -70.161186218261719, 43.619590759277344 ], [ -70.168678283691406, 43.620220184326172 ], [ -70.177261352539062, 43.621551513671875 ], [ -70.183700561523438, 43.622749328613281 ], [ -70.191993713378906, 43.624649047851562 ], [ -70.195510864257812, 43.625579833984375 ], [ -70.202362060546875, 43.627700805664062 ], [ -70.205451965332031, 43.628768920898438 ], [ -70.257682800292969, 43.646888732910156 ], [ -70.257530212402344, 43.647331237792969 ], [ -70.257171630859375, 43.647689819335938 ], [ -70.256690979003906, 43.647930145263672 ], [ -70.253402709960938, 43.649398803710938 ], [ -70.251411437988281, 43.650020599365234 ], [ -70.218650817871094, 43.648368835449219 ], [ -70.059898376464844, 43.617290496826172 ], [ -70.067092895507812, 43.615760803222656 ] ] ] } },
{ "type": "Feature", "properties": { "cluster_id": 262 }, "geometry": { "type": "Polygon", "coordinates": [ [ [ -76.664810180664062, 34.596061706542969 ], [ -76.698860168457031, 34.612068176269531 ], [ -76.689811706542969, 34.632419586181641 ], [ -76.685317993164062, 34.641258239746094 ], [ -76.649497985839844, 34.638530731201172 ], [ -76.649307250976562, 34.638500213623047 ], [ -76.649169921875, 34.638469696044922 ], [ -76.649070739746094, 34.638431549072266 ], [ -76.648910522460938, 34.638359069824219 ], [ -76.648849487304688, 34.638278961181641 ], [ -76.648780822753906, 34.638111114501953 ], [ -76.661270141601562, 34.604118347167969 ], [ -76.664810180664062, 34.596061706542969 ] ] ] } },
{ "type": "Feature", "properties": { "cluster_id": 198 }, "geometry": { "type": "Polygon", "coordinates": [ [ [ -97.398452758789062, 25.952110290527344 ], [ -97.384033203125, 25.95741081237793 ], [ -97.362060546875, 25.965160369873047 ], [ -97.360260009765625, 25.96575927734375 ], [ -97.35650634765625, 25.966880798339844 ], [ -97.37890625, 25.958200454711914 ], [ -97.394760131835938, 25.952400207519531 ], [ -97.398452758789062, 25.952110290527344 ] ] ] } },
{ "type": "Feature", "properties": { "cluster_id": 239 }, "geometry": { "type": "Polygon", "coordinates": [ [ [ -156.678955078125, 20.842899322509766 ], [ -156.696640014648438, 20.845869064331055 ], [ -156.6871337890625, 20.863130569458008 ], [ -156.686752319335938, 20.863460540771484 ], [ -156.685134887695312, 20.863750457763672 ], [ -156.684646606445312, 20.863800048828125 ], [ -156.684249877929688, 20.863700866699219 ], [ -156.68408203125, 20.863540649414062 ], [ -156.681610107421875, 20.857040405273438 ], [ -156.678955078125, 20.842899322509766 ] ] ] } },
{ "type": "Feature", "properties": { "cluster_id": 84 }, "geometry": { "type": "Polygon", "coordinates": [ [ [ -79.252090454101562, 25.464780807495117 ], [ -79.258262634277344, 25.466779708862305 ], [ -79.268287658691406, 25.470560073852539 ], [ -79.269721984863281, 25.473470687866211 ], [ -79.265937805175781, 25.473669052124023 ], [ -79.262557983398438, 25.473749160766602 ], [ -79.249076843261719, 25.473690032958984 ], [ -79.243637084960938, 25.472620010375977 ], [ -79.242599487304688, 25.471080780029297 ], [ -79.250907897949219, 25.464990615844727 ], [ -79.252090454101562, 25.464780807495117 ] ] ] } },
{ "type": "Feature", "properties": { "cluster_id": 271 }, "geometry": { "type": "Polygon", "coordinates": [ [ [ -125.938056945800781, 48.298728942871094 ], [ -125.940589904785156, 48.300300598144531 ], [ -125.941970825195312, 48.301750183105469 ], [ -125.972030639648438, 48.344329833984375 ], [ -125.850997924804688, 48.345928192138672 ], [ -125.845046997070312, 48.342601776123047 ], [ -125.821823120117188, 48.32794189453125 ], [ -125.820259094238281, 48.326789855957031 ], [ -125.828849792480469, 48.310451507568359 ], [ -125.878898620605469, 48.299850463867188 ], [ -125.938056945800781, 48.298728942871094 ] ] ] } },
{ "type": "Feature", "properties": { "cluster_id": 6 }, "geometry": { "type": "Polygon", "coordinates": [ [ [ -91.993667602539062, 29.399890899658203 ], [ -92.164909362792969, 29.443950653076172 ], [ -92.311576843261719, 29.517690658569336 ], [ -92.311599731445312, 29.520490646362305 ], [ -92.306449890136719, 29.546379089355469 ], [ -92.304092407226562, 29.557310104370117 ], [ -92.303298950195312, 29.560930252075195 ], [ -92.204826354980469, 29.754289627075195 ], [ -92.188140869140625, 29.781150817871094 ], [ -92.144058227539062, 29.791999816894531 ], [ -92.143608093261719, 29.792079925537109 ], [ -92.141372680664062, 29.792449951171875 ], [ -92.0933837890625, 29.798660278320312 ], [ -92.003250122070312, 29.617170333862305 ], [ -92.002700805664062, 29.615299224853516 ], [ -92.002388000488281, 29.612480163574219 ], [ -91.985832214355469, 29.408380508422852 ], [ -91.993667602539062, 29.399890899658203 ] ] ] } },
{ "type": "Feature", "properties": { "cluster_id": 76 }, "geometry": { "type": "Polygon", "coordinates": [ [ [ -91.879890441894531, 28.988189697265625 ], [ -91.877227783203125, 29.002029418945312 ], [ -91.876411437988281, 29.002050399780273 ], [ -91.875892639160156, 29.001829147338867 ], [ -91.864112854003906, 28.990089416503906 ], [ -91.864059448242188, 28.989469528198242 ], [ -91.864082336425781, 28.989450454711914 ], [ -91.864151000976562, 28.989400863647461 ], [ -91.874977111816406, 28.988410949707031 ], [ -91.879890441894531, 28.988189697265625 ] ] ] } },
{ "type": "Feature", "properties": { "cluster_id": 26 }, "geometry": { "type": "Polygon", "coordinates": [ [ [ -166.5325927734375, 53.876651763916016 ], [ -166.54913330078125, 53.877468109130859 ], [ -166.549087524414062, 53.877548217773438 ], [ -166.500762939453125, 53.93511962890625 ], [ -166.486572265625, 53.94879150390625 ], [ -166.470291137695312, 53.950000762939453 ], [ -166.459060668945312, 53.949699401855469 ], [ -166.481826782226562, 53.913970947265625 ], [ -166.483978271484375, 53.911201477050781 ], [ -166.489456176757812, 53.906780242919922 ], [ -166.495101928710938, 53.902469635009766 ], [ -166.508529663085938, 53.892230987548828 ], [ -166.5198974609375, 53.884288787841797 ], [ -166.528533935546875, 53.878791809082031 ], [ -166.5325927734375, 53.876651763916016 ] ] ] } },
{ "type": "Feature", "properties": { "cluster_id": 165 }, "geometry": { "type": "Polygon", "coordinates": [ [ [ -125.013877868652344, 49.880031585693359 ], [ -125.066719055175781, 49.881099700927734 ], [ -125.122261047363281, 49.941951751708984 ], [ -125.118721008300781, 49.943790435791016 ], [ -125.085403442382812, 49.953601837158203 ], [ -124.922637939453125, 49.920101165771484 ], [ -125.013877868652344, 49.880031585693359 ] ] ] } },
{ "type": "Feature", "properties": { "cluster_id": 132 }, "geometry": { "type": "Polygon", "coordinates": [ [ [ -152.518600463867188, 57.712070465087891 ], [ -152.52301025390625, 57.712581634521484 ], [ -152.5269775390625, 57.713771820068359 ], [ -152.529296875, 57.714900970458984 ], [ -152.530242919921875, 57.715389251708984 ], [ -152.532073974609375, 57.717540740966797 ], [ -152.532302856445312, 57.719871520996094 ], [ -152.523651123046875, 57.731521606445312 ], [ -152.425613403320312, 57.783699035644531 ], [ -152.32110595703125, 57.8125 ], [ -152.320465087890625, 57.812118530273438 ], [ -152.343765258789062, 57.735061645507812 ], [ -152.514144897460938, 57.712398529052734 ], [ -152.518600463867188, 57.712070465087891 ] ] ] } },
{ "type": "Feature", "properties": { "cluster_id": 258 }, "geometry": { "type": "Polygon", "coordinates": [ [ [ -152.42236328125, 57.882888793945312 ], [ -152.546035766601562, 57.917800903320312 ], [ -152.548385620117188, 57.918758392333984 ], [ -152.499282836914062, 57.920791625976562 ], [ -152.42236328125, 57.882888793945312 ] ] ] } },
{ "type": "Feature", "properties": { "cluster_id": 235 }, "geometry": { "type": "Polygon", "coordinates": [ [ [ -152.861785888671875, 57.856460571289062 ], [ -152.862228393554688, 57.857311248779297 ], [ -152.86236572265625, 57.857608795166016 ], [ -152.86053466796875, 57.860511779785156 ], [ -152.822998046875, 57.873710632324219 ], [ -152.789779663085938, 57.875709533691406 ], [ -152.782745361328125, 57.873180389404297 ], [ -152.81072998046875, 57.862518310546875 ], [ -152.815704345703125, 57.861068725585938 ], [ -152.827682495117188, 57.859378814697266 ], [ -152.836196899414062, 57.858291625976562 ], [ -152.843231201171875, 57.857769012451172 ], [ -152.861785888671875, 57.856460571289062 ] ] ] } },
{ "type": "Feature", "properties": { "cluster_id": 163 }, "geometry": { "type": "Polygon", "coordinates": [ [ [ -151.722274780273438, 59.438228607177734 ], [ -151.723114013671875, 59.438270568847656 ], [ -151.857086181640625, 59.448631286621094 ], [ -151.852066040039062, 59.462139129638672 ], [ -151.78326416015625, 59.462871551513672 ], [ -151.730239868164062, 59.462921142578125 ], [ -151.726104736328125, 59.462200164794922 ], [ -151.725204467773438, 59.460521697998047 ], [ -151.720245361328125, 59.439498901367188 ], [ -151.720611572265625, 59.438709259033203 ], [ -151.72125244140625, 59.438339233398438 ], [ -151.722274780273438, 59.438228607177734 ] ] ] } },
{ "type": "Feature", "properties": { "cluster_id": 112 }, "geometry": { "type": "Polygon", "coordinates": [ [ [ -120.148590087890625, 31.52692985534668 ], [ -120.189712524414062, 31.531530380249023 ], [ -120.197998046875, 31.533939361572266 ], [ -120.194633483886719, 31.572650909423828 ], [ -120.158927917480469, 31.573070526123047 ], [ -120.141441345214844, 31.543230056762695 ], [ -120.13427734375, 31.527050018310547 ], [ -120.148590087890625, 31.52692985534668 ] ] ] } },
{ "type": "Feature", "properties": { "cluster_id": 139 }, "geometry": { "type": "Polygon", "coordinates": [ [ [ -120.892562866210938, 30.904390335083008 ], [ -121.364639282226562, 30.977039337158203 ], [ -121.368476867675781, 30.980859756469727 ], [ -121.367538452148438, 30.981260299682617 ], [ -121.348442077636719, 30.985809326171875 ], [ -121.329803466796875, 30.989229202270508 ], [ -121.235450744628906, 30.99962043762207 ], [ -121.000389099121094, 30.999639511108398 ], [ -121.000282287597656, 30.999639511108398 ], [ -120.821052551269531, 30.990190505981445 ], [ -120.868263244628906, 30.906259536743164 ], [ -120.869583129882812, 30.905620574951172 ], [ -120.892562866210938, 30.904390335083008 ] ] ] } },
{ "type": "Feature", "properties": { "cluster_id": 233 }, "geometry": { "type": "Polygon", "coordinates": [ [ [ -135.469070434570312, 58.099891662597656 ], [ -135.46917724609375, 58.099899291992188 ], [ -135.473617553710938, 58.105690002441406 ], [ -135.474319458007812, 58.107009887695312 ], [ -135.467483520507812, 58.120578765869141 ], [ -135.458786010742188, 58.114589691162109 ], [ -135.468841552734375, 58.099960327148438 ], [ -135.46893310546875, 58.099910736083984 ], [ -135.469070434570312, 58.099891662597656 ] ] ] } },
{ "type": "Feature", "properties": { "cluster_id": 202 }, "geometry": { "type": "Polygon", "coordinates": [ [ [ -134.355377197265625, 58.265819549560547 ], [ -134.360122680664062, 58.266441345214844 ], [ -134.443984985351562, 58.305419921875 ], [ -134.444122314453125, 58.305538177490234 ], [ -134.46240234375, 58.3226318359375 ], [ -134.46380615234375, 58.324108123779297 ], [ -134.46380615234375, 58.324291229248047 ], [ -134.463775634765625, 58.324371337890625 ], [ -134.463729858398438, 58.32440185546875 ], [ -134.463592529296875, 58.324420928955078 ], [ -134.463546752929688, 58.32440185546875 ], [ -134.357513427734375, 58.267200469970703 ], [ -134.356124877929688, 58.266380310058594 ], [ -134.355377197265625, 58.265819549560547 ] ] ] } },
{ "type": "Feature", "properties": { "cluster_id": 189 }, "geometry": { "type": "Polygon", "coordinates": [ [ [ -147.476348876953125, 60.640110015869141 ], [ -147.4552001953125, 60.644481658935547 ], [ -147.450576782226562, 60.644699096679688 ], [ -147.450485229492188, 60.644649505615234 ], [ -147.450393676757812, 60.64453125 ], [ -147.4503173828125, 60.644401550292969 ], [ -147.450271606445312, 60.644309997558594 ], [ -147.450241088867188, 60.644218444824219 ], [ -147.450393676757812, 60.643840789794922 ], [ -147.451553344726562, 60.643280029296875 ], [ -147.452651977539062, 60.643108367919922 ], [ -147.476348876953125, 60.640110015869141 ] ] ] } },
{ "type": "Feature", "properties": { "cluster_id": 249 }, "geometry": { "type": "Polygon", "coordinates": [ [ [ -146.882064819335938, 60.805210113525391 ], [ -146.9676513671875, 60.809310913085938 ], [ -147.014205932617188, 60.818889617919922 ], [ -147.0113525390625, 60.834041595458984 ], [ -147.00518798828125, 60.851791381835938 ], [ -146.995559692382812, 60.852161407470703 ], [ -146.915664672851562, 60.850669860839844 ], [ -146.879898071289062, 60.806461334228516 ], [ -146.882064819335938, 60.805210113525391 ] ] ] } },
{ "type": "Feature", "properties": { "cluster_id": 88 }, "geometry": { "type": "Polygon", "coordinates": [ [ [ -146.745681762695312, 60.998321533203125 ], [ -146.784912109375, 60.998661041259766 ], [ -146.667465209960938, 61.069080352783203 ], [ -146.633468627929688, 61.085338592529297 ], [ -146.62469482421875, 61.089279174804688 ], [ -146.6195068359375, 61.091388702392578 ], [ -146.543624877929688, 61.106891632080078 ], [ -146.342803955078125, 61.122051239013672 ], [ -146.3427734375, 61.122051239013672 ], [ -146.306808471679688, 61.121658325195312 ], [ -146.283584594726562, 61.112178802490234 ], [ -146.283172607421875, 61.111740112304688 ], [ -146.284133911132812, 61.110408782958984 ], [ -146.284393310546875, 61.110118865966797 ], [ -146.7369384765625, 61.000179290771484 ], [ -146.745681762695312, 60.998321533203125 ] ] ] } },
{ "type": "Feature", "properties": { "cluster_id": 246 }, "geometry": { "type": "Polygon", "coordinates": [ [ [ -146.676559448242188, 60.197849273681641 ], [ -146.718612670898438, 60.200889587402344 ], [ -146.734146118164062, 60.205848693847656 ], [ -146.738616943359375, 60.208358764648438 ], [ -146.754913330078125, 60.224018096923828 ], [ -146.748031616210938, 60.227760314941406 ], [ -146.723159790039062, 60.228710174560547 ], [ -146.6837158203125, 60.226951599121094 ], [ -146.668487548828125, 60.219749450683594 ], [ -146.654312133789062, 60.207550048828125 ], [ -146.65386962890625, 60.206619262695312 ], [ -146.653915405273438, 60.204341888427734 ], [ -146.65521240234375, 60.203220367431641 ], [ -146.656845092773438, 60.202018737792969 ], [ -146.6619873046875, 60.199779510498047 ], [ -146.669296264648438, 60.198318481445312 ], [ -146.676559448242188, 60.197849273681641 ] ] ] } },
{ "type": "Feature", "properties": { "cluster_id": 28 }, "geometry": { "type": "Polygon", "coordinates": [ [ [ -163.381866455078125, 54.833389282226562 ], [ -163.383682250976562, 54.834590911865234 ], [ -163.38494873046875, 54.835750579833984 ], [ -163.406051635742188, 54.856498718261719 ], [ -163.410736083984375, 54.862018585205078 ], [ -163.408309936523438, 54.867118835449219 ], [ -163.373245239257812, 54.908531188964844 ], [ -163.36846923828125, 54.910549163818359 ], [ -163.3228759765625, 54.910511016845703 ], [ -163.322494506835938, 54.910331726074219 ], [ -163.322418212890625, 54.910221099853516 ], [ -163.3333740234375, 54.879199981689453 ], [ -163.3795166015625, 54.83367919921875 ], [ -163.381866455078125, 54.833389282226562 ] ] ] } },
{ "type": "Feature", "properties": { "cluster_id": 192 }, "geometry": { "type": "Polygon", "coordinates": [ [ [ -163.160736083984375, 54.776340484619141 ], [ -163.299911499023438, 54.783100128173828 ], [ -163.311676025390625, 54.784038543701172 ], [ -163.31585693359375, 54.784641265869141 ], [ -163.3427734375, 54.789340972900391 ], [ -163.3463134765625, 54.790279388427734 ], [ -163.349533081054688, 54.791568756103516 ], [ -163.352493286132812, 54.793178558349609 ], [ -163.35504150390625, 54.794971466064453 ], [ -163.357955932617188, 54.797260284423828 ], [ -163.359527587890625, 54.798820495605469 ], [ -163.364593505859375, 54.806980133056641 ], [ -163.365493774414062, 54.808948516845703 ], [ -163.367202758789062, 54.813240051269531 ], [ -163.366256713867188, 54.814369201660156 ], [ -163.179641723632812, 54.788288116455078 ], [ -163.163894653320312, 54.785449981689453 ], [ -163.152587890625, 54.783248901367188 ], [ -163.150497436523438, 54.779911041259766 ], [ -163.160736083984375, 54.776340484619141 ] ] ] } },
{ "type": "Feature", "properties": { "cluster_id": 29 }, "geometry": { "type": "Polygon", "coordinates": [ [ [ -165.64654541015625, 54.21527099609375 ], [ -165.640625, 54.2193603515625 ], [ -165.615768432617188, 54.233718872070312 ], [ -165.615585327148438, 54.233741760253906 ], [ -165.615341186523438, 54.233741760253906 ], [ -165.6151123046875, 54.233699798583984 ], [ -165.614639282226562, 54.233539581298828 ], [ -165.614242553710938, 54.233089447021484 ], [ -165.614044189453125, 54.230491638183594 ], [ -165.619125366210938, 54.223850250244141 ], [ -165.631973266601562, 54.218891143798828 ], [ -165.641952514648438, 54.216171264648438 ], [ -165.64654541015625, 54.21527099609375 ] ] ] } },
{ "type": "Feature", "properties": { "cluster_id": 120 }, "geometry": { "type": "Polygon", "coordinates": [ [ [ -72.789192199707031, 40.731960296630859 ], [ -72.686233520507812, 40.774200439453125 ], [ -72.564773559570312, 40.806629180908203 ], [ -72.561981201171875, 40.806968688964844 ], [ -72.550361633300781, 40.806549072265625 ], [ -72.549552917480469, 40.806240081787109 ], [ -72.549110412597656, 40.806049346923828 ], [ -72.543777465820312, 40.800739288330078 ], [ -72.543617248535156, 40.800540924072266 ], [ -72.543197631835938, 40.799690246582031 ], [ -72.542518615722656, 40.798301696777344 ], [ -72.547073364257812, 40.779689788818359 ], [ -72.550491333007812, 40.775409698486328 ], [ -72.550880432128906, 40.775161743164062 ], [ -72.634567260742188, 40.737720489501953 ], [ -72.635536193847656, 40.737499237060547 ], [ -72.789192199707031, 40.731960296630859 ] ] ] } },
{ "type": "Feature", "properties": { "cluster_id": 79 }, "geometry": { "type": "Polygon", "coordinates": [ [ [ -160.500885009765625, 55.33203125 ], [ -160.501922607421875, 55.332340240478516 ], [ -160.5025634765625, 55.332660675048828 ], [ -160.506317138671875, 55.335430145263672 ], [ -160.507232666015625, 55.337398529052734 ], [ -160.505111694335938, 55.341670989990234 ], [ -160.496444702148438, 55.333248138427734 ], [ -160.496322631835938, 55.333049774169922 ], [ -160.496353149414062, 55.332969665527344 ], [ -160.496414184570312, 55.332889556884766 ], [ -160.49652099609375, 55.332801818847656 ], [ -160.4967041015625, 55.332759857177734 ], [ -160.50042724609375, 55.332080841064453 ], [ -160.500885009765625, 55.33203125 ] ] ] } },
{ "type": "Feature", "properties": { "cluster_id": 124 }, "geometry": { "type": "Polygon", "coordinates": [ [ [ -165.796676635742188, 54.125511169433594 ], [ -165.797210693359375, 54.125709533691406 ], [ -165.796173095703125, 54.128078460693359 ], [ -165.794784545898438, 54.129341125488281 ], [ -165.790206909179688, 54.132900238037109 ], [ -165.717864990234375, 54.143878936767578 ], [ -165.7071533203125, 54.142528533935547 ], [ -165.70953369140625, 54.140949249267578 ], [ -165.720077514648438, 54.136119842529297 ], [ -165.724090576171875, 54.134838104248047 ], [ -165.72784423828125, 54.13385009765625 ], [ -165.732757568359375, 54.132720947265625 ], [ -165.740966796875, 54.131538391113281 ], [ -165.796676635742188, 54.125511169433594 ] ] ] } },
{ "type": "Feature", "properties": { "cluster_id": 89 }, "geometry": { "type": "Polygon", "coordinates": [ [ [ -87.379081726074219, 46.573898315429688 ], [ -87.384407043457031, 46.574329376220703 ], [ -87.384613037109375, 46.574420928955078 ], [ -87.387802124023438, 46.578830718994141 ], [ -87.387847900390625, 46.578948974609375 ], [ -87.3878173828125, 46.578971862792969 ], [ -87.387786865234375, 46.578990936279297 ], [ -87.387748718261719, 46.579010009765625 ], [ -87.387718200683594, 46.579010009765625 ], [ -87.381401062011719, 46.575290679931641 ], [ -87.379081726074219, 46.573898315429688 ] ] ] } },
{ "type": "Feature", "properties": { "cluster_id": 94 }, "geometry": { "type": "Polygon", "coordinates": [ [ [ -84.918678283691406, 46.767280578613281 ], [ -85.017616271972656, 46.789741516113281 ], [ -85.027450561523438, 46.792331695556641 ], [ -85.027320861816406, 46.805309295654297 ], [ -85.014076232910156, 46.810718536376953 ], [ -85.003952026367188, 46.811798095703125 ], [ -84.844711303710938, 46.805110931396484 ], [ -84.802299499511719, 46.797050476074219 ], [ -84.903846740722656, 46.767971038818359 ], [ -84.918678283691406, 46.767280578613281 ] ] ] } },
{ "type": "Feature", "properties": { "cluster_id": 183 }, "geometry": { "type": "Polygon", "coordinates": [ [ [ -84.704719543457031, 46.573429107666016 ], [ -84.727279663085938, 46.574661254882812 ], [ -84.785018920898438, 46.606998443603516 ], [ -84.788429260253906, 46.609970092773438 ], [ -84.79730224609375, 46.620891571044922 ], [ -84.762298583984375, 46.620731353759766 ], [ -84.710342407226562, 46.620399475097656 ], [ -84.674140930175781, 46.619411468505859 ], [ -84.671127319335938, 46.61920166015625 ], [ -84.657241821289062, 46.574661254882812 ], [ -84.704719543457031, 46.573429107666016 ] ] ] } },
{ "type": "Feature", "properties": { "cluster_id": 119 }, "geometry": { "type": "Polygon", "coordinates": [ [ [ -83.891860961914062, 45.903209686279297 ], [ -83.925849914550781, 45.910148620605469 ], [ -84.107330322265625, 46.186500549316406 ], [ -84.107589721679688, 46.186901092529297 ], [ -84.098930358886719, 46.185810089111328 ], [ -84.098068237304688, 46.185691833496094 ], [ -84.020561218261719, 46.139331817626953 ], [ -83.881576538085938, 46.026958465576172 ], [ -83.880928039550781, 46.02178955078125 ], [ -83.879730224609375, 45.923568725585938 ], [ -83.891860961914062, 45.903209686279297 ] ] ] } },
{ "type": "Feature", "properties": { "cluster_id": 261 }, "geometry": { "type": "Polygon", "coordinates": [ [ [ -84.280601501464844, 45.725620269775391 ], [ -84.303421020507812, 45.736801147460938 ], [ -84.305137634277344, 45.737758636474609 ], [ -84.306381225585938, 45.739288330078125 ], [ -84.306121826171875, 45.740371704101562 ], [ -84.3052978515625, 45.741111755371094 ], [ -84.303962707519531, 45.741630554199219 ], [ -84.301300048828125, 45.741809844970703 ], [ -84.110092163085938, 45.735111236572266 ], [ -84.113517761230469, 45.734428405761719 ], [ -84.116706848144531, 45.734031677246094 ], [ -84.280601501464844, 45.725620269775391 ] ] ] } },
{ "type": "Feature", "properties": { "cluster_id": 171 }, "geometry": { "type": "Polygon", "coordinates": [ [ [ -82.761833190917969, 41.877170562744141 ], [ -83.116050720214844, 41.88623046875 ], [ -83.10833740234375, 41.923599243164062 ], [ -82.828117370605469, 41.914508819580078 ], [ -82.825447082519531, 41.914150238037109 ], [ -82.749732971191406, 41.896049499511719 ], [ -82.738487243652344, 41.892288208007812 ], [ -82.728630065917969, 41.888710021972656 ], [ -82.729652404785156, 41.885150909423828 ], [ -82.761833190917969, 41.877170562744141 ] ] ] } },
{ "type": "Feature", "properties": { "cluster_id": 199 }, "geometry": { "type": "Polygon", "coordinates": [ [ [ -82.413970947265625, 43.077571868896484 ], [ -82.415977478027344, 43.111759185791016 ], [ -82.408523559570312, 43.121181488037109 ], [ -82.378562927246094, 43.112369537353516 ], [ -82.362327575683594, 43.097721099853516 ], [ -82.362106323242188, 43.096218109130859 ], [ -82.36376953125, 43.095321655273438 ], [ -82.404060363769531, 43.080890655517578 ], [ -82.413970947265625, 43.077571868896484 ] ] ] } },
{ "type": "Feature", "properties": { "cluster_id": 210 }, "geometry": { "type": "Polygon", "coordinates": [ [ [ -83.446426391601562, 44.221298217773438 ], [ -83.447410583496094, 44.221649169921875 ], [ -83.449043273925781, 44.222999572753906 ], [ -83.449020385742188, 44.223049163818359 ], [ -83.44830322265625, 44.223949432373047 ], [ -83.447563171386719, 44.224441528320312 ], [ -83.446701049804688, 44.224788665771484 ], [ -83.441131591796875, 44.224529266357422 ], [ -83.437118530273438, 44.223861694335938 ], [ -83.445060729980469, 44.221630096435547 ], [ -83.446426391601562, 44.221298217773438 ] ] ] } },
{ "type": "Feature", "properties": { "cluster_id": 272 }, "geometry": { "type": "Polygon", "coordinates": [ [ [ -84.470199584960938, 45.649501800537109 ], [ -84.470298767089844, 45.649539947509766 ], [ -84.470291137695312, 45.649730682373047 ], [ -84.470169067382812, 45.650058746337891 ], [ -84.468757629394531, 45.651840209960938 ], [ -84.462677001953125, 45.658618927001953 ], [ -84.460678100585938, 45.660648345947266 ], [ -84.470062255859375, 45.649520874023438 ], [ -84.470138549804688, 45.649509429931641 ], [ -84.470199584960938, 45.649501800537109 ] ] ] } },
{ "type": "Feature", "properties": { "cluster_id": 245 }, "geometry": { "type": "Polygon", "coordinates": [ [ [ -156.466094970703125, 20.894729614257812 ], [ -156.466140747070312, 20.894870758056641 ], [ -156.466201782226562, 20.896450042724609 ], [ -156.466201782226562, 20.896459579467773 ], [ -156.4661865234375, 20.896520614624023 ], [ -156.466140747070312, 20.896589279174805 ], [ -156.466064453125, 20.896600723266602 ], [ -156.46600341796875, 20.896600723266602 ], [ -156.465988159179688, 20.894809722900391 ], [ -156.466094970703125, 20.894729614257812 ] ] ] } },
{ "type": "Feature", "properties": { "cluster_id": 38 }, "geometry": { "type": "Polygon", "coordinates": [ [ [ -156.67352294921875, 21.033050537109375 ], [ -156.692642211914062, 21.059839248657227 ], [ -156.675613403320312, 21.066970825195312 ], [ -156.672897338867188, 21.06804084777832 ], [ -156.655563354492188, 21.074089050292969 ], [ -156.651763916015625, 21.075359344482422 ], [ -156.648544311523438, 21.076179504394531 ], [ -156.640823364257812, 21.077899932861328 ], [ -156.636566162109375, 21.078659057617188 ], [ -156.626998901367188, 21.080089569091797 ], [ -156.623779296875, 21.080280303955078 ], [ -156.60015869140625, 21.080049514770508 ], [ -156.517532348632812, 21.079240798950195 ], [ -156.485885620117188, 21.034120559692383 ], [ -156.67352294921875, 21.033050537109375 ] ] ] } },
{ "type": "Feature", "properties": { "cluster_id": 166 }, "geometry": { "type": "Polygon", "coordinates": [ [ [ -156.959274291992188, 20.986419677734375 ], [ -157.0328369140625, 20.994119644165039 ], [ -157.041015625, 20.99506950378418 ], [ -157.148239135742188, 21.011699676513672 ], [ -157.155349731445312, 21.012849807739258 ], [ -157.15252685546875, 21.019529342651367 ], [ -157.140777587890625, 21.01991081237793 ], [ -157.122207641601562, 21.019960403442383 ], [ -157.117767333984375, 21.019880294799805 ], [ -157.07244873046875, 21.015769958496094 ], [ -157.045166015625, 21.013250350952148 ], [ -156.942428588867188, 21.003389358520508 ], [ -156.934707641601562, 21.000480651855469 ], [ -156.959274291992188, 20.986419677734375 ] ] ] } },
{ "type": "Feature", "properties": { "cluster_id": 240 }, "geometry": { "type": "Polygon", "coordinates": [ [ [ -157.670013427734375, 21.129819869995117 ], [ -157.725173950195312, 21.136220932006836 ], [ -157.752853393554688, 21.143880844116211 ], [ -157.844863891601562, 21.169609069824219 ], [ -157.84765625, 21.172689437866211 ], [ -157.8319091796875, 21.175590515136719 ], [ -157.77410888671875, 21.16703987121582 ], [ -157.772323608398438, 21.166509628295898 ], [ -157.660690307617188, 21.130729675292969 ], [ -157.670013427734375, 21.129819869995117 ] ] ] } },
{ "type": "Feature", "properties": { "cluster_id": 101 }, "geometry": { "type": "Polygon", "coordinates": [ [ [ -155.82958984375, 20.034990310668945 ], [ -155.866561889648438, 20.039140701293945 ], [ -155.869293212890625, 20.039699554443359 ], [ -155.871826171875, 20.040639877319336 ], [ -155.878372192382812, 20.046009063720703 ], [ -155.889129638671875, 20.055379867553711 ], [ -155.889175415039062, 20.068080902099609 ], [ -155.86358642578125, 20.055309295654297 ], [ -155.8287353515625, 20.035739898681641 ], [ -155.828643798828125, 20.03557014465332 ], [ -155.828781127929688, 20.035419464111328 ], [ -155.829010009765625, 20.035179138183594 ], [ -155.82958984375, 20.034990310668945 ] ] ] } },
{ "type": "Feature", "properties": { "cluster_id": 211 }, "geometry": { "type": "Polygon", "coordinates": [ [ [ -71.193428039550781, 41.690868377685547 ], [ -71.188468933105469, 41.694290161132812 ], [ -71.183189392089844, 41.697231292724609 ], [ -71.172233581542969, 41.702888488769531 ], [ -71.164199829101562, 41.706920623779297 ], [ -71.163970947265625, 41.706611633300781 ], [ -71.163787841796875, 41.706050872802734 ], [ -71.163963317871094, 41.705780029296875 ], [ -71.193428039550781, 41.690868377685547 ] ] ] } },
{ "type": "Feature", "properties": { "cluster_id": 220 }, "geometry": { "type": "Polygon", "coordinates": [ [ [ -64.654083251953125, 19.403680801391602 ], [ -64.710548400878906, 19.405420303344727 ], [ -64.678901672363281, 19.441429138183594 ], [ -64.646133422851562, 19.450510025024414 ], [ -64.617301940917969, 19.451240539550781 ], [ -64.616767883300781, 19.448530197143555 ], [ -64.616737365722656, 19.448270797729492 ], [ -64.617073059082031, 19.447719573974609 ], [ -64.627479553222656, 19.434530258178711 ], [ -64.632949829101562, 19.428129196166992 ], [ -64.654083251953125, 19.403680801391602 ] ] ] } },
{ "type": "Feature", "properties": { "cluster_id": 49 }, "geometry": { "type": "Polygon", "coordinates": [ [ [ -76.668663024902344, 34.692100524902344 ], [ -76.705062866210938, 34.713981628417969 ], [ -76.704177856445312, 34.716281890869141 ], [ -76.703750610351562, 34.716461181640625 ], [ -76.696868896484375, 34.714511871337891 ], [ -76.694297790527344, 34.713218688964844 ], [ -76.672943115234375, 34.698661804199219 ], [ -76.670921325683594, 34.696628570556641 ], [ -76.669540405273438, 34.694469451904297 ], [ -76.668663024902344, 34.692100524902344 ] ] ] } },
{ "type": "Feature", "properties": { "cluster_id": 266 }, "geometry": { "type": "Polygon", "coordinates": [ [ [ -89.0673828125, 30.332359313964844 ], [ -89.08837890625, 30.349889755249023 ], [ -89.0885009765625, 30.350009918212891 ], [ -89.08856201171875, 30.350070953369141 ], [ -89.091796875, 30.354169845581055 ], [ -89.093002319335938, 30.356170654296875 ], [ -89.092597961425781, 30.356470108032227 ], [ -89.090431213378906, 30.355690002441406 ], [ -89.089706420898438, 30.355400085449219 ], [ -89.082588195800781, 30.350030899047852 ], [ -89.080230712890625, 30.347679138183594 ], [ -89.071220397949219, 30.336990356445312 ], [ -89.0673828125, 30.332359313964844 ] ] ] } },
{ "type": "Feature", "properties": { "cluster_id": 34 }, "geometry": { "type": "Polygon", "coordinates": [ [ [ -96.922569274902344, 25.968870162963867 ], [ -96.991897583007812, 26.007560729980469 ], [ -96.992233276367188, 26.007749557495117 ], [ -96.992477416992188, 26.007940292358398 ], [ -96.999618530273438, 26.015159606933594 ], [ -96.999420166015625, 26.015510559082031 ], [ -96.990272521972656, 26.01262092590332 ], [ -96.926109313964844, 25.977500915527344 ], [ -96.922569274902344, 25.968870162963867 ] ] ] } },
{ "type": "Feature", "properties": { "cluster_id": 223 }, "geometry": { "type": "Polygon", "coordinates": [ [ [ -81.367172241210938, 30.672319412231445 ], [ -81.464752197265625, 30.677009582519531 ], [ -81.464820861816406, 30.67704963684082 ], [ -81.464950561523438, 30.677160263061523 ], [ -81.462860107421875, 30.704189300537109 ], [ -81.459671020507812, 30.711599349975586 ], [ -81.348709106445312, 30.712150573730469 ], [ -81.367172241210938, 30.672319412231445 ] ] ] } },
{ "type": "Feature", "properties": { "cluster_id": 190 }, "geometry": { "type": "Polygon", "coordinates": [ [ [ -118.468849182128906, 33.874870300292969 ], [ -118.494346618652344, 33.875278472900391 ], [ -118.50067138671875, 33.883651733398438 ], [ -118.464530944824219, 33.908828735351562 ], [ -118.463432312011719, 33.909248352050781 ], [ -118.462028503417969, 33.909130096435547 ], [ -118.451393127441406, 33.904338836669922 ], [ -118.45123291015625, 33.904121398925781 ], [ -118.459281921386719, 33.885749816894531 ], [ -118.459976196289062, 33.884368896484375 ], [ -118.4610595703125, 33.883190155029297 ], [ -118.468849182128906, 33.874870300292969 ] ] ] } },
{ "type": "Feature", "properties": { "cluster_id": 181 }, "geometry": { "type": "Polygon", "coordinates": [ [ [ -119.68475341796875, 34.357151031494141 ], [ -119.683967590332031, 34.394088745117188 ], [ -119.683723449707031, 34.396659851074219 ], [ -119.683601379394531, 34.397018432617188 ], [ -119.683479309082031, 34.397220611572266 ], [ -119.683021545410156, 34.397251129150391 ], [ -119.682853698730469, 34.397171020507812 ], [ -119.68267822265625, 34.397029876708984 ], [ -119.6815185546875, 34.390640258789062 ], [ -119.680267333984375, 34.378238677978516 ], [ -119.682090759277344, 34.363151550292969 ], [ -119.68475341796875, 34.357151031494141 ] ] ] } },
{ "type": "Feature", "properties": { "cluster_id": 225 }, "geometry": { "type": "Polygon", "coordinates": [ [ [ -121.884201049804688, 36.6126708984375 ], [ -121.885978698730469, 36.612899780273438 ], [ -121.886268615722656, 36.613021850585938 ], [ -121.8980712890625, 36.647171020507812 ], [ -121.898490905761719, 36.649120330810547 ], [ -121.895309448242188, 36.646568298339844 ], [ -121.892486572265625, 36.643661499023438 ], [ -121.888046264648438, 36.638290405273438 ], [ -121.8856201171875, 36.628490447998047 ], [ -121.884376525878906, 36.620620727539062 ], [ -121.883872985839844, 36.613418579101562 ], [ -121.883880615234375, 36.613151550292969 ], [ -121.883949279785156, 36.612869262695312 ], [ -121.884048461914062, 36.612751007080078 ], [ -121.884147644042969, 36.612678527832031 ], [ -121.884201049804688, 36.6126708984375 ] ] ] } },
{ "type": "Feature", "properties": { "cluster_id": 206 }, "geometry": { "type": "Polygon", "coordinates": [ [ [ -70.969467163085938, 42.242919921875 ], [ -70.970077514648438, 42.242969512939453 ], [ -70.969528198242188, 42.243511199951172 ], [ -70.965827941894531, 42.246940612792969 ], [ -70.965530395507812, 42.247161865234375 ], [ -70.943122863769531, 42.256061553955078 ], [ -70.944633483886719, 42.254711151123047 ], [ -70.946548461914062, 42.253631591796875 ], [ -70.967559814453125, 42.243450164794922 ], [ -70.968208312988281, 42.243160247802734 ], [ -70.969467163085938, 42.242919921875 ] ] ] } },
{ "type": "Feature", "properties": { "cluster_id": 253 }, "geometry": { "type": "Polygon", "coordinates": [ [ [ -79.787757873535156, 43.266960144042969 ], [ -79.8509521484375, 43.271659851074219 ], [ -79.860710144042969, 43.278400421142578 ], [ -79.768951416015625, 43.312450408935547 ], [ -79.765556335449219, 43.313289642333984 ], [ -79.755668640136719, 43.313331604003906 ], [ -79.750831604003906, 43.313331604003906 ], [ -79.744171142578125, 43.31317138671875 ], [ -79.741668701171875, 43.308830261230469 ], [ -79.747322082519531, 43.302730560302734 ], [ -79.787567138671875, 43.266971588134766 ], [ -79.787757873535156, 43.266960144042969 ] ] ] } },
{ "type": "Feature", "properties": { "cluster_id": 23 }, "geometry": { "type": "Polygon", "coordinates": [ [ [ -124.454673767089844, 49.747280120849609 ], [ -124.619667053222656, 49.794830322265625 ], [ -124.626167297363281, 49.808998107910156 ], [ -124.629501342773438, 49.82366943359375 ], [ -124.618148803710938, 49.878818511962891 ], [ -124.602958679199219, 49.877548217773438 ], [ -124.582527160644531, 49.872261047363281 ], [ -124.566810607910156, 49.865921020507812 ], [ -124.546211242675781, 49.852210998535156 ], [ -124.442787170410156, 49.763690948486328 ], [ -124.438766479492188, 49.75238037109375 ], [ -124.454673767089844, 49.747280120849609 ] ] ] } },
{ "type": "Feature", "properties": { "cluster_id": 13 }, "geometry": { "type": "Polygon", "coordinates": [ [ [ -79.210502624511719, 43.07550048828125 ], [ -79.233673095703125, 43.264671325683594 ], [ -79.232002258300781, 43.266170501708984 ], [ -79.2109375, 43.265769958496094 ], [ -79.196998596191406, 43.183330535888672 ], [ -79.19635009765625, 43.178691864013672 ], [ -79.192596435546875, 43.14923095703125 ], [ -79.192283630371094, 43.146198272705078 ], [ -79.192001342773438, 43.143169403076172 ], [ -79.19183349609375, 43.141170501708984 ], [ -79.19183349609375, 43.138328552246094 ], [ -79.192001342773438, 43.135669708251953 ], [ -79.192497253417969, 43.128829956054688 ], [ -79.192672729492188, 43.127670288085938 ], [ -79.195167541503906, 43.116168975830078 ], [ -79.195671081542969, 43.114498138427734 ], [ -79.210502624511719, 43.07550048828125 ] ] ] } },
{ "type": "Feature", "properties": { "cluster_id": 90 }, "geometry": { "type": "Polygon", "coordinates": [ [ [ -79.267349243164062, 42.838371276855469 ], [ -79.265167236328125, 42.85150146484375 ], [ -79.23883056640625, 42.930698394775391 ], [ -79.248123168945312, 42.879608154296875 ], [ -79.249832153320312, 42.872829437255859 ], [ -79.250167846679688, 42.871669769287109 ], [ -79.260841369628906, 42.842609405517578 ], [ -79.262626647949219, 42.838771820068359 ], [ -79.267349243164062, 42.838371276855469 ] ] ] } },
{ "type": "Feature", "properties": { "cluster_id": 256 }, "geometry": { "type": "Polygon", "coordinates": [ [ [ -123.898712158203125, 49.745491027832031 ], [ -123.921096801757812, 49.753398895263672 ], [ -123.960853576660156, 49.776111602783203 ], [ -123.954536437988281, 49.779708862304688 ], [ -123.947883605957031, 49.780841827392578 ], [ -123.945793151855469, 49.781078338623047 ], [ -123.892440795898438, 49.747970581054688 ], [ -123.891937255859375, 49.747001647949219 ], [ -123.891921997070312, 49.746959686279297 ], [ -123.891960144042969, 49.746940612792969 ], [ -123.893608093261719, 49.746250152587891 ], [ -123.89752197265625, 49.745658874511719 ], [ -123.898712158203125, 49.745491027832031 ] ] ] } },
{ "type": "Feature", "properties": { "cluster_id": 214 }, "geometry": { "type": "Polygon", "coordinates": [ [ [ -125.55670166015625, 48.87322998046875 ], [ -125.571731567382812, 48.879501342773438 ], [ -125.576431274414062, 48.894130706787109 ], [ -125.58489990234375, 48.921798706054688 ], [ -125.545501708984375, 48.943851470947266 ], [ -125.545089721679688, 48.944011688232422 ], [ -125.544273376464844, 48.944229125976562 ], [ -125.535697937011719, 48.940048217773438 ], [ -125.488739013671875, 48.905971527099609 ], [ -125.486968994140625, 48.897850036621094 ], [ -125.490989685058594, 48.895858764648438 ], [ -125.55670166015625, 48.87322998046875 ] ] ] } },
{ "type": "Feature", "properties": { "cluster_id": 232 }, "geometry": { "type": "Polygon", "coordinates": [ [ [ -81.484092712402344, 42.4056396484375 ], [ -81.549209594726562, 42.422821044921875 ], [ -81.546127319335938, 42.436168670654297 ], [ -81.5460205078125, 42.436420440673828 ], [ -81.544906616210938, 42.436698913574219 ], [ -81.484092712402344, 42.4056396484375 ] ] ] } },
{ "type": "Feature", "properties": { "cluster_id": 151 }, "geometry": { "type": "Polygon", "coordinates": [ [ [ -82.427932739257812, 41.483451843261719 ], [ -82.429100036621094, 41.483798980712891 ], [ -82.429862976074219, 41.48419189453125 ], [ -82.430473327636719, 41.484928131103516 ], [ -82.430549621582031, 41.485950469970703 ], [ -82.429939270019531, 41.486850738525391 ], [ -82.428817749023438, 41.487739562988281 ], [ -82.427032470703125, 41.489021301269531 ], [ -82.420913696289062, 41.493141174316406 ], [ -82.421722412109375, 41.487621307373047 ], [ -82.423362731933594, 41.485801696777344 ], [ -82.424697875976562, 41.484661102294922 ], [ -82.427932739257812, 41.483451843261719 ] ] ] } },
{ "type": "Feature", "properties": { "cluster_id": 25 }, "geometry": { "type": "Polygon", "coordinates": [ [ [ -82.445030212402344, 41.80194091796875 ], [ -82.458999633789062, 41.802669525146484 ], [ -82.463829040527344, 41.803501129150391 ], [ -82.476829528808594, 41.810169219970703 ], [ -82.491889953613281, 41.821220397949219 ], [ -82.494270324707031, 41.82666015625 ], [ -82.344978332519531, 41.828868865966797 ], [ -82.334999084472656, 41.828830718994141 ], [ -82.275970458984375, 41.826129913330078 ], [ -82.279380798339844, 41.809871673583984 ], [ -82.445030212402344, 41.80194091796875 ] ] ] } },
{ "type": "Feature", "properties": { "cluster_id": 260 }, "geometry": { "type": "Polygon", "coordinates": [ [ [ -82.496986389160156, 41.830291748046875 ], [ -82.520126342773438, 41.832271575927734 ], [ -82.725326538085938, 41.874500274658203 ], [ -82.611282348632812, 41.877040863037109 ], [ -82.605377197265625, 41.876869201660156 ], [ -82.599861145019531, 41.875728607177734 ], [ -82.594383239746094, 41.873920440673828 ], [ -82.585220336914062, 41.870441436767578 ], [ -82.571800231933594, 41.865291595458984 ], [ -82.565048217773438, 41.862579345703125 ], [ -82.544517517089844, 41.854179382324219 ], [ -82.540359497070312, 41.852291107177734 ], [ -82.496986389160156, 41.830291748046875 ] ] ] } },
{ "type": "Feature", "properties": { "cluster_id": 230 }, "geometry": { "type": "Polygon", "coordinates": [ [ [ -80.484329223632812, 42.308498382568359 ], [ -80.647529602050781, 42.312999725341797 ], [ -80.648910522460938, 42.331741333007812 ], [ -80.58245849609375, 42.351348876953125 ], [ -80.475799560546875, 42.347949981689453 ], [ -80.47332763671875, 42.347751617431641 ], [ -80.442306518554688, 42.342311859130859 ], [ -80.432502746582031, 42.322330474853516 ], [ -80.478828430175781, 42.309829711914062 ], [ -80.484329223632812, 42.308498382568359 ] ] ] } },
{ "type": "Feature", "properties": { "cluster_id": 127 }, "geometry": { "type": "Polygon", "coordinates": [ [ [ -89.160621643066406, 48.346530914306641 ], [ -89.172119140625, 48.346538543701172 ], [ -89.185127258300781, 48.347499847412109 ], [ -89.188697814941406, 48.347850799560547 ], [ -89.230926513671875, 48.353988647460938 ], [ -89.231521606445312, 48.354221343994141 ], [ -89.232337951660156, 48.354621887207031 ], [ -89.232452392578125, 48.354690551757812 ], [ -89.232368469238281, 48.356399536132812 ], [ -89.223831176757812, 48.414161682128906 ], [ -89.212959289550781, 48.417751312255859 ], [ -89.181549072265625, 48.416389465332031 ], [ -89.180931091308594, 48.416248321533203 ], [ -89.096641540527344, 48.3837890625 ], [ -89.078178405761719, 48.366981506347656 ], [ -89.060470581054688, 48.348800659179688 ], [ -89.071342468261719, 48.347049713134766 ], [ -89.160621643066406, 48.346530914306641 ] ] ] } },
{ "type": "Feature", "properties": { "cluster_id": 251 }, "geometry": { "type": "Polygon", "coordinates": [ [ [ -87.1588134765625, 41.635711669921875 ], [ -87.158912658691406, 41.635730743408203 ], [ -87.158950805664062, 41.635780334472656 ], [ -87.158981323242188, 41.635890960693359 ], [ -87.158973693847656, 41.636058807373047 ], [ -87.158958435058594, 41.6361083984375 ], [ -87.158790588378906, 41.636028289794922 ], [ -87.158760070800781, 41.635898590087891 ], [ -87.15875244140625, 41.635829925537109 ], [ -87.15875244140625, 41.635818481445312 ], [ -87.1588134765625, 41.635711669921875 ] ] ] } },
{ "type": "Feature", "properties": { "cluster_id": 205 }, "geometry": { "type": "Polygon", "coordinates": [ [ [ -81.72869873046875, 43.745960235595703 ], [ -81.750221252441406, 43.746860504150391 ], [ -81.770736694335938, 43.749000549316406 ], [ -81.773651123046875, 43.749500274658203 ], [ -81.777557373046875, 43.750381469726562 ], [ -81.782623291015625, 43.752079010009766 ], [ -81.783988952636719, 43.752738952636719 ], [ -81.78839111328125, 43.755191802978516 ], [ -81.79620361328125, 43.760921478271484 ], [ -81.723442077636719, 43.747268676757812 ], [ -81.723373413085938, 43.747249603271484 ], [ -81.723381042480469, 43.747188568115234 ], [ -81.723411560058594, 43.747138977050781 ], [ -81.723472595214844, 43.747100830078125 ], [ -81.72869873046875, 43.745960235595703 ] ] ] } },
{ "type": "Feature", "properties": { "cluster_id": 143 }, "geometry": { "type": "Polygon", "coordinates": [ [ [ -125.138587951660156, 48.835929870605469 ], [ -125.139228820800781, 48.836029052734375 ], [ -125.147087097167969, 48.839950561523438 ], [ -125.147789001464844, 48.856651306152344 ], [ -125.140533447265625, 48.861919403076172 ], [ -125.128189086914062, 48.870201110839844 ], [ -125.1273193359375, 48.866878509521484 ], [ -125.130096435546875, 48.850971221923828 ], [ -125.135108947753906, 48.837421417236328 ], [ -125.138282775878906, 48.835990905761719 ], [ -125.138587951660156, 48.835929870605469 ] ] ] } },
{ "type": "Feature", "properties": { "cluster_id": 255 }, "geometry": { "type": "Polygon", "coordinates": [ [ [ -80.784721374511719, 41.906349182128906 ], [ -80.877082824707031, 41.922050476074219 ], [ -80.8768310546875, 41.922119140625 ], [ -80.852157592773438, 41.923591613769531 ], [ -80.798072814941406, 41.924209594726562 ], [ -80.795257568359375, 41.922908782958984 ], [ -80.785980224609375, 41.915691375732422 ], [ -80.784812927246094, 41.914390563964844 ], [ -80.784156799316406, 41.913501739501953 ], [ -80.784477233886719, 41.909061431884766 ], [ -80.784690856933594, 41.906429290771484 ], [ -80.784721374511719, 41.906349182128906 ] ] ] } },
{ "type": "Feature", "properties": { "cluster_id": 247 }, "geometry": { "type": "Polygon", "coordinates": [ [ [ -87.8433837890625, 47.342430114746094 ], [ -87.908912658691406, 47.384620666503906 ], [ -87.909393310546875, 47.385391235351562 ], [ -87.908416748046875, 47.385700225830078 ], [ -87.908248901367188, 47.385719299316406 ], [ -87.8121337890625, 47.372348785400391 ], [ -87.8433837890625, 47.342430114746094 ] ] ] } },
{ "type": "Feature", "properties": { "cluster_id": 110 }, "geometry": { "type": "Polygon", "coordinates": [ [ [ -125.933128356933594, 49.113548278808594 ], [ -125.972602844238281, 49.132511138916016 ], [ -126.010063171386719, 49.154361724853516 ], [ -125.909599304199219, 49.160221099853516 ], [ -125.897392272949219, 49.157741546630859 ], [ -125.884193420410156, 49.150901794433594 ], [ -125.901359558105469, 49.114250183105469 ], [ -125.90496826171875, 49.113590240478516 ], [ -125.933128356933594, 49.113548278808594 ] ] ] } },
{ "type": "Feature", "properties": { "cluster_id": 95 }, "geometry": { "type": "Polygon", "coordinates": [ [ [ -80.075912475585938, 42.695701599121094 ], [ -80.138442993164062, 42.716220855712891 ], [ -80.14031982421875, 42.717578887939453 ], [ -80.153068542480469, 42.730110168457031 ], [ -80.152397155761719, 42.731220245361328 ], [ -80.143302917480469, 42.736740112304688 ], [ -80.13995361328125, 42.738658905029297 ], [ -80.095970153808594, 42.739540100097656 ], [ -80.095466613769531, 42.73876953125 ], [ -80.075912475585938, 42.695701599121094 ] ] ] } },
{ "type": "Feature", "properties": { "cluster_id": 130 }, "geometry": { "type": "Polygon", "coordinates": [ [ [ -80.044441223144531, 42.787521362304688 ], [ -80.043647766113281, 42.797740936279297 ], [ -80.043502807617188, 42.798019409179688 ], [ -80.043418884277344, 42.798049926757812 ], [ -80.043357849121094, 42.798069000244141 ], [ -80.04193115234375, 42.794830322265625 ], [ -80.041862487792969, 42.789680480957031 ], [ -80.041961669921875, 42.788360595703125 ], [ -80.042167663574219, 42.787849426269531 ], [ -80.044441223144531, 42.787521362304688 ] ] ] } }
]
}
