{
"type": "FeatureCollection",
"name": "boundaries",
"crs": { "type": "name", "properties": { "name": "urn:ogc:def:crs:OGC:1.3:CRS84" } },
"features": [
{ "type": "Feature", "properties": { "cluster_id": 6 }, "geometry": { "type": "Polygon", "coordinates": [ [ [ -122.378547668457031, 47.253829956054688 ], [ -122.378883361816406, 47.253868103027344 ], [ -122.431716918945312, 47.261451721191406 ], [ -125.098457336425781, 48.357410430908203 ], [ -125.354423522949219, 48.475570678710938 ], [ -125.356170654296875, 48.518051147460938 ], [ -125.122261047363281, 49.941951751708984 ], [ -125.085403442382812, 49.953601837158203 ], [ -124.602958679199219, 49.877548217773438 ], [ -122.862312316894531, 49.443931579589844 ], [ -122.362106323242188, 49.132129669189453 ], [ -122.218399047851562, 47.982769012451172 ], [ -122.362640380859375, 47.263599395751953 ], [ -122.362846374511719, 47.263469696044922 ], [ -122.378227233886719, 47.253898620605469 ], [ -122.378547668457031, 47.253829956054688 ] ] ] } },
{ "type": "Feature", "properties": { "cluster_id": 17 }, "geometry": { "type": "Polygon", "coordinates": [ [ [ -96.889022827148438, 27.359180450439453 ], [ -97.474479675292969, 27.818639755249023 ], [ -97.285873413085938, 27.878730773925781 ], [ -97.284767150878906, 27.878969192504883 ], [ -97.275787353515625, 27.880439758300781 ], [ -97.270942687988281, 27.880680084228516 ], [ -96.799301147460938, 27.872299194335938 ], [ -96.601242065429688, 27.745670318603516 ], [ -96.347076416015625, 27.576650619506836 ], [ -96.332237243652344, 27.514249801635742 ], [ -96.331626892089844, 27.509550094604492 ], [ -96.338600158691406, 27.50684928894043 ], [ -96.789352416992188, 27.363580703735352 ], [ -96.807868957519531, 27.362009048461914 ], [ -96.889022827148438, 27.359180450439453 ] ] ] } },
{ "type": "Feature", "properties": { "cluster_id": 216 }, "geometry": { "type": "Polygon", "coordinates": [ [ [ -94.503646850585938, 27.320859909057617 ], [ -94.565170288085938, 27.324880599975586 ], [ -94.625808715820312, 27.353519439697266 ], [ -94.625877380371094, 27.353609085083008 ], [ -94.625617980957031, 27.353900909423828 ], [ -94.625358581542969, 27.353889465332031 ], [ -94.55535888671875, 27.340259552001953 ], [ -94.503646850585938, 27.320859909057617 ] ] ] } },
{ "type": "Feature", "properties": { "cluster_id": 164 }, "geometry": { "type": "Polygon", "coordinates": [ [ [ -65.072410583496094, 17.584720611572266 ], [ -65.0809326171875, 17.585660934448242 ], [ -65.140167236328125, 17.596500396728516 ], [ -65.20281982421875, 17.61543083190918 ], [ -65.198013305664062, 17.624670028686523 ], [ -64.934921264648438, 17.72252082824707 ], [ -64.555732727050781, 17.694259643554688 ], [ -64.619163513183594, 17.666860580444336 ], [ -64.791030883789062, 17.600620269775391 ], [ -64.840049743652344, 17.586219787597656 ], [ -65.072410583496094, 17.584720611572266 ] ] ] } },
{ "type": "Feature", "properties": { "cluster_id": 81 }, "geometry": { "type": "Polygon", "coordinates": [ [ [ -157.90118408203125, 21.178840637207031 ], [ -158.296630859375, 21.225730895996094 ], [ -158.288253784179688, 21.253580093383789 ], [ -158.176422119140625, 21.31566047668457 ], [ -157.966629028320312, 21.367959976196289 ], [ -157.942794799804688, 21.364360809326172 ], [ -157.8665771484375, 21.303829193115234 ], [ -157.8653564453125, 21.301780700683594 ], [ -157.8519287109375, 21.227809906005859 ], [ -157.875823974609375, 21.180719375610352 ], [ -157.892913818359375, 21.179410934448242 ], [ -157.90118408203125, 21.178840637207031 ] ] ] } },
{ "type": "Feature", "properties": { "cluster_id": 21 }, "geometry": { "type": "Polygon", "coordinates": [ [ [ -75.608352661132812, 36.70281982421875 ], [ -75.684173583984375, 36.705169677734375 ], [ -76.290977478027344, 36.798049926757812 ], [ -76.292381286621094, 36.798450469970703 ], [ -76.432640075683594, 36.964420318603516 ], [ -76.435066223144531, 36.968021392822266 ], [ -76.142082214355469, 37.514499664306641 ], [ -76.045219421386719, 37.512481689453125 ], [ -75.13397216796875, 36.939670562744141 ], [ -74.909782409667969, 36.771430969238281 ], [ -74.893829345703125, 36.753501892089844 ], [ -75.608352661132812, 36.70281982421875 ] ] ] } },
{ "type": "Feature", "properties": { "cluster_id": 32 }, "geometry": { "type": "Polygon", "coordinates": [ [ [ -117.254951477050781, 32.581268310546875 ], [ -117.378662109375, 32.589759826660156 ], [ -117.49920654296875, 32.633399963378906 ], [ -117.507423400878906, 32.644809722900391 ], [ -117.46185302734375, 32.702510833740234 ], [ -117.223670959472656, 32.723781585693359 ], [ -117.191551208496094, 32.723121643066406 ], [ -117.174400329589844, 32.718189239501953 ], [ -117.132858276367188, 32.686351776123047 ], [ -117.123779296875, 32.675800323486328 ], [ -117.123641967773438, 32.675548553466797 ], [ -117.123619079589844, 32.675498962402344 ], [ -117.119117736816406, 32.662010192871094 ], [ -117.212242126464844, 32.589908599853516 ], [ -117.254951477050781, 32.581268310546875 ] ] ] } },
{ "type": "Feature", "properties": { "cluster_id": 3 }, "geometry": { "type": "Polygon", "coordinates": [ [ [ -80.598121643066406, 24.195379257202148 ], [ -82.004180908203125, 24.243400573730469 ], [ -82.24774169921875, 24.339349746704102 ], [ -79.945701599121094, 27.021930694580078 ], [ -79.47705078125, 27.114500045776367 ], [ -79.332061767578125, 27.117700576782227 ], [ -79.288528442382812, 27.117279052734375 ], [ -78.356376647949219, 26.266120910644531 ], [ -79.518211364746094, 24.541980743408203 ], [ -80.426467895507812, 24.207399368286133 ], [ -80.598121643066406, 24.195379257202148 ] ] ] } },
{ "type": "Feature", "properties": { "cluster_id": 9 }, "geometry": { "type": "Polygon", "coordinates": [ [ [ -89.015937805175781, 28.077199935913086 ], [ -89.11309814453125, 28.085369110107422 ], [ -89.380027770996094, 28.159400939941406 ], [ -91.164688110351562, 30.188180923461914 ], [ -91.230796813964844, 30.292829513549805 ], [ -91.232032775878906, 30.2947998046875 ], [ -91.233551025390625, 30.300069808959961 ], [ -91.246566772460938, 30.354339599609375 ], [ -91.246658325195312, 30.357500076293945 ], [ -91.24658203125, 30.358400344848633 ], [ -91.246337890625, 30.360479354858398 ], [ -91.24603271484375, 30.361909866333008 ], [ -91.24542236328125, 30.363580703735352 ], [ -91.19854736328125, 30.469409942626953 ], [ -91.198257446289062, 30.469430923461914 ], [ -89.925010681152344, 29.920890808105469 ], [ -89.922119140625, 29.919519424438477 ], [ -89.918266296386719, 29.917179107666016 ], [ -89.2940673828125, 29.231529235839844 ], [ -89.288276672363281, 29.224569320678711 ], [ -89.278953552246094, 29.211729049682617 ], [ -88.980430603027344, 28.781770706176758 ], [ -88.969047546386719, 28.753829956054688 ], [ -88.824668884277344, 28.291669845581055 ], [ -88.959243774414062, 28.086999893188477 ], [ -88.966789245605469, 28.079639434814453 ], [ -88.973098754882812, 28.078880310058594 ], [ -89.015937805175781, 28.077199935913086 ] ] ] } },
{ "type": "Feature", "properties": { "cluster_id": 15 }, "geometry": { "type": "Polygon", "coordinates": [ [ [ -117.783203125, 32.534469604492188 ], [ -117.821151733398438, 32.542270660400391 ], [ -118.211700439453125, 32.678199768066406 ], [ -118.898567199707031, 33.741081237792969 ], [ -118.905143737792969, 33.869869232177734 ], [ -118.463432312011719, 33.909248352050781 ], [ -118.462028503417969, 33.909130096435547 ], [ -118.114891052246094, 33.755889892578125 ], [ -118.092247009277344, 33.735809326171875 ], [ -117.563858032226562, 32.841098785400391 ], [ -117.7689208984375, 32.538608551025391 ], [ -117.783203125, 32.534469604492188 ] ] ] } },
{ "type": "Feature", "properties": { "cluster_id": 121 }, "geometry": { "type": "Polygon", "coordinates": [ [ [ -122.214210510253906, 37.505790710449219 ], [ -122.214546203613281, 37.506111145019531 ], [ -122.201950073242188, 37.559551239013672 ], [ -122.197349548339844, 37.556648254394531 ], [ -122.1961669921875, 37.555019378662109 ], [ -122.19451904296875, 37.552570343017578 ], [ -122.192947387695312, 37.533828735351562 ], [ -122.193977355957031, 37.530799865722656 ], [ -122.211952209472656, 37.507160186767578 ], [ -122.211967468261719, 37.50714111328125 ], [ -122.212387084960938, 37.506820678710938 ], [ -122.214210510253906, 37.505790710449219 ] ] ] } },
{ "type": "Feature", "properties": { "cluster_id": 37 }, "geometry": { "type": "Polygon", "coordinates": [ [ [ -122.991783142089844, 37.566909790039062 ], [ -123.049423217773438, 37.573551177978516 ], [ -123.044593811035156, 37.579021453857422 ], [ -122.819473266601562, 37.791770935058594 ], [ -122.381607055664062, 38.028858184814453 ], [ -122.373039245605469, 38.033008575439453 ], [ -122.332237243652344, 38.050579071044922 ], [ -122.328170776367188, 38.051979064941406 ], [ -122.321037292480469, 38.053428649902344 ], [ -122.316932678222656, 38.054210662841797 ], [ -122.299003601074219, 38.056880950927734 ], [ -122.265922546386719, 38.061561584472656 ], [ -122.255218505859375, 38.062969207763672 ], [ -122.249946594238281, 38.063480377197266 ], [ -121.613616943359375, 38.104499816894531 ], [ -121.60906982421875, 38.104129791259766 ], [ -121.580421447753906, 38.097328186035156 ], [ -121.507369995117188, 38.051319122314453 ], [ -121.506271362304688, 38.05059814453125 ], [ -121.506103515625, 38.050449371337891 ], [ -121.503547668457031, 38.047798156738281 ], [ -121.5003662109375, 38.044101715087891 ], [ -121.500099182128906, 38.043731689453125 ], [ -122.336311340332031, 37.710128784179688 ], [ -122.664199829101562, 37.612678527832031 ], [ -122.897132873535156, 37.576129913330078 ], [ -122.991783142089844, 37.566909790039062 ] ] ] } },
{ "type": "Feature", "properties": { "cluster_id": 4 }, "geometry": { "type": "Polygon", "coordinates": [ [ [ -64.303001403808594, 18.081939697265625 ], [ -64.856208801269531, 18.110200881958008 ], [ -64.983673095703125, 18.125810623168945 ], [ -67.222846984863281, 18.541730880737305 ], [ -67.287368774414062, 18.565530776977539 ], [ -67.287757873535156, 18.596029281616211 ], [ -67.196022033691406, 18.621509552001953 ], [ -67.191291809082031, 18.622779846191406 ], [ -67.18157958984375, 18.624120712280273 ], [ -66.058700561523438, 18.731969833374023 ], [ -66.020339965820312, 18.730470657348633 ], [ -64.58447265625, 18.587770462036133 ], [ -64.474021911621094, 18.574459075927734 ], [ -64.422172546386719, 18.565929412841797 ], [ -64.311668395996094, 18.53849983215332 ], [ -64.293670654296875, 18.526330947875977 ], [ -63.859031677246094, 18.182390213012695 ], [ -63.841709136962891, 18.163509368896484 ], [ -63.849571228027344, 18.159019470214844 ], [ -64.100082397460938, 18.112030029296875 ], [ -64.303001403808594, 18.081939697265625 ] ] ] } },
{ "type": "Feature", "properties": { "cluster_id": 60 }, "geometry": { "type": "Polygon", "coordinates": [ [ [ -76.284828186035156, 38.283329010009766 ], [ -76.310081481933594, 38.285820007324219 ], [ -76.318458557128906, 38.290840148925781 ], [ -76.384788513183594, 38.403980255126953 ], [ -76.432029724121094, 38.531288146972656 ], [ -76.602760314941406, 39.262588500976562 ], [ -76.599327087402344, 39.263999938964844 ], [ -76.579887390136719, 39.271770477294922 ], [ -76.536376953125, 39.253868103027344 ], [ -76.311416625976562, 39.156829833984375 ], [ -76.282493591308594, 38.284648895263672 ], [ -76.283973693847656, 38.283340454101562 ], [ -76.284828186035156, 38.283329010009766 ] ] ] } },
{ "type": "Feature", "properties": { "cluster_id": 35 }, "geometry": { "type": "Polygon", "coordinates": [ [ [ -84.111396789550781, 46.19683837890625 ], [ -84.12933349609375, 46.198829650878906 ], [ -84.152030944824219, 46.210990905761719 ], [ -84.156829833984375, 46.213668823242188 ], [ -84.158821105957031, 46.214801788330078 ], [ -84.167800903320312, 46.219940185546875 ], [ -84.545372009277344, 46.450641632080078 ], [ -84.552726745605469, 46.455459594726562 ], [ -84.570327758789062, 46.469829559326172 ], [ -84.37774658203125, 46.519180297851562 ], [ -84.327407836914062, 46.503730773925781 ], [ -84.307518005371094, 46.494171142578125 ], [ -84.304618835449219, 46.492179870605469 ], [ -84.120643615722656, 46.313449859619141 ], [ -84.120307922363281, 46.312370300292969 ], [ -84.119163513183594, 46.307949066162109 ], [ -84.110618591308594, 46.26470947265625 ], [ -84.111396789550781, 46.19683837890625 ] ] ] } },
{ "type": "Feature", "properties": { "cluster_id": 210 }, "geometry": { "type": "Polygon", "coordinates": [ [ [ -88.51177978515625, 30.329059600830078 ], [ -88.561988830566406, 30.336690902709961 ], [ -88.580146789550781, 30.348770141601562 ], [ -88.580131530761719, 30.348789215087891 ], [ -88.565879821777344, 30.366039276123047 ], [ -88.511077880859375, 30.340370178222656 ], [ -88.510353088378906, 30.336729049682617 ], [ -88.510406494140625, 30.335790634155273 ], [ -88.510910034179688, 30.329620361328125 ], [ -88.51177978515625, 30.329059600830078 ] ] ] } },
{ "type": "Feature", "properties": { "cluster_id": 64 }, "geometry": { "type": "Polygon", "coordinates": [ [ [ -79.244003295898438, 27.503280639648438 ], [ -79.252082824707031, 27.507280349731445 ], [ -79.256492614746094, 27.522380828857422 ], [ -79.251136779785156, 27.538900375366211 ], [ -79.206130981445312, 27.547500610351562 ], [ -79.087211608886719, 27.548660278320312 ], [ -79.061073303222656, 27.547889709472656 ], [ -79.042617797851562, 27.522930145263672 ], [ -79.040672302246094, 27.508779525756836 ], [ -79.244003295898438, 27.503280639648438 ] ] ] } },
{ "type": "Feature", "properties": { "cluster_id": 184 }, "geometry": { "type": "Polygon", "coordinates": [ [ [ -118.91961669921875, 33.877948760986328 ], [ -118.934501647949219, 33.878898620605469 ], [ -118.993339538574219, 33.883628845214844 ], [ -119.059860229492188, 33.905368804931641 ], [ -119.128379821777344, 33.929649353027344 ], [ -119.132003784179688, 33.931861877441406 ], [ -119.133819580078125, 34.015529632568359 ], [ -119.115013122558594, 34.008041381835938 ], [ -119.099250793457031, 34.001758575439453 ], [ -118.925636291503906, 33.923828125 ], [ -118.908233642578125, 33.909580230712891 ], [ -118.91961669921875, 33.877948760986328 ] ] ] } },
{ "type": "Feature", "properties": { "cluster_id": 23 }, "geometry": { "type": "Polygon", "coordinates": [ [ [ -119.221969604492188, 34.019760131835938 ], [ -121.409599304199219, 34.407680511474609 ], [ -121.431922912597656, 34.436649322509766 ], [ -121.428520202636719, 34.440288543701172 ], [ -120.915046691894531, 34.496208190917969 ], [ -119.207901000976562, 34.149570465087891 ], [ -119.204032897949219, 34.148128509521484 ], [ -119.203712463378906, 34.147781372070312 ], [ -119.143928527832031, 34.02069091796875 ], [ -119.221969604492188, 34.019760131835938 ] ] ] } },
{ "type": "Feature", "properties": { "cluster_id": 106 }, "geometry": { "type": "Polygon", "coordinates": [ [ [ -121.357963562011719, 34.498680114746094 ], [ -121.421592712402344, 34.505168914794922 ], [ -121.408149719238281, 34.535171508789062 ], [ -121.396202087402344, 34.539890289306641 ], [ -121.224800109863281, 34.544921875 ], [ -121.222328186035156, 34.533279418945312 ], [ -121.242340087890625, 34.518299102783203 ], [ -121.357963562011719, 34.498680114746094 ] ] ] } },
{ "type": "Feature", "properties": { "cluster_id": 70 }, "geometry": { "type": "Polygon", "coordinates": [ [ [ -122.639503479003906, 37.086429595947266 ], [ -122.757942199707031, 37.091411590576172 ], [ -122.798408508300781, 37.100521087646484 ], [ -122.728469848632812, 37.317031860351562 ], [ -122.7230224609375, 37.320968627929688 ], [ -122.664390563964844, 37.322071075439453 ], [ -122.654769897460938, 37.320369720458984 ], [ -122.611480712890625, 37.1162109375 ], [ -122.613670349121094, 37.091201782226562 ], [ -122.639503479003906, 37.086429595947266 ] ] ] } },
{ "type": "Feature", "properties": { "cluster_id": 262 }, "geometry": { "type": "Polygon", "coordinates": [ [ [ -121.326217651367188, 37.950828552246094 ], [ -121.335456848144531, 37.950969696044922 ], [ -121.348541259765625, 37.954498291015625 ], [ -121.355117797851562, 37.957000732421875 ], [ -121.357490539550781, 37.957939147949219 ], [ -121.358222961425781, 37.958229064941406 ], [ -121.439598083496094, 37.994831085205078 ], [ -121.41912841796875, 37.995429992675781 ], [ -121.417930603027344, 37.995269775390625 ], [ -121.416549682617188, 37.994968414306641 ], [ -121.414093017578125, 37.994369506835938 ], [ -121.394546508789062, 37.987171173095703 ], [ -121.318367004394531, 37.953098297119141 ], [ -121.318199157714844, 37.952129364013672 ], [ -121.319847106933594, 37.951480865478516 ], [ -121.326026916503906, 37.950828552246094 ], [ -121.326217651367188, 37.950828552246094 ] ] ] } },
{ "type": "Feature", "properties": { "cluster_id": 134 }, "geometry": { "type": "Polygon", "coordinates": [ [ [ -119.956077575683594, 31.958940505981445 ], [ -120.030380249023438, 31.970149993896484 ], [ -120.030731201171875, 32.211219787597656 ], [ -119.956260681152344, 32.290920257568359 ], [ -119.764739990234375, 32.293411254882812 ], [ -119.622306823730469, 32.288700103759766 ], [ -119.620933532714844, 32.287879943847656 ], [ -119.620063781738281, 32.286788940429688 ], [ -119.5992431640625, 32.221469879150391 ], [ -119.830558776855469, 31.991050720214844 ], [ -119.956077575683594, 31.958940505981445 ] ] ] } },
{ "type": "Feature", "properties": { "cluster_id": 116 }, "geometry": { "type": "Polygon", "coordinates": [ [ [ -92.581581115722656, 27.693519592285156 ], [ -92.61572265625, 27.750280380249023 ], [ -92.635238647460938, 27.919839859008789 ], [ -92.634872436523438, 27.928220748901367 ], [ -92.631980895996094, 27.932519912719727 ], [ -92.606071472167969, 27.931190490722656 ], [ -92.225067138671875, 27.883150100708008 ], [ -92.186508178710938, 27.877969741821289 ], [ -92.183502197265625, 27.871669769287109 ], [ -92.203269958496094, 27.742530822753906 ], [ -92.406120300292969, 27.695880889892578 ], [ -92.581581115722656, 27.693519592285156 ] ] ] } },
{ "type": "Feature", "properties": { "cluster_id": 14 }, "geometry": { "type": "Polygon", "coordinates": [ [ [ -92.649658203125, 27.933130264282227 ], [ -92.652023315429688, 27.933309555053711 ], [ -92.666397094726562, 27.940650939941406 ], [ -93.253196716308594, 28.31757926940918 ], [ -93.763633728027344, 28.667600631713867 ], [ -93.783943176269531, 28.770479202270508 ], [ -93.785621643066406, 28.78223991394043 ], [ -93.786827087402344, 28.792999267578125 ], [ -93.548149108886719, 28.979759216308594 ], [ -93.535873413085938, 28.984720230102539 ], [ -93.418670654296875, 28.978189468383789 ], [ -93.206352233886719, 28.841100692749023 ], [ -92.867149353027344, 28.415170669555664 ], [ -92.644882202148438, 27.965290069580078 ], [ -92.636260986328125, 27.941989898681641 ], [ -92.636817932128906, 27.93998908996582 ], [ -92.640640258789062, 27.934219360351562 ], [ -92.649658203125, 27.933130264282227 ] ] ] } },
{ "type": "Feature", "properties": { "cluster_id": 1 }, "geometry": { "type": "Polygon", "coordinates": [ [ [ -94.417037963867188, 27.455659866333008 ], [ -94.474601745605469, 27.462909698486328 ], [ -95.021186828613281, 28.440309524536133 ], [ -95.021522521972656, 28.441640853881836 ], [ -95.288887023925781, 29.749460220336914 ], [ -95.288566589355469, 29.749860763549805 ], [ -95.288368225097656, 29.750030517578125 ], [ -95.288078308105469, 29.750089645385742 ], [ -95.082778930664062, 29.764520645141602 ], [ -95.080551147460938, 29.764249801635742 ], [ -95.077079772949219, 29.762910842895508 ], [ -95.071586608886719, 29.760049819946289 ], [ -95.021858215332031, 29.729619979858398 ], [ -94.257598876953125, 29.247200012207031 ], [ -93.788162231445312, 28.923660278320312 ], [ -93.792472839355469, 28.805629730224609 ], [ -94.250709533691406, 27.46619987487793 ], [ -94.374603271484375, 27.455680847167969 ], [ -94.417037963867188, 27.455659866333008 ] ] ] } },
{ "type": "Feature", "properties": { "cluster_id": 80 }, "geometry": { "type": "Polygon", "coordinates": [ [ [ -92.127151489257812, 27.885520935058594 ], [ -92.160850524902344, 27.886390686035156 ], [ -92.156723022460938, 27.889080047607422 ], [ -92.093467712402344, 27.899280548095703 ], [ -92.083427429199219, 27.900659561157227 ], [ -91.852569580078125, 27.922140121459961 ], [ -91.737457275390625, 27.929000854492188 ], [ -91.592430114746094, 27.932859420776367 ], [ -91.517326354980469, 27.932470321655273 ], [ -91.4844970703125, 27.931669235229492 ], [ -91.48895263671875, 27.926639556884766 ], [ -91.492813110351562, 27.924720764160156 ], [ -91.760749816894531, 27.900150299072266 ], [ -91.808151245117188, 27.896999359130859 ], [ -91.848068237304688, 27.894720077514648 ], [ -91.912803649902344, 27.891599655151367 ], [ -91.947647094726562, 27.890100479125977 ], [ -91.967491149902344, 27.889339447021484 ], [ -92.059280395507812, 27.886430740356445 ], [ -92.127151489257812, 27.885520935058594 ] ] ] } },
{ "type": "Feature", "properties": { "cluster_id": 42 }, "geometry": { "type": "Polygon", "coordinates": [ [ [ -91.341392517089844, 27.933919906616211 ], [ -91.410911560058594, 27.934099197387695 ], [ -91.432342529296875, 27.934230804443359 ], [ -91.47705078125, 27.936010360717773 ], [ -91.470138549804688, 27.951120376586914 ], [ -91.426490783691406, 27.976020812988281 ], [ -90.95166015625, 27.980520248413086 ], [ -90.885551452636719, 27.980670928955078 ], [ -90.824127197265625, 27.980800628662109 ], [ -90.80169677734375, 27.977970123291016 ], [ -90.7957763671875, 27.976310729980469 ], [ -90.816886901855469, 27.945890426635742 ], [ -91.341392517089844, 27.933919906616211 ] ] ] } },
{ "type": "Feature", "properties": { "cluster_id": 55 }, "geometry": { "type": "Polygon", "coordinates": [ [ [ -90.72479248046875, 27.980890274047852 ], [ -90.787567138671875, 27.981790542602539 ], [ -90.791557312011719, 27.987619400024414 ], [ -90.789291381835938, 28.00486946105957 ], [ -90.776786804199219, 28.017839431762695 ], [ -90.110969543457031, 28.073299407958984 ], [ -90.1083984375, 28.068439483642578 ], [ -90.112678527832031, 28.009159088134766 ], [ -90.6719970703125, 27.982120513916016 ], [ -90.691818237304688, 27.981609344482422 ], [ -90.72479248046875, 27.980890274047852 ] ] ] } },
{ "type": "Feature", "properties": { "cluster_id": 78 }, "geometry": { "type": "Polygon", "coordinates": [ [ [ -89.971473693847656, 28.078060150146484 ], [ -90.098793029785156, 28.084360122680664 ], [ -90.10064697265625, 28.103330612182617 ], [ -90.099517822265625, 28.168970108032227 ], [ -90.065521240234375, 28.281179428100586 ], [ -89.903480529785156, 28.313419342041016 ], [ -89.891937255859375, 28.315710067749023 ], [ -89.888168334960938, 28.314670562744141 ], [ -89.882942199707031, 28.306179046630859 ], [ -89.871673583984375, 28.260610580444336 ], [ -89.887542724609375, 28.104290008544922 ], [ -89.90972900390625, 28.08258056640625 ], [ -89.912811279296875, 28.082250595092773 ], [ -89.971473693847656, 28.078060150146484 ] ] ] } },
{ "type": "Feature", "properties": { "cluster_id": 226 }, "geometry": { "type": "Polygon", "coordinates": [ [ [ -89.721702575683594, 28.508829116821289 ], [ -89.837867736816406, 28.533260345458984 ], [ -89.840339660644531, 28.535259246826172 ], [ -89.850921630859375, 28.545700073242188 ], [ -89.829887390136719, 28.586099624633789 ], [ -89.643699645996094, 28.599969863891602 ], [ -89.641319274902344, 28.597049713134766 ], [ -89.656196594238281, 28.542160034179688 ], [ -89.70037841796875, 28.512310028076172 ], [ -89.721702575683594, 28.508829116821289 ] ] ] } },
{ "type": "Feature", "properties": { "cluster_id": 2 }, "geometry": { "type": "Polygon", "coordinates": [ [ [ -94.416999816894531, 27.358829498291016 ], [ -94.469879150390625, 27.367130279541016 ], [ -94.470367431640625, 27.370269775390625 ], [ -94.416748046875, 27.403600692749023 ], [ -94.325759887695312, 27.404949188232422 ], [ -94.311241149902344, 27.404319763183594 ], [ -94.255149841308594, 27.396459579467773 ], [ -94.28948974609375, 27.364629745483398 ], [ -94.323402404785156, 27.362319946289062 ], [ -94.416999816894531, 27.358829498291016 ] ] ] } },
{ "type": "Feature", "properties": { "cluster_id": 206 }, "geometry": { "type": "Polygon", "coordinates": [ [ [ -90.014816284179688, 27.219860076904297 ], [ -90.039192199707031, 27.252519607543945 ], [ -90.035499572753906, 27.258989334106445 ], [ -90.034317016601562, 27.25956916809082 ], [ -89.999221801757812, 27.261550903320312 ], [ -89.883468627929688, 27.253240585327148 ], [ -89.897003173828125, 27.245639801025391 ], [ -89.9500732421875, 27.222719192504883 ], [ -89.964958190917969, 27.220159530639648 ], [ -90.014816284179688, 27.219860076904297 ] ] ] } },
{ "type": "Feature", "properties": { "cluster_id": 258 }, "geometry": { "type": "Polygon", "coordinates": [ [ [ -82.466087341308594, 24.29210090637207 ], [ -82.47869873046875, 24.306600570678711 ], [ -82.482856750488281, 24.32158088684082 ], [ -82.472862243652344, 24.325849533081055 ], [ -82.45404052734375, 24.330080032348633 ], [ -82.271102905273438, 24.336889266967773 ], [ -82.298347473144531, 24.297840118408203 ], [ -82.466087341308594, 24.29210090637207 ] ] ] } },
{ "type": "Feature", "properties": { "cluster_id": 28 }, "geometry": { "type": "Polygon", "coordinates": [ [ [ -83.147262573242188, 27.45673942565918 ], [ -83.186012268066406, 27.511800765991211 ], [ -83.18524169921875, 27.515539169311523 ], [ -83.15692138671875, 27.597249984741211 ], [ -83.148651123046875, 27.60651969909668 ], [ -83.049346923828125, 27.645240783691406 ], [ -82.525413513183594, 27.788330078125 ], [ -82.509681701660156, 27.788370132446289 ], [ -82.563163757324219, 27.627420425415039 ], [ -83.055313110351562, 27.458709716796875 ], [ -83.147262573242188, 27.45673942565918 ] ] ] } },
{ "type": "Feature", "properties": { "cluster_id": 217 }, "geometry": { "type": "Polygon", "coordinates": [ [ [ -82.495903015136719, 27.793130874633789 ], [ -82.447273254394531, 27.942230224609375 ], [ -82.443389892578125, 27.954000473022461 ], [ -82.442039489746094, 27.954780578613281 ], [ -82.441902160644531, 27.954740524291992 ], [ -82.441818237304688, 27.954700469970703 ], [ -82.391181945800781, 27.855779647827148 ], [ -82.406639099121094, 27.807899475097656 ], [ -82.494979858398438, 27.793170928955078 ], [ -82.495903015136719, 27.793130874633789 ] ] ] } },
{ "type": "Feature", "properties": { "cluster_id": 202 }, "geometry": { "type": "Polygon", "coordinates": [ [ [ -85.766822814941406, 30.041780471801758 ], [ -85.79754638671875, 30.044979095458984 ], [ -85.732940673828125, 30.182699203491211 ], [ -85.732917785644531, 30.182699203491211 ], [ -85.682876586914062, 30.149450302124023 ], [ -85.68182373046875, 30.145320892333984 ], [ -85.682586669921875, 30.144269943237305 ], [ -85.766822814941406, 30.041780471801758 ] ] ] } },
{ "type": "Feature", "properties": { "cluster_id": 211 }, "geometry": { "type": "Polygon", "coordinates": [ [ [ -117.629020690917969, 32.391799926757812 ], [ -117.678329467773438, 32.392669677734375 ], [ -117.734878540039062, 32.4014892578125 ], [ -117.938186645507812, 32.471118927001953 ], [ -117.836807250976562, 32.480300903320312 ], [ -117.779930114746094, 32.484409332275391 ], [ -117.749237060546875, 32.484020233154297 ], [ -117.6851806640625, 32.482631683349609 ], [ -117.657806396484375, 32.481369018554688 ], [ -117.602882385253906, 32.414451599121094 ], [ -117.591087341308594, 32.395961761474609 ], [ -117.629020690917969, 32.391799926757812 ] ] ] } },
{ "type": "Feature", "properties": { "cluster_id": 237 }, "geometry": { "type": "Polygon", "coordinates": [ [ [ -74.617446899414062, 37.899948120117188 ], [ -74.661666870117188, 37.900669097900391 ], [ -74.643623352050781, 37.924999237060547 ], [ -74.639999389648438, 37.927528381347656 ], [ -74.6343994140625, 37.930301666259766 ], [ -74.607078552246094, 37.940479278564453 ], [ -74.586601257324219, 37.944091796875 ], [ -74.456268310546875, 37.944171905517578 ], [ -74.444572448730469, 37.930938720703125 ], [ -74.45184326171875, 37.910919189453125 ], [ -74.470748901367188, 37.904361724853516 ], [ -74.617446899414062, 37.899948120117188 ] ] ] } },
{ "type": "Feature", "properties": { "cluster_id": 150 }, "geometry": { "type": "Polygon", "coordinates": [ [ [ -74.731117248535156, 38.379810333251953 ], [ -74.884757995605469, 38.616031646728516 ], [ -74.889938354492188, 38.631061553955078 ], [ -74.865669250488281, 38.663871765136719 ], [ -74.700927734375, 38.625850677490234 ], [ -74.494331359863281, 38.478500366210938 ], [ -74.462532043457031, 38.436470031738281 ], [ -74.683326721191406, 38.382831573486328 ], [ -74.731117248535156, 38.379810333251953 ] ] ] } },
{ "type": "Feature", "properties": { "cluster_id": 16 }, "geometry": { "type": "Polygon", "coordinates": [ [ [ -74.931838989257812, 38.672470092773438 ], [ -74.944969177246094, 38.681499481201172 ], [ -75.030723571777344, 38.761001586914062 ], [ -75.035598754882812, 38.765979766845703 ], [ -75.043182373046875, 38.775398254394531 ], [ -75.184310913085938, 38.950820922851562 ], [ -75.351463317871094, 39.275318145751953 ], [ -75.349449157714844, 39.274700164794922 ], [ -75.333732604980469, 39.261020660400391 ], [ -75.311241149902344, 39.2412109375 ], [ -75.304290771484375, 39.234760284423828 ], [ -75.301048278808594, 39.231479644775391 ], [ -74.893669128417969, 38.761028289794922 ], [ -74.897430419921875, 38.699859619140625 ], [ -74.899787902832031, 38.696651458740234 ], [ -74.92462158203125, 38.673679351806641 ], [ -74.931838989257812, 38.672470092773438 ] ] ] } },
{ "type": "Feature", "properties": { "cluster_id": 0 }, "geometry": { "type": "Polygon", "coordinates": [ [ [ -75.367996215820312, 39.289669036865234 ], [ -75.371589660644531, 39.291149139404297 ], [ -75.792671203613281, 39.53302001953125 ], [ -75.457389831542969, 39.785308837890625 ], [ -75.422340393066406, 39.804969787597656 ], [ -75.340789794921875, 39.850128173828125 ], [ -75.132858276367188, 39.959400177001953 ], [ -75.13275146484375, 39.958820343017578 ], [ -75.125740051269531, 39.915351867675781 ], [ -75.127487182617188, 39.903419494628906 ], [ -75.367477416992188, 39.289840698242188 ], [ -75.367996215820312, 39.289669036865234 ] ] ] } },
{ "type": "Feature", "properties": { "cluster_id": 194 }, "geometry": { "type": "Polygon", "coordinates": [ [ [ -74.637702941894531, 38.764549255371094 ], [ -74.6395263671875, 38.804279327392578 ], [ -74.536163330078125, 38.809909820556641 ], [ -74.516586303710938, 38.809608459472656 ], [ -74.432579040527344, 38.795280456542969 ], [ -74.439849853515625, 38.787120819091797 ], [ -74.484336853027344, 38.775829315185547 ], [ -74.502761840820312, 38.772258758544922 ], [ -74.524642944335938, 38.768680572509766 ], [ -74.573402404785156, 38.764808654785156 ], [ -74.637702941894531, 38.764549255371094 ] ] ] } },
{ "type": "Feature", "properties": { "cluster_id": 20 }, "geometry": { "type": "Polygon", "coordinates": [ [ [ -74.261161804199219, 39.098880767822266 ], [ -74.268760681152344, 39.0989990234375 ], [ -74.303131103515625, 39.104358673095703 ], [ -74.494758605957031, 39.218349456787109 ], [ -74.503692626953125, 39.224868774414062 ], [ -74.517532348632812, 39.240581512451172 ], [ -74.304283142089844, 39.271579742431641 ], [ -74.290122985839844, 39.267021179199219 ], [ -74.284126281738281, 39.264991760253906 ], [ -74.279762268066406, 39.262519836425781 ], [ -74.2398681640625, 39.239250183105469 ], [ -74.221099853515625, 39.227859497070312 ], [ -74.210968017578125, 39.217819213867188 ], [ -74.206016540527344, 39.171390533447266 ], [ -74.226417541503906, 39.105819702148438 ], [ -74.258468627929688, 39.099010467529297 ], [ -74.261161804199219, 39.098880767822266 ] ] ] } },
{ "type": "Feature", "properties": { "cluster_id": 139 }, "geometry": { "type": "Polygon", "coordinates": [ [ [ -73.704971313476562, 39.62567138671875 ], [ -73.898193359375, 39.625980377197266 ], [ -73.912559509277344, 39.658931732177734 ], [ -73.730850219726562, 39.746849060058594 ], [ -73.696922302246094, 39.763019561767578 ], [ -73.658157348632812, 39.767158508300781 ], [ -73.547630310058594, 39.736568450927734 ], [ -73.541496276855469, 39.734519958496094 ], [ -73.540397644042969, 39.733428955078125 ], [ -73.51837158203125, 39.685920715332031 ], [ -73.514701843261719, 39.673671722412109 ], [ -73.514320373535156, 39.671329498291016 ], [ -73.542922973632812, 39.658321380615234 ], [ -73.625068664550781, 39.62908935546875 ], [ -73.673973083496094, 39.625679016113281 ], [ -73.704971313476562, 39.62567138671875 ] ] ] } },
{ "type": "Feature", "properties": { "cluster_id": 47 }, "geometry": { "type": "Polygon", "coordinates": [ [ [ -73.823097229003906, 40.152408599853516 ], [ -73.829620361328125, 40.154209136962891 ], [ -73.831298828125, 40.154949188232422 ], [ -74.251693725585938, 40.492580413818359 ], [ -74.253486633300781, 40.494411468505859 ], [ -74.257827758789062, 40.501331329345703 ], [ -74.258827209472656, 40.504001617431641 ], [ -74.259002685546875, 40.506999969482422 ], [ -74.254058837890625, 40.540599822998047 ], [ -74.251502990722656, 40.548000335693359 ], [ -74.25067138671875, 40.549831390380859 ], [ -74.200721740722656, 40.633049011230469 ], [ -74.193717956542969, 40.64141845703125 ], [ -74.146141052246094, 40.697338104248047 ], [ -74.00775146484375, 40.768718719482422 ], [ -74.004928588867188, 40.769001007080078 ], [ -73.944168090820312, 40.771999359130859 ], [ -73.287498474121094, 40.486328125 ], [ -73.287063598632812, 40.4798583984375 ], [ -73.743019104003906, 40.156051635742188 ], [ -73.823097229003906, 40.152408599853516 ] ] ] } },
{ "type": "Feature", "properties": { "cluster_id": 249 }, "geometry": { "type": "Polygon", "coordinates": [ [ [ -73.912742614746094, 39.241928100585938 ], [ -73.966026306152344, 39.248020172119141 ], [ -73.962173461914062, 39.267509460449219 ], [ -73.955291748046875, 39.287281036376953 ], [ -73.913673400878906, 39.288749694824219 ], [ -73.902839660644531, 39.28826904296875 ], [ -73.769500732421875, 39.282081604003906 ], [ -73.741012573242188, 39.276081085205078 ], [ -73.742202758789062, 39.271900177001953 ], [ -73.906478881835938, 39.241981506347656 ], [ -73.912742614746094, 39.241928100585938 ] ] ] } },
{ "type": "Feature", "properties": { "cluster_id": 61 }, "geometry": { "type": "Polygon", "coordinates": [ [ [ -75.177383422851562, 34.88262939453125 ], [ -75.348442077636719, 34.883258819580078 ], [ -75.352630615234375, 34.906341552734375 ], [ -75.3421630859375, 35.070781707763672 ], [ -75.240196228027344, 35.195930480957031 ], [ -75.217521667480469, 35.213821411132812 ], [ -75.121696472167969, 35.276481628417969 ], [ -75.052452087402344, 35.310039520263672 ], [ -74.894271850585938, 35.311759948730469 ], [ -74.904312133789062, 35.070148468017578 ], [ -75.131217956542969, 34.885810852050781 ], [ -75.177383422851562, 34.88262939453125 ] ] ] } },
{ "type": "Feature", "properties": { "cluster_id": 244 }, "geometry": { "type": "Polygon", "coordinates": [ [ [ -75.56591796875, 34.787498474121094 ], [ -75.583778381347656, 34.835620880126953 ], [ -75.52490234375, 34.878921508789062 ], [ -75.518829345703125, 34.880901336669922 ], [ -75.442848205566406, 34.876369476318359 ], [ -75.386581420898438, 34.872970581054688 ], [ -75.377449035644531, 34.865680694580078 ], [ -75.355453491210938, 34.840450286865234 ], [ -75.355621337890625, 34.837429046630859 ], [ -75.361183166503906, 34.813911437988281 ], [ -75.377052307128906, 34.799240112304688 ], [ -75.404556274414062, 34.787960052490234 ], [ -75.406089782714844, 34.787681579589844 ], [ -75.56591796875, 34.787498474121094 ] ] ] } },
{ "type": "Feature", "properties": { "cluster_id": 257 }, "geometry": { "type": "Polygon", "coordinates": [ [ [ -77.435928344726562, 33.347850799560547 ], [ -77.506622314453125, 33.349418640136719 ], [ -77.573173522949219, 33.364879608154297 ], [ -77.6490478515625, 33.395401000976562 ], [ -77.628890991210938, 33.440021514892578 ], [ -77.487327575683594, 33.441669464111328 ], [ -77.460563659667969, 33.423118591308594 ], [ -77.427276611328125, 33.388431549072266 ], [ -77.428016662597656, 33.362991333007812 ], [ -77.432052612304688, 33.3489990234375 ], [ -77.435928344726562, 33.347850799560547 ] ] ] } },
{ "type": "Feature", "properties": { "cluster_id": 49 }, "geometry": { "type": "Polygon", "coordinates": [ [ [ -79.529052734375, 32.437931060791016 ], [ -79.628021240234375, 32.441448211669922 ], [ -79.633872985839844, 32.44451904296875 ], [ -79.923370361328125, 32.780780792236328 ], [ -79.965057373046875, 32.872501373291016 ], [ -79.965950012207031, 32.875911712646484 ], [ -79.966522216796875, 32.879890441894531 ], [ -79.966087341308594, 32.884368896484375 ], [ -79.965423583984375, 32.887569427490234 ], [ -79.964027404785156, 32.892940521240234 ], [ -79.963493347167969, 32.894760131835938 ], [ -79.960922241210938, 32.900600433349609 ], [ -79.960800170898438, 32.900848388671875 ], [ -79.960472106933594, 32.901130676269531 ], [ -79.958419799804688, 32.902881622314453 ], [ -79.954849243164062, 32.905311584472656 ], [ -79.951812744140625, 32.907188415527344 ], [ -79.950302124023438, 32.907730102539062 ], [ -79.943038940429688, 32.909351348876953 ], [ -79.942947387695312, 32.909351348876953 ], [ -79.046112060546875, 32.626228332519531 ], [ -79.050117492675781, 32.607421875 ], [ -79.056251525878906, 32.603378295898438 ], [ -79.286270141601562, 32.453678131103516 ], [ -79.308326721191406, 32.442550659179688 ], [ -79.529052734375, 32.437931060791016 ] ] ] } },
{ "type": "Feature", "properties": { "cluster_id": 128 }, "geometry": { "type": "Polygon", "coordinates": [ [ [ -79.643577575683594, 32.293949127197266 ], [ -79.726371765136719, 32.30059814453125 ], [ -79.710128784179688, 32.334251403808594 ], [ -79.685829162597656, 32.340328216552734 ], [ -79.613800048828125, 32.338699340820312 ], [ -79.573768615722656, 32.330379486083984 ], [ -79.503799438476562, 32.308860778808594 ], [ -79.643577575683594, 32.293949127197266 ] ] ] } },
{ "type": "Feature", "properties": { "cluster_id": 59 }, "geometry": { "type": "Polygon", "coordinates": [ [ [ -79.850059509277344, 32.201858520507812 ], [ -79.954261779785156, 32.222789764404297 ], [ -79.926856994628906, 32.245368957519531 ], [ -79.895980834960938, 32.245449066162109 ], [ -79.795639038085938, 32.242938995361328 ], [ -79.769599914550781, 32.229900360107422 ], [ -79.761383056640625, 32.211101531982422 ], [ -79.815948486328125, 32.203178405761719 ], [ -79.850059509277344, 32.201858520507812 ] ] ] } },
{ "type": "Feature", "properties": { "cluster_id": 10 }, "geometry": { "type": "Polygon", "coordinates": [ [ [ -80.628166198730469, 31.814779281616211 ], [ -81.094230651855469, 32.084201812744141 ], [ -81.0989990234375, 32.087329864501953 ], [ -81.113868713378906, 32.101341247558594 ], [ -81.008186340332031, 32.101779937744141 ], [ -80.010772705078125, 32.101070404052734 ], [ -79.999710083007812, 32.096378326416016 ], [ -79.963172912597656, 32.058670043945312 ], [ -79.96600341796875, 32.051471710205078 ], [ -79.988059997558594, 32.011631011962891 ], [ -80.033973693847656, 31.976129531860352 ], [ -80.212997436523438, 31.891170501708984 ], [ -80.431968688964844, 31.816120147705078 ], [ -80.628166198730469, 31.814779281616211 ] ] ] } },
{ "type": "Feature", "properties": { "cluster_id": 212 }, "geometry": { "type": "Polygon", "coordinates": [ [ [ -81.114616394042969, 32.1019287109375 ], [ -81.116470336914062, 32.102199554443359 ], [ -81.116500854492188, 32.102218627929688 ], [ -81.116676330566406, 32.102378845214844 ], [ -81.11669921875, 32.102401733398438 ], [ -81.132347106933594, 32.118900299072266 ], [ -81.140678405761719, 32.129920959472656 ], [ -81.142730712890625, 32.134971618652344 ], [ -81.143096923828125, 32.138721466064453 ], [ -81.142486572265625, 32.138931274414062 ], [ -81.142196655273438, 32.138999938964844 ], [ -81.1368408203125, 32.131938934326172 ], [ -81.114723205566406, 32.102218627929688 ], [ -81.114616394042969, 32.1019287109375 ] ] ] } },
{ "type": "Feature", "properties": { "cluster_id": 68 }, "geometry": { "type": "Polygon", "coordinates": [ [ [ -80.48822021484375, 31.479730606079102 ], [ -80.519271850585938, 31.482120513916016 ], [ -80.620429992675781, 31.502710342407227 ], [ -80.652099609375, 31.509880065917969 ], [ -80.621620178222656, 31.514690399169922 ], [ -80.507476806640625, 31.525999069213867 ], [ -80.44970703125, 31.517789840698242 ], [ -80.447502136230469, 31.509670257568359 ], [ -80.461502075195312, 31.482000350952148 ], [ -80.48822021484375, 31.479730606079102 ] ] ] } },
{ "type": "Feature", "properties": { "cluster_id": 158 }, "geometry": { "type": "Polygon", "coordinates": [ [ [ -79.899169921875, 27.646129608154297 ], [ -79.930496215820312, 27.655330657958984 ], [ -79.947776794433594, 27.675020217895508 ], [ -79.961166381835938, 27.698749542236328 ], [ -79.959907531738281, 27.719459533691406 ], [ -79.945487976074219, 27.730819702148438 ], [ -79.863250732421875, 27.733230590820312 ], [ -79.764106750488281, 27.723220825195312 ], [ -79.771232604980469, 27.691530227661133 ], [ -79.821868896484375, 27.660400390625 ], [ -79.848899841308594, 27.651880264282227 ], [ -79.899169921875, 27.646129608154297 ] ] ] } },
{ "type": "Feature", "properties": { "cluster_id": 123 }, "geometry": { "type": "Polygon", "coordinates": [ [ [ -79.813880920410156, 27.552730560302734 ], [ -79.883369445800781, 27.556730270385742 ], [ -79.913803100585938, 27.561149597167969 ], [ -79.92120361328125, 27.595180511474609 ], [ -79.881950378417969, 27.595779418945312 ], [ -79.816078186035156, 27.596080780029297 ], [ -79.741653442382812, 27.593179702758789 ], [ -79.743202209472656, 27.583349227905273 ], [ -79.813880920410156, 27.552730560302734 ] ] ] } },
{ "type": "Feature", "properties": { "cluster_id": 254 }, "geometry": { "type": "Polygon", "coordinates": [ [ [ -79.917778015136719, 26.351650238037109 ], [ -79.934478759765625, 26.357549667358398 ], [ -79.956016540527344, 26.382419586181641 ], [ -79.956253051757812, 26.39369010925293 ], [ -79.858360290527344, 26.397300720214844 ], [ -79.824607849121094, 26.396650314331055 ], [ -79.773918151855469, 26.393730163574219 ], [ -79.738372802734375, 26.387430191040039 ], [ -79.77001953125, 26.352619171142578 ], [ -79.917778015136719, 26.351650238037109 ] ] ] } },
{ "type": "Feature", "properties": { "cluster_id": 231 }, "geometry": { "type": "Polygon", "coordinates": [ [ [ -79.784599304199219, 26.263900756835938 ], [ -79.95562744140625, 26.266450881958008 ], [ -79.955230712890625, 26.272029876708984 ], [ -79.923698425292969, 26.303730010986328 ], [ -79.913803100585938, 26.303499221801758 ], [ -79.823051452636719, 26.300870895385742 ], [ -79.780769348144531, 26.28196907043457 ], [ -79.75689697265625, 26.269119262695312 ], [ -79.780052185058594, 26.263969421386719 ], [ -79.784599304199219, 26.263900756835938 ] ] ] } },
{ "type": "Feature", "properties": { "cluster_id": 24 }, "geometry": { "type": "Polygon", "coordinates": [ [ [ -81.972618103027344, 23.668319702148438 ], [ -82.294029235839844, 23.669500350952148 ], [ -82.483238220214844, 23.670209884643555 ], [ -82.487129211425781, 23.675270080566406 ], [ -82.496788024902344, 23.750209808349609 ], [ -82.484413146972656, 23.761600494384766 ], [ -81.786331176757812, 23.845169067382812 ], [ -81.768692016601562, 23.847190856933594 ], [ -81.227882385253906, 23.904050827026367 ], [ -81.193443298339844, 23.904300689697266 ], [ -81.138717651367188, 23.904319763183594 ], [ -81.115081787109375, 23.892669677734375 ], [ -81.133468627929688, 23.830360412597656 ], [ -81.165802001953125, 23.796529769897461 ], [ -81.219017028808594, 23.764219284057617 ], [ -81.412017822265625, 23.716680526733398 ], [ -81.604621887207031, 23.681909561157227 ], [ -81.810470581054688, 23.671560287475586 ], [ -81.972618103027344, 23.668319702148438 ] ] ] } },
{ "type": "Feature", "properties": { "cluster_id": 19 }, "geometry": { "type": "Polygon", "coordinates": [ [ [ -130.339187622070312, 54.146739959716797 ], [ -130.619369506835938, 54.228618621826172 ], [ -130.609527587890625, 54.237339019775391 ], [ -130.27215576171875, 54.355918884277344 ], [ -130.2667236328125, 54.356170654296875 ], [ -130.265731811523438, 54.355148315429688 ], [ -130.250747680664062, 54.312648773193359 ], [ -130.250717163085938, 54.312198638916016 ], [ -130.320907592773438, 54.146881103515625 ], [ -130.339187622070312, 54.146739959716797 ] ] ] } },
{ "type": "Feature", "properties": { "cluster_id": 175 }, "geometry": { "type": "Polygon", "coordinates": [ [ [ -66.882362365722656, 17.77461051940918 ], [ -66.960487365722656, 17.774740219116211 ], [ -67.258163452148438, 17.783489227294922 ], [ -67.273979187011719, 17.799089431762695 ], [ -67.272987365722656, 17.821910858154297 ], [ -66.717796325683594, 17.819509506225586 ], [ -66.612937927246094, 17.80718994140625 ], [ -66.605110168457031, 17.795440673828125 ], [ -66.622032165527344, 17.780500411987305 ], [ -66.625419616699219, 17.778589248657227 ], [ -66.853416442871094, 17.774639129638672 ], [ -66.882362365722656, 17.77461051940918 ] ] ] } },
{ "type": "Feature", "properties": { "cluster_id": 144 }, "geometry": { "type": "Polygon", "coordinates": [ [ [ -67.314109802246094, 17.823930740356445 ], [ -67.368339538574219, 17.826139450073242 ], [ -67.464210510253906, 17.830959320068359 ], [ -67.516067504882812, 17.844030380249023 ], [ -67.508331298828125, 17.870140075683594 ], [ -67.371711730957031, 17.863319396972656 ], [ -67.325447082519531, 17.858919143676758 ], [ -67.29296875, 17.831319808959961 ], [ -67.314109802246094, 17.823930740356445 ] ] ] } },
{ "type": "Feature", "properties": { "cluster_id": 69 }, "geometry": { "type": "Polygon", "coordinates": [ [ [ -68.588790893554688, 17.918209075927734 ], [ -68.63385009765625, 17.937170028686523 ], [ -68.669448852539062, 17.958410263061523 ], [ -68.667396545410156, 18.058500289916992 ], [ -68.352859497070312, 18.157079696655273 ], [ -68.211082458496094, 18.155349731445312 ], [ -68.210472106933594, 18.148870468139648 ], [ -68.210739135742188, 17.918590545654297 ], [ -68.588790893554688, 17.918209075927734 ] ] ] } },
{ "type": "Feature", "properties": { "cluster_id": 259 }, "geometry": { "type": "Polygon", "coordinates": [ [ [ -67.634620666503906, 18.398820877075195 ], [ -67.699287414550781, 18.399770736694336 ], [ -67.744827270507812, 18.404869079589844 ], [ -67.743072509765625, 18.428400039672852 ], [ -67.648216247558594, 18.445180892944336 ], [ -67.545021057128906, 18.434959411621094 ], [ -67.531059265136719, 18.4310302734375 ], [ -67.54827880859375, 18.422660827636719 ], [ -67.576179504394531, 18.409629821777344 ], [ -67.602500915527344, 18.403690338134766 ], [ -67.607696533203125, 18.402700424194336 ], [ -67.634620666503906, 18.398820877075195 ] ] ] } },
{ "type": "Feature", "properties": { "cluster_id": 153 }, "geometry": { "type": "Polygon", "coordinates": [ [ [ -66.016899108886719, 17.823389053344727 ], [ -66.108001708984375, 17.857070922851562 ], [ -66.057151794433594, 17.869350433349609 ], [ -66.014747619628906, 17.859830856323242 ], [ -65.971969604492188, 17.837970733642578 ], [ -65.963226318359375, 17.832229614257812 ], [ -65.962257385253906, 17.83152961730957 ], [ -65.962196350097656, 17.830320358276367 ], [ -65.964569091796875, 17.824319839477539 ], [ -66.016899108886719, 17.823389053344727 ] ] ] } },
{ "type": "Feature", "properties": { "cluster_id": 122 }, "geometry": { "type": "Polygon", "coordinates": [ [ [ -77.434440612792969, 25.785499572753906 ], [ -77.651329040527344, 25.789670944213867 ], [ -77.886482238769531, 25.863079071044922 ], [ -78.110481262207031, 25.944269180297852 ], [ -78.107933044433594, 25.953269958496094 ], [ -78.087081909179688, 25.961050033569336 ], [ -78.043777465820312, 25.9681396484375 ], [ -77.712173461914062, 25.968120574951172 ], [ -77.696823120117188, 25.962320327758789 ], [ -77.442047119140625, 25.836599349975586 ], [ -77.434440612792969, 25.785499572753906 ] ] ] } },
{ "type": "Feature", "properties": { "cluster_id": 172 }, "geometry": { "type": "Polygon", "coordinates": [ [ [ -78.091102600097656, 25.7977294921875 ], [ -78.091567993164062, 25.797769546508789 ], [ -78.091949462890625, 25.797910690307617 ], [ -78.104347229003906, 25.803329467773438 ], [ -78.106697082519531, 25.804460525512695 ], [ -78.106842041015625, 25.816080093383789 ], [ -78.10601806640625, 25.81743049621582 ], [ -77.936378479003906, 25.824129104614258 ], [ -77.935752868652344, 25.824079513549805 ], [ -78.090370178222656, 25.797769546508789 ], [ -78.0909423828125, 25.7977294921875 ], [ -78.091102600097656, 25.7977294921875 ] ] ] } },
{ "type": "Feature", "properties": { "cluster_id": 256 }, "geometry": { "type": "Polygon", "coordinates": [ [ [ -78.119926452636719, 25.969699859619141 ], [ -78.210868835449219, 25.970779418945312 ], [ -78.288581848144531, 25.974420547485352 ], [ -78.292503356933594, 25.974679946899414 ], [ -78.318466186523438, 25.97681999206543 ], [ -78.323577880859375, 25.988130569458008 ], [ -78.347099304199219, 26.040830612182617 ], [ -78.332832336425781, 26.056179046630859 ], [ -78.225883483886719, 26.060400009155273 ], [ -78.141799926757812, 26.026649475097656 ], [ -78.135627746582031, 26.018169403076172 ], [ -78.124298095703125, 25.986249923706055 ], [ -78.119926452636719, 25.969699859619141 ] ] ] } },
{ "type": "Feature", "properties": { "cluster_id": 179 }, "geometry": { "type": "Polygon", "coordinates": [ [ [ -78.480003356933594, 26.064680099487305 ], [ -78.569648742675781, 26.07206916809082 ], [ -78.575431823730469, 26.106180191040039 ], [ -78.561897277832031, 26.111429214477539 ], [ -78.419342041015625, 26.108530044555664 ], [ -78.372711181640625, 26.095369338989258 ], [ -78.361549377441406, 26.064720153808594 ], [ -78.480003356933594, 26.064680099487305 ] ] ] } },
{ "type": "Feature", "properties": { "cluster_id": 43 }, "geometry": { "type": "Polygon", "coordinates": [ [ [ -122.735618591308594, 45.566761016845703 ], [ -122.737861633300781, 45.567119598388672 ], [ -122.766181945800781, 45.585601806640625 ], [ -122.770278930664062, 45.588691711425781 ], [ -122.775108337402344, 45.593418121337891 ], [ -122.779533386230469, 45.598709106445312 ], [ -122.787338256835938, 45.612049102783203 ], [ -122.788749694824219, 45.614601135253906 ], [ -122.790496826171875, 45.618968963623047 ], [ -122.791511535644531, 45.622398376464844 ], [ -122.791717529296875, 45.625801086425781 ], [ -122.791358947753906, 45.628208160400391 ], [ -122.774711608886719, 45.696109771728516 ], [ -122.770156860351562, 45.707241058349609 ], [ -122.768753051757812, 45.710441589355469 ], [ -122.695449829101562, 45.630210876464844 ], [ -122.731971740722656, 45.566978454589844 ], [ -122.732948303222656, 45.566879272460938 ], [ -122.735618591308594, 45.566761016845703 ] ] ] } },
{ "type": "Feature", "properties": { "cluster_id": 103 }, "geometry": { "type": "Polygon", "coordinates": [ [ [ -122.761268615722656, 45.760299682617188 ], [ -122.792953491210938, 45.80548095703125 ], [ -122.795799255371094, 45.811069488525391 ], [ -122.796760559082031, 45.815319061279297 ], [ -122.810096740722656, 45.909599304199219 ], [ -122.810028076171875, 45.912319183349609 ], [ -122.807266235351562, 45.948600769042969 ], [ -122.806350708007812, 45.948928833007812 ], [ -122.805671691894531, 45.947879791259766 ], [ -122.783729553222656, 45.862209320068359 ], [ -122.760879516601562, 45.762790679931641 ], [ -122.761268615722656, 45.760299682617188 ] ] ] } },
{ "type": "Feature", "properties": { "cluster_id": 170 }, "geometry": { "type": "Polygon", "coordinates": [ [ [ -122.85162353515625, 46.006969451904297 ], [ -123.027778625488281, 46.141471862792969 ], [ -123.026298522949219, 46.141078948974609 ], [ -123.013748168945312, 46.137020111083984 ], [ -123.009780883789062, 46.135711669921875 ], [ -123.007087707519531, 46.134441375732422 ], [ -122.907997131347656, 46.086551666259766 ], [ -122.901939392089844, 46.083301544189453 ], [ -122.89801025390625, 46.080791473388672 ], [ -122.895332336425781, 46.078571319580078 ], [ -122.891769409179688, 46.074871063232422 ], [ -122.888412475585938, 46.071361541748047 ], [ -122.886947631835938, 46.069320678710938 ], [ -122.883857727050781, 46.064018249511719 ], [ -122.853569030761719, 46.0111083984375 ], [ -122.85162353515625, 46.006969451904297 ] ] ] } },
{ "type": "Feature", "properties": { "cluster_id": 34 }, "geometry": { "type": "Polygon", "coordinates": [ [ [ -123.336051940917969, 46.141780853271484 ], [ -123.344779968261719, 46.141998291015625 ], [ -123.352630615234375, 46.142921447753906 ], [ -123.358482360839844, 46.143878936767578 ], [ -123.381599426269531, 46.147769927978516 ], [ -123.38739013671875, 46.148960113525391 ], [ -123.701622009277344, 46.243839263916016 ], [ -123.694129943847656, 46.247409820556641 ], [ -123.690231323242188, 46.249259948730469 ], [ -123.669960021972656, 46.254878997802734 ], [ -123.65203857421875, 46.259380340576172 ], [ -123.646751403808594, 46.260288238525391 ], [ -123.492683410644531, 46.272998809814453 ], [ -123.48187255859375, 46.272750854492188 ], [ -123.475021362304688, 46.271530151367188 ], [ -123.122512817382812, 46.186458587646484 ], [ -123.119941711425781, 46.185829162597656 ], [ -123.054656982421875, 46.15557861328125 ], [ -123.05352783203125, 46.154708862304688 ], [ -123.053962707519531, 46.154251098632812 ], [ -123.307716369628906, 46.142169952392578 ], [ -123.315338134765625, 46.141998291015625 ], [ -123.317619323730469, 46.141960144042969 ], [ -123.336051940917969, 46.141780853271484 ] ] ] } },
{ "type": "Feature", "properties": { "cluster_id": 18 }, "geometry": { "type": "Polygon", "coordinates": [ [ [ -123.9102783203125, 46.189800262451172 ], [ -124.202438354492188, 46.190620422363281 ], [ -124.361618041992188, 46.239109039306641 ], [ -124.432083129882812, 46.272281646728516 ], [ -124.432426452636719, 46.272750854492188 ], [ -124.433731079101562, 46.300678253173828 ], [ -124.428390502929688, 46.317409515380859 ], [ -124.42437744140625, 46.319618225097656 ], [ -124.422340393066406, 46.319900512695312 ], [ -124.312599182128906, 46.320400238037109 ], [ -123.753471374511719, 46.221748352050781 ], [ -123.759170532226562, 46.219409942626953 ], [ -123.825813293457031, 46.194969177246094 ], [ -123.83251953125, 46.193901062011719 ], [ -123.898406982421875, 46.18988037109375 ], [ -123.9102783203125, 46.189800262451172 ] ] ] } },
{ "type": "Feature", "properties": { "cluster_id": 183 }, "geometry": { "type": "Polygon", "coordinates": [ [ [ -124.297111511230469, 46.146820068359375 ], [ -124.35980224609375, 46.151241302490234 ], [ -124.428802490234375, 46.166130065917969 ], [ -124.427757263183594, 46.184211730957031 ], [ -124.321136474609375, 46.187789916992188 ], [ -124.25140380859375, 46.18927001953125 ], [ -124.205909729003906, 46.185279846191406 ], [ -124.218399047851562, 46.160671234130859 ], [ -124.297111511230469, 46.146820068359375 ] ] ] } },
{ "type": "Feature", "properties": { "cluster_id": 117 }, "geometry": { "type": "Polygon", "coordinates": [ [ [ -75.121330261230469, 39.966701507568359 ], [ -75.052581787109375, 40.007579803466797 ], [ -75.051467895507812, 40.007888793945312 ], [ -75.06353759765625, 39.987991333007812 ], [ -75.06494140625, 39.986419677734375 ], [ -75.065879821777344, 39.985389709472656 ], [ -75.07135009765625, 39.980350494384766 ], [ -75.073158264160156, 39.979301452636719 ], [ -75.077430725097656, 39.977241516113281 ], [ -75.121330261230469, 39.966701507568359 ] ] ] } },
{ "type": "Feature", "properties": { "cluster_id": 233 }, "geometry": { "type": "Polygon", "coordinates": [ [ [ -74.888389587402344, 40.077598571777344 ], [ -74.826683044433594, 40.124908447265625 ], [ -74.824569702148438, 40.126449584960938 ], [ -74.819938659667969, 40.127918243408203 ], [ -74.754989624023438, 40.139381408691406 ], [ -74.752922058105469, 40.135719299316406 ], [ -74.780998229980469, 40.122039794921875 ], [ -74.862998962402344, 40.082759857177734 ], [ -74.864921569824219, 40.081951141357422 ], [ -74.866127014160156, 40.081470489501953 ], [ -74.888092041015625, 40.077640533447266 ], [ -74.888389587402344, 40.077598571777344 ] ] ] } },
{ "type": "Feature", "properties": { "cluster_id": 265 }, "geometry": { "type": "Polygon", "coordinates": [ [ [ -81.043601989746094, 23.957420349121094 ], [ -81.073776245117188, 23.958530426025391 ], [ -81.086647033691406, 23.961679458618164 ], [ -81.076431274414062, 23.992879867553711 ], [ -80.922080993652344, 24.003299713134766 ], [ -80.890632629394531, 24.001279830932617 ], [ -80.8897705078125, 23.9593505859375 ], [ -81.043601989746094, 23.957420349121094 ] ] ] } },
{ "type": "Feature", "properties": { "cluster_id": 63 }, "geometry": { "type": "Polygon", "coordinates": [ [ [ -81.229522705078125, 30.332229614257812 ], [ -81.62158203125, 30.338949203491211 ], [ -81.629936218261719, 30.375520706176758 ], [ -81.629142761230469, 30.380289077758789 ], [ -81.628303527832031, 30.383089065551758 ], [ -81.624748229980469, 30.393930435180664 ], [ -81.622840881347656, 30.396560668945312 ], [ -81.621116638183594, 30.397680282592773 ], [ -81.617340087890625, 30.399919509887695 ], [ -81.612640380859375, 30.40233039855957 ], [ -81.605873107910156, 30.405769348144531 ], [ -81.600578308105469, 30.408340454101562 ], [ -81.598381042480469, 30.409290313720703 ], [ -81.596656799316406, 30.409999847412109 ], [ -81.593406677246094, 30.410589218139648 ], [ -81.283218383789062, 30.444229125976562 ], [ -80.946136474609375, 30.420160293579102 ], [ -81.009841918945312, 30.377689361572266 ], [ -81.229522705078125, 30.332229614257812 ] ] ] } },
{ "type": "Feature", "properties": { "cluster_id": 109 }, "geometry": { "type": "Polygon", "coordinates": [ [ [ -80.053703308105469, 27.885290145874023 ], [ -80.100532531738281, 27.887849807739258 ], [ -80.172203063964844, 27.895000457763672 ], [ -80.186981201171875, 27.931320190429688 ], [ -80.174301147460938, 27.95142936706543 ], [ -80.138221740722656, 27.979930877685547 ], [ -80.026260375976562, 27.980039596557617 ], [ -79.977241516113281, 27.948789596557617 ], [ -79.975318908691406, 27.936429977416992 ], [ -79.969329833984375, 27.890670776367188 ], [ -80.053703308105469, 27.885290145874023 ] ] ] } },
{ "type": "Feature", "properties": { "cluster_id": 99 }, "geometry": { "type": "Polygon", "coordinates": [ [ [ -78.186073303222656, 33.494411468505859 ], [ -78.242156982421875, 33.500690460205078 ], [ -78.285507202148438, 33.513248443603516 ], [ -78.278121948242188, 33.545520782470703 ], [ -78.272079467773438, 33.5655517578125 ], [ -78.261268615722656, 33.579261779785156 ], [ -78.247337341308594, 33.584671020507812 ], [ -78.121078491210938, 33.566471099853516 ], [ -78.119819641113281, 33.519420623779297 ], [ -78.132186889648438, 33.498100280761719 ], [ -78.186073303222656, 33.494411468505859 ] ] ] } },
{ "type": "Feature", "properties": { "cluster_id": 46 }, "geometry": { "type": "Polygon", "coordinates": [ [ [ -78.075408935546875, 33.732089996337891 ], [ -78.099456787109375, 33.734348297119141 ], [ -78.107002258300781, 33.739021301269531 ], [ -78.107681274414062, 33.784599304199219 ], [ -78.106849670410156, 33.79071044921875 ], [ -78.020370483398438, 33.910419464111328 ], [ -77.939857482910156, 34.016250610351562 ], [ -77.939720153808594, 34.016258239746094 ], [ -77.939727783203125, 34.013660430908203 ], [ -77.939826965332031, 34.011341094970703 ], [ -77.948692321777344, 33.971481323242188 ], [ -77.95025634765625, 33.967720031738281 ], [ -78.041641235351562, 33.769229888916016 ], [ -78.042930603027344, 33.766651153564453 ], [ -78.075408935546875, 33.732089996337891 ] ] ] } },
{ "type": "Feature", "properties": { "cluster_id": 95 }, "geometry": { "type": "Polygon", "coordinates": [ [ [ -77.934822082519531, 34.068958282470703 ], [ -77.960823059082031, 34.1610107421875 ], [ -77.96099853515625, 34.162330627441406 ], [ -77.960868835449219, 34.165321350097656 ], [ -77.957588195800781, 34.209918975830078 ], [ -77.955909729003906, 34.209980010986328 ], [ -77.935188293457031, 34.125049591064453 ], [ -77.93499755859375, 34.122829437255859 ], [ -77.932357788085938, 34.075790405273438 ], [ -77.934822082519531, 34.068958282470703 ] ] ] } },
{ "type": "Feature", "properties": { "cluster_id": 45 }, "geometry": { "type": "Polygon", "coordinates": [ [ [ -76.099296569824219, 34.116729736328125 ], [ -76.241371154785156, 34.121849060058594 ], [ -76.257408142089844, 34.136959075927734 ], [ -76.253517150878906, 34.188510894775391 ], [ -76.238021850585938, 34.200420379638672 ], [ -76.171180725097656, 34.207500457763672 ], [ -76.141983032226562, 34.204929351806641 ], [ -76.10089111328125, 34.195919036865234 ], [ -76.064346313476562, 34.183200836181641 ], [ -76.049369812011719, 34.165519714355469 ], [ -76.045196533203125, 34.139900207519531 ], [ -76.054222106933594, 34.131729125976562 ], [ -76.099296569824219, 34.116729736328125 ] ] ] } },
{ "type": "Feature", "properties": { "cluster_id": 186 }, "geometry": { "type": "Polygon", "coordinates": [ [ [ -123.097900390625, 37.373859405517578 ], [ -123.134002685546875, 37.375831604003906 ], [ -123.247756958007812, 37.395748138427734 ], [ -123.232917785644531, 37.410530090332031 ], [ -123.229141235351562, 37.413860321044922 ], [ -123.083183288574219, 37.414688110351562 ], [ -123.055999755859375, 37.412998199462891 ], [ -123.053672790527344, 37.404830932617188 ], [ -123.055740356445312, 37.384639739990234 ], [ -123.097900390625, 37.373859405517578 ] ] ] } },
{ "type": "Feature", "properties": { "cluster_id": 220 }, "geometry": { "type": "Polygon", "coordinates": [ [ [ -123.121330261230469, 37.471828460693359 ], [ -123.228569030761719, 37.480289459228516 ], [ -123.276199340820312, 37.4918212890625 ], [ -123.210670471191406, 37.557781219482422 ], [ -123.083892822265625, 37.563968658447266 ], [ -123.080650329589844, 37.564071655273438 ], [ -123.066360473632812, 37.562480926513672 ], [ -123.059333801269531, 37.549381256103516 ], [ -123.055183410644531, 37.530860900878906 ], [ -123.062538146972656, 37.472110748291016 ], [ -123.121330261230469, 37.471828460693359 ] ] ] } },
{ "type": "Feature", "properties": { "cluster_id": 160 }, "geometry": { "type": "Polygon", "coordinates": [ [ [ -120.112930297851562, 33.635231018066406 ], [ -120.214820861816406, 33.636371612548828 ], [ -120.247146606445312, 33.639919281005859 ], [ -120.254631042480469, 33.641761779785156 ], [ -120.264381408691406, 33.645809173583984 ], [ -120.277481079101562, 33.655559539794922 ], [ -120.273826599121094, 33.667098999023438 ], [ -120.162330627441406, 33.679668426513672 ], [ -120.09716796875, 33.678501129150391 ], [ -120.079277038574219, 33.652599334716797 ], [ -120.070953369140625, 33.638118743896484 ], [ -120.112930297851562, 33.635231018066406 ] ] ] } },
{ "type": "Feature", "properties": { "cluster_id": 157 }, "geometry": { "type": "Polygon", "coordinates": [ [ [ -80.905403137207031, 29.036539077758789 ], [ -80.931907653808594, 29.059640884399414 ], [ -80.932022094726562, 29.059879302978516 ], [ -80.932258605957031, 29.060609817504883 ], [ -80.918853759765625, 29.077310562133789 ], [ -80.900360107421875, 29.080949783325195 ], [ -80.904830932617188, 29.041170120239258 ], [ -80.905166625976562, 29.038450241088867 ], [ -80.905403137207031, 29.036539077758789 ] ] ] } },
{ "type": "Feature", "properties": { "cluster_id": 89 }, "geometry": { "type": "Polygon", "coordinates": [ [ [ -80.433853149414062, 28.277280807495117 ], [ -80.724533081054688, 28.370689392089844 ], [ -80.734672546386719, 28.391239166259766 ], [ -80.735557556152344, 28.393999099731445 ], [ -80.735923767089844, 28.407659530639648 ], [ -80.638877868652344, 28.455610275268555 ], [ -80.638587951660156, 28.45564079284668 ], [ -80.429496765136719, 28.359830856323242 ], [ -80.422920227050781, 28.330120086669922 ], [ -80.423370361328125, 28.290279388427734 ], [ -80.425102233886719, 28.287979125976562 ], [ -80.433853149414062, 28.277280807495117 ] ] ] } },
{ "type": "Feature", "properties": { "cluster_id": 232 }, "geometry": { "type": "Polygon", "coordinates": [ [ [ -92.329010009765625, 27.646640777587891 ], [ -92.354087829589844, 27.651609420776367 ], [ -92.387062072753906, 27.65880012512207 ], [ -92.404838562011719, 27.669559478759766 ], [ -92.390289306640625, 27.686830520629883 ], [ -92.3779296875, 27.691299438476562 ], [ -92.229949951171875, 27.688699722290039 ], [ -92.189338684082031, 27.687870025634766 ], [ -92.179656982421875, 27.666479110717773 ], [ -92.197837829589844, 27.662990570068359 ], [ -92.329010009765625, 27.646640777587891 ] ] ] } },
{ "type": "Feature", "properties": { "cluster_id": 245 }, "geometry": { "type": "Polygon", "coordinates": [ [ [ -91.404098510742188, 27.265689849853516 ], [ -91.450218200683594, 27.266149520874023 ], [ -91.452560424804688, 27.266300201416016 ], [ -91.457160949707031, 27.268220901489258 ], [ -91.47015380859375, 27.275270462036133 ], [ -91.480758666992188, 27.28809928894043 ], [ -91.479393005371094, 27.304849624633789 ], [ -91.452049255371094, 27.305839538574219 ], [ -91.283851623535156, 27.301959991455078 ], [ -91.387283325195312, 27.267730712890625 ], [ -91.404098510742188, 27.265689849853516 ] ] ] } },
{ "type": "Feature", "properties": { "cluster_id": 140 }, "geometry": { "type": "Polygon", "coordinates": [ [ [ -88.885421752929688, 27.84330940246582 ], [ -88.919181823730469, 27.852750778198242 ], [ -88.943702697753906, 27.883499145507812 ], [ -88.896919250488281, 27.926380157470703 ], [ -88.841339111328125, 27.92848014831543 ], [ -88.810623168945312, 27.918519973754883 ], [ -88.775459289550781, 27.899929046630859 ], [ -88.759567260742188, 27.881059646606445 ], [ -88.759490966796875, 27.851579666137695 ], [ -88.833808898925781, 27.844970703125 ], [ -88.885421752929688, 27.84330940246582 ] ] ] } },
{ "type": "Feature", "properties": { "cluster_id": 207 }, "geometry": { "type": "Polygon", "coordinates": [ [ [ -151.388809204101562, 59.614620208740234 ], [ -151.391433715820312, 59.621559143066406 ], [ -151.391143798828125, 59.621658325195312 ], [ -151.389144897460938, 59.622261047363281 ], [ -151.387481689453125, 59.62213134765625 ], [ -151.385787963867188, 59.621891021728516 ], [ -151.384262084960938, 59.620861053466797 ], [ -151.385086059570312, 59.617378234863281 ], [ -151.3863525390625, 59.615749359130859 ], [ -151.388809204101562, 59.614620208740234 ] ] ] } },
{ "type": "Feature", "properties": { "cluster_id": 125 }, "geometry": { "type": "Polygon", "coordinates": [ [ [ -164.078826904296875, 54.242710113525391 ], [ -164.158843994140625, 54.246681213378906 ], [ -164.233413696289062, 54.250461578369141 ], [ -164.25152587890625, 54.255451202392578 ], [ -164.271759033203125, 54.261329650878906 ], [ -164.236312866210938, 54.279979705810547 ], [ -164.096908569335938, 54.284019470214844 ], [ -164.078506469726562, 54.282489776611328 ], [ -164.073211669921875, 54.249240875244141 ], [ -164.075820922851562, 54.244678497314453 ], [ -164.078826904296875, 54.242710113525391 ] ] ] } },
{ "type": "Feature", "properties": { "cluster_id": 56 }, "geometry": { "type": "Polygon", "coordinates": [ [ [ -88.114189147949219, 29.75469970703125 ], [ -88.256843566894531, 29.762500762939453 ], [ -88.480201721191406, 29.830400466918945 ], [ -88.51708984375, 29.855480194091797 ], [ -88.52691650390625, 29.865659713745117 ], [ -88.527137756347656, 29.866199493408203 ], [ -88.525970458984375, 29.871669769287109 ], [ -88.525718688964844, 29.872390747070312 ], [ -88.447731018066406, 30.037590026855469 ], [ -88.035881042480469, 30.274499893188477 ], [ -87.952880859375, 30.046480178833008 ], [ -88.114189147949219, 29.75469970703125 ] ] ] } },
{ "type": "Feature", "properties": { "cluster_id": 174 }, "geometry": { "type": "Polygon", "coordinates": [ [ [ -88.492462158203125, 30.092769622802734 ], [ -88.659942626953125, 30.095249176025391 ], [ -88.931259155273438, 30.124130249023438 ], [ -88.935417175292969, 30.125869750976562 ], [ -88.939781188964844, 30.129610061645508 ], [ -88.944572448730469, 30.135440826416016 ], [ -88.945869445800781, 30.137079238891602 ], [ -88.864189147949219, 30.137119293212891 ], [ -88.531219482421875, 30.135099411010742 ], [ -88.496101379394531, 30.125080108642578 ], [ -88.492500305175781, 30.12384033203125 ], [ -88.489517211914062, 30.114170074462891 ], [ -88.492462158203125, 30.092769622802734 ] ] ] } },
{ "type": "Feature", "properties": { "cluster_id": 267 }, "geometry": { "type": "Polygon", "coordinates": [ [ [ -87.671760559082031, 29.325569152832031 ], [ -87.683822631835938, 29.326910018920898 ], [ -87.70758056640625, 29.357219696044922 ], [ -87.705352783203125, 29.364189147949219 ], [ -87.689483642578125, 29.362539291381836 ], [ -87.684928894042969, 29.359790802001953 ], [ -87.680458068847656, 29.356529235839844 ], [ -87.677200317382812, 29.352750778198242 ], [ -87.661827087402344, 29.328100204467773 ], [ -87.671760559082031, 29.325569152832031 ] ] ] } },
{ "type": "Feature", "properties": { "cluster_id": 247 }, "geometry": { "type": "Polygon", "coordinates": [ [ [ -123.971031188964844, 46.961471557617188 ], [ -123.966949462890625, 46.962371826171875 ], [ -123.928672790527344, 46.969280242919922 ], [ -123.924339294433594, 46.969810485839844 ], [ -123.913551330566406, 46.969921112060547 ], [ -123.87255859375, 46.967811584472656 ], [ -123.857856750488281, 46.965950012207031 ], [ -123.853363037109375, 46.964210510253906 ], [ -123.853111267089844, 46.964000701904297 ], [ -123.853126525878906, 46.9639892578125 ], [ -123.971031188964844, 46.961471557617188 ] ] ] } },
{ "type": "Feature", "properties": { "cluster_id": 173 }, "geometry": { "type": "Polygon", "coordinates": [ [ [ -124.187911987304688, 46.9085693359375 ], [ -124.192306518554688, 46.909580230712891 ], [ -123.987899780273438, 46.955001831054688 ], [ -123.993858337402344, 46.949970245361328 ], [ -124.005142211914062, 46.940788269042969 ], [ -124.012008666992188, 46.935470581054688 ], [ -124.018318176269531, 46.931041717529297 ], [ -124.024620056152344, 46.928119659423828 ], [ -124.05413818359375, 46.920791625976562 ], [ -124.143157958984375, 46.909141540527344 ], [ -124.143707275390625, 46.909130096435547 ], [ -124.148536682128906, 46.909049987792969 ], [ -124.187911987304688, 46.9085693359375 ] ] ] } },
{ "type": "Feature", "properties": { "cluster_id": 215 }, "geometry": { "type": "Polygon", "coordinates": [ [ [ -124.255538940429688, 46.862030029296875 ], [ -124.26312255859375, 46.862430572509766 ], [ -124.277313232421875, 46.864738464355469 ], [ -124.288131713867188, 46.867740631103516 ], [ -124.295326232910156, 46.870311737060547 ], [ -124.298660278320312, 46.871818542480469 ], [ -124.303672790527344, 46.875141143798828 ], [ -124.306930541992188, 46.87847900390625 ], [ -124.320068359375, 46.897518157958984 ], [ -124.324050903320312, 46.906959533691406 ], [ -124.213096618652344, 46.896659851074219 ], [ -124.212898254394531, 46.886791229248047 ], [ -124.215232849121094, 46.883831024169922 ], [ -124.233802795410156, 46.868778228759766 ], [ -124.239051818847656, 46.864959716796875 ], [ -124.242996215820312, 46.863250732421875 ], [ -124.255538940429688, 46.862030029296875 ] ] ] } },
{ "type": "Feature", "properties": { "cluster_id": 133 }, "geometry": { "type": "Polygon", "coordinates": [ [ [ -83.472679138183594, 27.561040878295898 ], [ -83.475440979003906, 27.561260223388672 ], [ -83.623367309570312, 27.585359573364258 ], [ -83.647377014160156, 27.59136962890625 ], [ -83.489356994628906, 27.596059799194336 ], [ -83.444801330566406, 27.595769882202148 ], [ -83.436126708984375, 27.590700149536133 ], [ -83.429267883300781, 27.577949523925781 ], [ -83.458480834960938, 27.562889099121094 ], [ -83.461250305175781, 27.562000274658203 ], [ -83.472679138183594, 27.561040878295898 ] ] ] } },
{ "type": "Feature", "properties": { "cluster_id": 197 }, "geometry": { "type": "Polygon", "coordinates": [ [ [ -93.25885009765625, 28.989389419555664 ], [ -93.259178161621094, 28.989419937133789 ], [ -93.259750366210938, 28.989740371704102 ], [ -93.261260986328125, 28.9906005859375 ], [ -93.306411743164062, 29.043920516967773 ], [ -93.254241943359375, 29.079299926757812 ], [ -93.210350036621094, 29.081470489501953 ], [ -93.203117370605469, 29.081550598144531 ], [ -93.199058532714844, 29.072710037231445 ], [ -93.198051452636719, 29.06981086730957 ], [ -93.197456359863281, 29.061119079589844 ], [ -93.199798583984375, 29.002599716186523 ], [ -93.212333679199219, 28.989580154418945 ], [ -93.252571105957031, 28.989389419555664 ], [ -93.25885009765625, 28.989389419555664 ] ] ] } },
{ "type": "Feature", "properties": { "cluster_id": 101 }, "geometry": { "type": "Polygon", "coordinates": [ [ [ -93.218017578125, 29.275239944458008 ], [ -93.235359191894531, 29.27931022644043 ], [ -93.252799987792969, 29.303470611572266 ], [ -93.253662109375, 29.305669784545898 ], [ -93.253959655761719, 29.307960510253906 ], [ -93.253822326660156, 29.325380325317383 ], [ -93.253646850585938, 29.32621955871582 ], [ -93.252571105957031, 29.328500747680664 ], [ -93.218017578125, 29.37013053894043 ], [ -93.212081909179688, 29.361160278320312 ], [ -93.203750610351562, 29.33650016784668 ], [ -93.203277587890625, 29.280990600585938 ], [ -93.21038818359375, 29.278120040893555 ], [ -93.218017578125, 29.275239944458008 ] ] ] } },
{ "type": "Feature", "properties": { "cluster_id": 192 }, "geometry": { "type": "Polygon", "coordinates": [ [ [ -93.206260681152344, 29.468540191650391 ], [ -93.224822998046875, 29.478900909423828 ], [ -93.323867797851562, 29.610660552978516 ], [ -93.324928283691406, 29.612579345703125 ], [ -93.3271484375, 29.656509399414062 ], [ -93.278160095214844, 29.63170051574707 ], [ -93.2569580078125, 29.619049072265625 ], [ -93.228523254394531, 29.601419448852539 ], [ -93.215911865234375, 29.558259963989258 ], [ -93.214508056640625, 29.553260803222656 ], [ -93.209640502929688, 29.531440734863281 ], [ -93.209197998046875, 29.528009414672852 ], [ -93.206260681152344, 29.468540191650391 ] ] ] } },
{ "type": "Feature", "properties": { "cluster_id": 62 }, "geometry": { "type": "Polygon", "coordinates": [ [ [ -93.347122192382812, 29.801870346069336 ], [ -93.348426818847656, 29.814210891723633 ], [ -93.348793029785156, 29.831060409545898 ], [ -93.348739624023438, 29.831899642944336 ], [ -93.348159790039062, 29.838869094848633 ], [ -93.347763061523438, 29.841909408569336 ], [ -93.347000122070312, 29.803230285644531 ], [ -93.347122192382812, 29.801870346069336 ] ] ] } },
{ "type": "Feature", "properties": { "cluster_id": 33 }, "geometry": { "type": "Polygon", "coordinates": [ [ [ -93.324966430664062, 30.08949089050293 ], [ -93.334320068359375, 30.110630035400391 ], [ -93.3349609375, 30.112480163574219 ], [ -93.33502197265625, 30.145389556884766 ], [ -93.33502197265625, 30.145509719848633 ], [ -93.332366943359375, 30.153680801391602 ], [ -93.316886901855469, 30.177249908447266 ], [ -93.316757202148438, 30.17742919921875 ], [ -93.315711975097656, 30.178810119628906 ], [ -93.279617309570312, 30.221250534057617 ], [ -93.2767333984375, 30.223390579223633 ], [ -93.246856689453125, 30.232629776000977 ], [ -93.24078369140625, 30.223110198974609 ], [ -93.240272521972656, 30.221839904785156 ], [ -93.240867614746094, 30.219839096069336 ], [ -93.295387268066406, 30.10984992980957 ], [ -93.324966430664062, 30.08949089050293 ] ] ] } },
{ "type": "Feature", "properties": { "cluster_id": 12 }, "geometry": { "type": "Polygon", "coordinates": [ [ [ -93.617202758789062, 28.994060516357422 ], [ -93.715347290039062, 29.021230697631836 ], [ -93.756088256835938, 29.062950134277344 ], [ -94.08831787109375, 30.076370239257812 ], [ -94.087677001953125, 30.076629638671875 ], [ -94.084617614746094, 30.077569961547852 ], [ -94.0792236328125, 30.077810287475586 ], [ -94.06951904296875, 30.078220367431641 ], [ -94.06622314453125, 30.077920913696289 ], [ -94.065132141113281, 30.077749252319336 ], [ -94.061759948730469, 30.076459884643555 ], [ -94.060638427734375, 30.075979232788086 ], [ -93.862632751464844, 29.978420257568359 ], [ -93.860420227050781, 29.977140426635742 ], [ -93.858848571777344, 29.975889205932617 ], [ -93.857498168945312, 29.974079132080078 ], [ -93.85650634765625, 29.972400665283203 ], [ -93.615058898925781, 29.404029846191406 ], [ -93.563827514648438, 29.027130126953125 ], [ -93.56182861328125, 29.007549285888672 ], [ -93.561721801757812, 29.001729965209961 ], [ -93.617202758789062, 28.994060516357422 ] ] ] } },
{ "type": "Feature", "properties": { "cluster_id": 31 }, "geometry": { "type": "Polygon", "coordinates": [ [ [ -88.021171569824219, 30.378330230712891 ], [ -88.10296630859375, 30.527969360351562 ], [ -88.102828979492188, 30.528430938720703 ], [ -88.043350219726562, 30.727209091186523 ], [ -88.042449951171875, 30.727739334106445 ], [ -88.040046691894531, 30.726669311523438 ], [ -88.039306640625, 30.725709915161133 ], [ -88.039222717285156, 30.725570678710938 ], [ -88.031982421875, 30.684799194335938 ], [ -88.013572692871094, 30.446380615234375 ], [ -88.013023376464844, 30.439149856567383 ], [ -88.013526916503906, 30.428810119628906 ], [ -88.015731811523438, 30.410980224609375 ], [ -88.018547058105469, 30.392980575561523 ], [ -88.020347595214844, 30.381799697875977 ], [ -88.020851135253906, 30.379379272460938 ], [ -88.021171569824219, 30.378330230712891 ] ] ] } },
{ "type": "Feature", "properties": { "cluster_id": 110 }, "geometry": { "type": "Polygon", "coordinates": [ [ [ -88.478492736816406, 28.843610763549805 ], [ -88.478401184082031, 28.846380233764648 ], [ -88.463493347167969, 28.858009338378906 ], [ -88.457763671875, 28.861160278320312 ], [ -88.450241088867188, 28.862899780273438 ], [ -88.380882263183594, 28.874900817871094 ], [ -88.302276611328125, 28.886299133300781 ], [ -88.322662353515625, 28.869640350341797 ], [ -88.348716735839844, 28.851720809936523 ], [ -88.478492736816406, 28.843610763549805 ] ] ] } },
{ "type": "Feature", "properties": { "cluster_id": 201 }, "geometry": { "type": "Polygon", "coordinates": [ [ [ -88.451148986816406, 29.613309860229492 ], [ -88.4373779296875, 29.629400253295898 ], [ -88.357803344726562, 29.656009674072266 ], [ -88.355598449707031, 29.654769897460938 ], [ -88.353981018066406, 29.65247917175293 ], [ -88.354141235351562, 29.651639938354492 ], [ -88.355026245117188, 29.650869369506836 ], [ -88.451148986816406, 29.613309860229492 ] ] ] } },
{ "type": "Feature", "properties": { "cluster_id": 214 }, "geometry": { "type": "Polygon", "coordinates": [ [ [ -123.083526611328125, 37.948280334472656 ], [ -123.173820495605469, 37.951370239257812 ], [ -123.179267883300781, 37.952449798583984 ], [ -123.182296752929688, 37.95404052734375 ], [ -123.185432434082031, 37.956588745117188 ], [ -123.21063232421875, 37.981979370117188 ], [ -123.220230102539062, 37.992019653320312 ], [ -123.169532775878906, 37.994400024414062 ], [ -123.160453796386719, 37.992591857910156 ], [ -123.096549987792969, 37.957820892333984 ], [ -123.083526611328125, 37.948280334472656 ] ] ] } },
{ "type": "Feature", "properties": { "cluster_id": 41 }, "geometry": { "type": "Polygon", "coordinates": [ [ [ -123.322929382324219, 38.143150329589844 ], [ -123.37982177734375, 38.146198272705078 ], [ -123.496749877929688, 38.152500152587891 ], [ -123.477020263671875, 38.222549438476562 ], [ -123.454483032226562, 38.226779937744141 ], [ -123.409957885742188, 38.235069274902344 ], [ -123.372756958007812, 38.227390289306641 ], [ -123.372268676757812, 38.227260589599609 ], [ -123.352951049804688, 38.206039428710938 ], [ -123.322929382324219, 38.143150329589844 ] ] ] } },
{ "type": "Feature", "properties": { "cluster_id": 8 }, "geometry": { "type": "Polygon", "coordinates": [ [ [ -73.542961120605469, 45.522171020507812 ], [ -73.540977478027344, 45.531951904296875 ], [ -73.498588562011719, 45.625438690185547 ], [ -73.451812744140625, 45.693119049072266 ], [ -73.434432983398438, 45.717571258544922 ], [ -73.424232482910156, 45.72711181640625 ], [ -73.398826599121094, 45.750419616699219 ], [ -73.37457275390625, 45.772048950195312 ], [ -73.37042236328125, 45.775428771972656 ], [ -73.365951538085938, 45.778331756591797 ], [ -73.365737915039062, 45.778469085693359 ], [ -73.329551696777344, 45.80072021484375 ], [ -73.513328552246094, 45.558650970458984 ], [ -73.516708374023438, 45.554458618164062 ], [ -73.542961120605469, 45.522171020507812 ] ] ] } },
{ "type": "Feature", "properties": { "cluster_id": 48 }, "geometry": { "type": "Polygon", "coordinates": [ [ [ -123.234329223632812, 37.134670257568359 ], [ -123.229362487792969, 37.152938842773438 ], [ -123.205657958984375, 37.180000305175781 ], [ -123.173988342285156, 37.178089141845703 ], [ -123.17327880859375, 37.161128997802734 ], [ -123.188728332519531, 37.137950897216797 ], [ -123.190238952636719, 37.136440277099609 ], [ -123.191841125488281, 37.135818481445312 ], [ -123.196746826171875, 37.135368347167969 ], [ -123.234329223632812, 37.134670257568359 ] ] ] } },
{ "type": "Feature", "properties": { "cluster_id": 141 }, "geometry": { "type": "Polygon", "coordinates": [ [ [ -73.227256774902344, 40.105430603027344 ], [ -73.269287109375, 40.131858825683594 ], [ -73.265968322753906, 40.141151428222656 ], [ -73.191856384277344, 40.15032958984375 ], [ -73.088699340820312, 40.144168853759766 ], [ -73.111396789550781, 40.107601165771484 ], [ -73.227256774902344, 40.105430603027344 ] ] ] } },
{ "type": "Feature", "properties": { "cluster_id": 243 }, "geometry": { "type": "Polygon", "coordinates": [ [ [ -74.402542114257812, 38.003219604492188 ], [ -74.418701171875, 38.006679534912109 ], [ -74.419601440429688, 38.036430358886719 ], [ -74.210250854492188, 38.038898468017578 ], [ -74.23931884765625, 38.012691497802734 ], [ -74.24188232421875, 38.011379241943359 ], [ -74.402542114257812, 38.003219604492188 ] ] ] } },
{ "type": "Feature", "properties": { "cluster_id": 82 }, "geometry": { "type": "Polygon", "coordinates": [ [ [ -75.48809814453125, 36.512931823730469 ], [ -75.534072875976562, 36.518348693847656 ], [ -75.575172424316406, 36.527828216552734 ], [ -75.583610534667969, 36.653030395507812 ], [ -75.581130981445312, 36.679168701171875 ], [ -75.564079284667969, 36.701629638671875 ], [ -75.508773803710938, 36.695549011230469 ], [ -75.450813293457031, 36.682571411132812 ], [ -75.440902709960938, 36.677719116210938 ], [ -75.377403259277344, 36.642910003662109 ], [ -75.358238220214844, 36.564849853515625 ], [ -75.355010986328125, 36.546371459960938 ], [ -75.385902404785156, 36.519210815429688 ], [ -75.48809814453125, 36.512931823730469 ] ] ] } },
{ "type": "Feature", "properties": { "cluster_id": 203 }, "geometry": { "type": "Polygon", "coordinates": [ [ [ -75.163299560546875, 36.222949981689453 ], [ -75.206878662109375, 36.223628997802734 ], [ -75.344688415527344, 36.23822021484375 ], [ -75.350898742675781, 36.250129699707031 ], [ -75.345710754394531, 36.285648345947266 ], [ -75.27362060546875, 36.311519622802734 ], [ -75.185829162597656, 36.310928344726562 ], [ -75.147003173828125, 36.272541046142578 ], [ -75.142082214355469, 36.267589569091797 ], [ -75.161079406738281, 36.223201751708984 ], [ -75.163299560546875, 36.222949981689453 ] ] ] } },
{ "type": "Feature", "properties": { "cluster_id": 76 }, "geometry": { "type": "Polygon", "coordinates": [ [ [ -75.214996337890625, 35.942169189453125 ], [ -75.222671508789062, 35.944000244140625 ], [ -75.24462890625, 35.949420928955078 ], [ -75.26116943359375, 36.007331848144531 ], [ -75.265167236328125, 36.024330139160156 ], [ -75.262222290039062, 36.026859283447266 ], [ -75.167083740234375, 36.030620574951172 ], [ -75.130096435546875, 36.026069641113281 ], [ -75.1363525390625, 35.986808776855469 ], [ -75.148536682128906, 35.958518981933594 ], [ -75.214996337890625, 35.942169189453125 ] ] ] } },
{ "type": "Feature", "properties": { "cluster_id": 180 }, "geometry": { "type": "Polygon", "coordinates": [ [ [ -77.596908569335938, 33.253719329833984 ], [ -77.634429931640625, 33.264339447021484 ], [ -77.586662292480469, 33.295318603515625 ], [ -77.528511047363281, 33.295669555664062 ], [ -77.430259704589844, 33.291130065917969 ], [ -77.437950134277344, 33.254688262939453 ], [ -77.596908569335938, 33.253719329833984 ] ] ] } },
{ "type": "Feature", "properties": { "cluster_id": 75 }, "geometry": { "type": "Polygon", "coordinates": [ [ [ -126.049232482910156, 48.451198577880859 ], [ -126.240928649902344, 48.478271484375 ], [ -126.267532348632812, 48.487499237060547 ], [ -126.268783569335938, 48.498561859130859 ], [ -126.159347534179688, 48.534881591796875 ], [ -126.053482055664062, 48.506031036376953 ], [ -126.050117492675781, 48.477481842041016 ], [ -126.049232482910156, 48.451198577880859 ] ] ] } },
{ "type": "Feature", "properties": { "cluster_id": 44 }, "geometry": { "type": "Polygon", "coordinates": [ [ [ -80.206832885742188, 31.576330184936523 ], [ -80.405502319335938, 31.57682991027832 ], [ -80.3905029296875, 31.601829528808594 ], [ -80.360328674316406, 31.651330947875977 ], [ -80.255828857421875, 31.669830322265625 ], [ -80.23760986328125, 31.669460296630859 ], [ -80.196769714355469, 31.667600631713867 ], [ -80.206832885742188, 31.576330184936523 ] ] ] } },
{ "type": "Feature", "properties": { "cluster_id": 129 }, "geometry": { "type": "Polygon", "coordinates": [ [ [ -68.0189208984375, 18.541990280151367 ], [ -68.089828491210938, 18.548000335693359 ], [ -68.140213012695312, 18.552480697631836 ], [ -68.204841613769531, 18.600540161132812 ], [ -68.195632934570312, 18.634540557861328 ], [ -68.000907897949219, 18.636739730834961 ], [ -67.991912841796875, 18.629430770874023 ], [ -67.980751037597656, 18.615629196166992 ], [ -67.984519958496094, 18.580549240112305 ], [ -68.0189208984375, 18.541990280151367 ] ] ] } },
{ "type": "Feature", "properties": { "cluster_id": 97 }, "geometry": { "type": "Polygon", "coordinates": [ [ [ -68.205650329589844, 18.446720123291016 ], [ -68.202400207519531, 18.467140197753906 ], [ -68.198432922363281, 18.486349105834961 ], [ -67.99053955078125, 18.491069793701172 ], [ -67.986923217773438, 18.477359771728516 ], [ -67.982460021972656, 18.459249496459961 ], [ -68.092521667480469, 18.452030181884766 ], [ -68.205650329589844, 18.446720123291016 ] ] ] } },
{ "type": "Feature", "properties": { "cluster_id": 189 }, "geometry": { "type": "Polygon", "coordinates": [ [ [ -73.540092468261719, 39.5294189453125 ], [ -73.688529968261719, 39.530170440673828 ], [ -73.704727172851562, 39.536380767822266 ], [ -73.710952758789062, 39.546058654785156 ], [ -73.716690063476562, 39.566108703613281 ], [ -73.716796875, 39.566501617431641 ], [ -73.715423583984375, 39.571868896484375 ], [ -73.713462829589844, 39.576908111572266 ], [ -73.5157470703125, 39.549800872802734 ], [ -73.540092468261719, 39.5294189453125 ] ] ] } },
{ "type": "Feature", "properties": { "cluster_id": 74 }, "geometry": { "type": "Polygon", "coordinates": [ [ [ -116.777717590332031, 31.767599105834961 ], [ -116.786918640136719, 31.768039703369141 ], [ -116.800758361816406, 31.770490646362305 ], [ -116.830299377441406, 31.834999084472656 ], [ -116.831161499023438, 31.89048957824707 ], [ -116.82470703125, 31.894369125366211 ], [ -116.625190734863281, 31.855350494384766 ], [ -116.620269775390625, 31.846410751342773 ], [ -116.626869201660156, 31.821399688720703 ], [ -116.628089904785156, 31.818790435791016 ], [ -116.631187438964844, 31.816169738769531 ], [ -116.650947570800781, 31.805780410766602 ], [ -116.655349731445312, 31.803689956665039 ], [ -116.7177734375, 31.782140731811523 ], [ -116.777717590332031, 31.767599105834961 ] ] ] } },
{ "type": "Feature", "properties": { "cluster_id": 251 }, "geometry": { "type": "Polygon", "coordinates": [ [ [ -117.156463623046875, 31.574840545654297 ], [ -117.204818725585938, 31.575950622558594 ], [ -117.275169372558594, 31.57819938659668 ], [ -117.282676696777344, 31.601579666137695 ], [ -117.280158996582031, 31.667919158935547 ], [ -117.139266967773438, 31.669290542602539 ], [ -117.087333679199219, 31.667200088500977 ], [ -117.071853637695312, 31.666160583496094 ], [ -117.068450927734375, 31.613420486450195 ], [ -117.1280517578125, 31.58390998840332 ], [ -117.156463623046875, 31.574840545654297 ] ] ] } },
{ "type": "Feature", "properties": { "cluster_id": 248 }, "geometry": { "type": "Polygon", "coordinates": [ [ [ -94.916831970214844, 28.846179962158203 ], [ -94.921318054199219, 28.848550796508789 ], [ -94.917800903320312, 28.854330062866211 ], [ -94.899551391601562, 28.868259429931641 ], [ -94.862007141113281, 28.885360717773438 ], [ -94.844451904296875, 28.886869430541992 ], [ -94.840538024902344, 28.885290145874023 ], [ -94.839408874511719, 28.883769989013672 ], [ -94.836807250976562, 28.874229431152344 ], [ -94.834022521972656, 28.863000869750977 ], [ -94.833908081054688, 28.862049102783203 ], [ -94.834190368652344, 28.861160278320312 ], [ -94.836746215820312, 28.858680725097656 ], [ -94.916831970214844, 28.846179962158203 ] ] ] } },
{ "type": "Feature", "properties": { "cluster_id": 77 }, "geometry": { "type": "Polygon", "coordinates": [ [ [ -95.113739013671875, 28.69965934753418 ], [ -95.1702880859375, 28.70697021484375 ], [ -95.3411865234375, 28.940250396728516 ], [ -95.330451965332031, 28.942449569702148 ], [ -94.98626708984375, 28.981279373168945 ], [ -94.974563598632812, 28.97599983215332 ], [ -94.973129272460938, 28.975000381469727 ], [ -94.943702697753906, 28.94849967956543 ], [ -94.945419311523438, 28.834810256958008 ], [ -94.957969665527344, 28.813709259033203 ], [ -95.042808532714844, 28.700490951538086 ], [ -95.113739013671875, 28.69965934753418 ] ] ] } },
{ "type": "Feature", "properties": { "cluster_id": 72 }, "geometry": { "type": "Polygon", "coordinates": [ [ [ -96.226097106933594, 28.364330291748047 ], [ -96.228378295898438, 28.364370346069336 ], [ -96.229202270507812, 28.364519119262695 ], [ -96.229789733886719, 28.364959716796875 ], [ -96.230422973632812, 28.365850448608398 ], [ -96.230361938476562, 28.366270065307617 ], [ -96.230148315429688, 28.366949081420898 ], [ -96.229682922363281, 28.367589950561523 ], [ -96.229400634765625, 28.367950439453125 ], [ -96.228683471679688, 28.368389129638672 ], [ -96.228500366210938, 28.368339538574219 ], [ -96.225288391113281, 28.364559173583984 ], [ -96.226097106933594, 28.364330291748047 ] ] ] } },
{ "type": "Feature", "properties": { "cluster_id": 171 }, "geometry": { "type": "Polygon", "coordinates": [ [ [ -68.157997131347656, 18.158500671386719 ], [ -68.194831848144531, 18.164779663085938 ], [ -68.201553344726562, 18.179550170898438 ], [ -68.208038330078125, 18.194330215454102 ], [ -68.205680847167969, 18.240379333496094 ], [ -68.193710327148438, 18.253059387207031 ], [ -67.993309020996094, 18.251649856567383 ], [ -67.985832214355469, 18.244020462036133 ], [ -67.981391906738281, 18.220699310302734 ], [ -68.040092468261719, 18.166149139404297 ], [ -68.087623596191406, 18.159690856933594 ], [ -68.157997131347656, 18.158500671386719 ] ] ] } },
{ "type": "Feature", "properties": { "cluster_id": 156 }, "geometry": { "type": "Polygon", "coordinates": [ [ [ -67.903091430664062, 18.256549835205078 ], [ -68.18817138671875, 18.30211067199707 ], [ -68.198486328125, 18.318700790405273 ], [ -68.185958862304688, 18.348529815673828 ], [ -67.818008422851562, 18.349039077758789 ], [ -67.761642456054688, 18.343379974365234 ], [ -67.753890991210938, 18.330909729003906 ], [ -67.755409240722656, 18.263769149780273 ], [ -67.891761779785156, 18.256629943847656 ], [ -67.903091430664062, 18.256549835205078 ] ] ] } },
{ "type": "Feature", "properties": { "cluster_id": 127 }, "geometry": { "type": "Polygon", "coordinates": [ [ [ -117.142936706542969, 32.342208862304688 ], [ -117.213226318359375, 32.344829559326172 ], [ -117.187507629394531, 32.365581512451172 ], [ -117.160438537597656, 32.382820129394531 ], [ -117.097953796386719, 32.351951599121094 ], [ -117.096672058105469, 32.351081848144531 ], [ -117.096046447753906, 32.349029541015625 ], [ -117.095901489257812, 32.345050811767578 ], [ -117.100303649902344, 32.344169616699219 ], [ -117.142936706542969, 32.342208862304688 ] ] ] } },
{ "type": "Feature", "properties": { "cluster_id": 278 }, "geometry": { "type": "Polygon", "coordinates": [ [ [ -80.002731323242188, 27.74247932434082 ], [ -80.019767761230469, 27.742649078369141 ], [ -80.126129150390625, 27.765180587768555 ], [ -80.066818237304688, 27.786699295043945 ], [ -80.023666381835938, 27.785280227661133 ], [ -79.974647521972656, 27.770380020141602 ], [ -79.978630065917969, 27.753499984741211 ], [ -79.984489440917969, 27.746259689331055 ], [ -80.002731323242188, 27.74247932434082 ] ] ] } },
{ "type": "Feature", "properties": { "cluster_id": 118 }, "geometry": { "type": "Polygon", "coordinates": [ [ [ -125.40435791015625, 48.589088439941406 ], [ -125.515487670898438, 48.593219757080078 ], [ -125.553878784179688, 48.612358093261719 ], [ -125.566139221191406, 48.627941131591797 ], [ -125.550262451171875, 48.630439758300781 ], [ -125.545402526855469, 48.630958557128906 ], [ -125.501609802246094, 48.632968902587891 ], [ -125.474601745605469, 48.629581451416016 ], [ -125.4642333984375, 48.627799987792969 ], [ -125.442649841308594, 48.623748779296875 ], [ -125.38897705078125, 48.600471496582031 ], [ -125.40435791015625, 48.589088439941406 ] ] ] } },
{ "type": "Feature", "properties": { "cluster_id": 240 }, "geometry": { "type": "Polygon", "coordinates": [ [ [ -90.003997802734375, 27.93617057800293 ], [ -90.085189819335938, 27.937219619750977 ], [ -90.022598266601562, 27.980520248413086 ], [ -89.875831604003906, 27.975500106811523 ], [ -89.908889770507812, 27.942159652709961 ], [ -90.003997802734375, 27.93617057800293 ] ] ] } },
{ "type": "Feature", "properties": { "cluster_id": 198 }, "geometry": { "type": "Polygon", "coordinates": [ [ [ -117.265800476074219, 32.006191253662109 ], [ -117.406272888183594, 32.011020660400391 ], [ -117.482688903808594, 32.018531799316406 ], [ -117.362449645996094, 32.053279876708984 ], [ -117.275596618652344, 32.053699493408203 ], [ -117.103462219238281, 32.04541015625 ], [ -117.096000671386719, 32.019969940185547 ], [ -117.146270751953125, 32.008510589599609 ], [ -117.265800476074219, 32.006191253662109 ] ] ] } },
{ "type": "Feature", "properties": { "cluster_id": 176 }, "geometry": { "type": "Polygon", "coordinates": [ [ [ -117.27105712890625, 30.377799987792969 ], [ -117.282272338867188, 30.391170501708984 ], [ -117.281562805175781, 30.417449951171875 ], [ -117.252578735351562, 30.416959762573242 ], [ -117.103073120117188, 30.410720825195312 ], [ -117.27105712890625, 30.377799987792969 ] ] ] } },
{ "type": "Feature", "properties": { "cluster_id": 277 }, "geometry": { "type": "Polygon", "coordinates": [ [ [ -77.119171142578125, 25.685329437255859 ], [ -77.132003784179688, 25.68549919128418 ], [ -77.140670776367188, 25.686670303344727 ], [ -77.153999328613281, 25.691829681396484 ], [ -77.163330078125, 25.695999145507812 ], [ -77.172332763671875, 25.70067024230957 ], [ -77.192802429199219, 25.720819473266602 ], [ -77.045768737792969, 25.726640701293945 ], [ -76.982078552246094, 25.72504997253418 ], [ -76.986221313476562, 25.715169906616211 ], [ -77.013999938964844, 25.700830459594727 ], [ -77.082832336425781, 25.68617057800293 ], [ -77.100326538085938, 25.68549919128418 ], [ -77.119171142578125, 25.685329437255859 ] ] ] } },
{ "type": "Feature", "properties": { "cluster_id": 5 }, "geometry": { "type": "Polygon", "coordinates": [ [ [ -70.923988342285156, 42.309650421142578 ], [ -70.998832702636719, 42.334201812744141 ], [ -71.000076293945312, 42.334781646728516 ], [ -71.038063049316406, 42.355480194091797 ], [ -71.039680480957031, 42.356868743896484 ], [ -71.042121887207031, 42.35955810546875 ], [ -71.043228149414062, 42.361038208007812 ], [ -71.063186645507812, 42.388179779052734 ], [ -71.063247680664062, 42.38848876953125 ], [ -70.770660400390625, 42.439949035644531 ], [ -70.767196655273438, 42.440219879150391 ], [ -70.762321472167969, 42.439079284667969 ], [ -70.758079528808594, 42.436809539794922 ], [ -70.756172180175781, 42.434749603271484 ], [ -70.745246887207031, 42.422199249267578 ], [ -70.745491027832031, 42.408969879150391 ], [ -70.768608093261719, 42.352138519287109 ], [ -70.8497314453125, 42.325439453125 ], [ -70.864356994628906, 42.321868896484375 ], [ -70.923988342285156, 42.309650421142578 ] ] ] } },
{ "type": "Feature", "properties": { "cluster_id": 91 }, "geometry": { "type": "Polygon", "coordinates": [ [ [ -96.111671447753906, 27.410209655761719 ], [ -96.155746459960938, 27.410449981689453 ], [ -96.269996643066406, 27.416179656982422 ], [ -96.305099487304688, 27.428499221801758 ], [ -96.317489624023438, 27.438999176025391 ], [ -96.224769592285156, 27.452430725097656 ], [ -96.192779541015625, 27.448720932006836 ], [ -96.096183776855469, 27.420669555664062 ], [ -96.111671447753906, 27.410209655761719 ] ] ] } },
{ "type": "Feature", "properties": { "cluster_id": 52 }, "geometry": { "type": "Polygon", "coordinates": [ [ [ 145.033233642578125, 14.136369705200195 ], [ 145.0474853515625, 14.149959564208984 ], [ 145.071853637695312, 14.172499656677246 ], [ 145.109146118164062, 14.170700073242188 ], [ 145.133468627929688, 14.145299911499023 ], [ 145.133895874023438, 14.144339561462402 ], [ 145.13409423828125, 14.143549919128418 ], [ 145.133316040039062, 14.142109870910645 ], [ 145.120010375976562, 14.138739585876465 ], [ 145.033233642578125, 14.136369705200195 ] ] ] } },
{ "type": "Feature", "properties": { "cluster_id": 84 }, "geometry": { "type": "Polygon", "coordinates": [ [ [ -70.040802001953125, 40.547161102294922 ], [ -70.053001403808594, 40.552330017089844 ], [ -70.048271179199219, 40.55780029296875 ], [ -69.98602294921875, 40.581859588623047 ], [ -69.907577514648438, 40.577701568603516 ], [ -69.886451721191406, 40.573398590087891 ], [ -69.844978332519531, 40.563591003417969 ], [ -69.841651916503906, 40.561450958251953 ], [ -69.845497131347656, 40.554828643798828 ], [ -69.871833801269531, 40.553001403808594 ], [ -70.040802001953125, 40.547161102294922 ] ] ] } },
{ "type": "Feature", "properties": { "cluster_id": 269 }, "geometry": { "type": "Polygon", "coordinates": [ [ [ -71.9415283203125, 40.494380950927734 ], [ -72.056022644042969, 40.494430541992188 ], [ -72.111473083496094, 40.514850616455078 ], [ -72.125831604003906, 40.522918701171875 ], [ -72.041671752929688, 40.528499603271484 ], [ -71.992996215820312, 40.530330657958984 ], [ -71.933326721191406, 40.531829833984375 ], [ -71.901718139648438, 40.525318145751953 ], [ -71.9415283203125, 40.494380950927734 ] ] ] } },
{ "type": "Feature", "properties": { "cluster_id": 102 }, "geometry": { "type": "Polygon", "coordinates": [ [ [ -73.26300048828125, 40.487499237060547 ], [ -73.276786804199219, 40.502170562744141 ], [ -73.2557373046875, 40.507339477539062 ], [ -73.246528625488281, 40.508670806884766 ], [ -73.0438232421875, 40.530208587646484 ], [ -72.999526977539062, 40.534679412841797 ], [ -72.854873657226562, 40.506870269775391 ], [ -72.847648620605469, 40.504329681396484 ], [ -72.867950439453125, 40.501659393310547 ], [ -72.970466613769531, 40.496860504150391 ], [ -73.204071044921875, 40.48822021484375 ], [ -73.26300048828125, 40.487499237060547 ] ] ] } },
{ "type": "Feature", "properties": { "cluster_id": 228 }, "geometry": { "type": "Polygon", "coordinates": [ [ [ -63.099998474121094, 17.967330932617188 ], [ -63.121898651123047, 17.981849670410156 ], [ -63.140331268310547, 18.006130218505859 ], [ -63.139389038085938, 18.010570526123047 ], [ -63.139129638671875, 18.011310577392578 ], [ -63.133739471435547, 18.023420333862305 ], [ -63.108261108398438, 18.036319732666016 ], [ -63.10546875, 18.037189483642578 ], [ -63.089881896972656, 18.039579391479492 ], [ -63.089801788330078, 18.039569854736328 ], [ -63.045501708984375, 18.01283073425293 ], [ -63.044891357421875, 18.007150650024414 ], [ -63.084278106689453, 17.968660354614258 ], [ -63.099998474121094, 17.967330932617188 ] ] ] } },
{ "type": "Feature", "properties": { "cluster_id": 274 }, "geometry": { "type": "Polygon", "coordinates": [ [ [ -81.412391662597656, 19.264619827270508 ], [ -81.464630126953125, 19.276599884033203 ], [ -81.391990661621094, 19.307060241699219 ], [ -81.3895263671875, 19.303579330444336 ], [ -81.387649536132812, 19.298700332641602 ], [ -81.387680053710938, 19.298149108886719 ], [ -81.389480590820312, 19.293170928955078 ], [ -81.412391662597656, 19.264619827270508 ] ] ] } },
{ "type": "Feature", "properties": { "cluster_id": 162 }, "geometry": { "type": "Polygon", "coordinates": [ [ [ -126.690528869628906, 49.113971710205078 ], [ -126.73626708984375, 49.151149749755859 ], [ -126.578163146972656, 49.207080841064453 ], [ -126.529098510742188, 49.207801818847656 ], [ -126.527801513671875, 49.204021453857422 ], [ -126.513847351074219, 49.161998748779297 ], [ -126.521369934082031, 49.132919311523438 ], [ -126.639572143554688, 49.115180969238281 ], [ -126.690528869628906, 49.113971710205078 ] ] ] } },
{ "type": "Feature", "properties": { "cluster_id": 185 }, "geometry": { "type": "Polygon", "coordinates": [ [ [ -71.079483032226562, 41.0625 ], [ -71.421661376953125, 41.063800811767578 ], [ -71.430419921875, 41.066928863525391 ], [ -71.421401977539062, 41.150119781494141 ], [ -71.417839050292969, 41.153770446777344 ], [ -71.14959716796875, 41.249279022216797 ], [ -71.11151123046875, 41.249240875244141 ], [ -71.067367553710938, 41.241508483886719 ], [ -71.000701904296875, 41.221439361572266 ], [ -70.992637634277344, 41.219009399414062 ], [ -70.989723205566406, 41.217800140380859 ], [ -70.814918518066406, 41.120861053466797 ], [ -70.813812255859375, 41.119831085205078 ], [ -70.810653686523438, 41.116531372070312 ], [ -70.810127258300781, 41.115730285644531 ], [ -70.810111999511719, 41.114608764648438 ], [ -70.811943054199219, 41.112621307373047 ], [ -71.057746887207031, 41.064140319824219 ], [ -71.079483032226562, 41.0625 ] ] ] } },
{ "type": "Feature", "properties": { "cluster_id": 105 }, "geometry": { "type": "Polygon", "coordinates": [ [ [ -71.361259460449219, 41.30255126953125 ], [ -71.418952941894531, 41.309120178222656 ], [ -71.420692443847656, 41.313869476318359 ], [ -71.420272827148438, 41.361019134521484 ], [ -71.417282104492188, 41.378578186035156 ], [ -71.416419982910156, 41.381118774414062 ], [ -71.351882934570312, 41.392280578613281 ], [ -71.332046508789062, 41.393299102783203 ], [ -71.327438354492188, 41.390541076660156 ], [ -71.21466064453125, 41.309181213378906 ], [ -71.361259460449219, 41.30255126953125 ] ] ] } },
{ "type": "Feature", "properties": { "cluster_id": 196 }, "geometry": { "type": "Polygon", "coordinates": [ [ [ -71.37493896484375, 41.447761535644531 ], [ -71.377861022949219, 41.457790374755859 ], [ -71.377662658691406, 41.4586181640625 ], [ -71.355583190917969, 41.519161224365234 ], [ -71.352546691894531, 41.52178955078125 ], [ -71.327606201171875, 41.540138244628906 ], [ -71.348579406738281, 41.479770660400391 ], [ -71.348701477050781, 41.479469299316406 ], [ -71.349411010742188, 41.47808837890625 ], [ -71.35247802734375, 41.473281860351562 ], [ -71.371932983398438, 41.448951721191406 ], [ -71.37493896484375, 41.447761535644531 ] ] ] } },
{ "type": "Feature", "properties": { "cluster_id": 273 }, "geometry": { "type": "Polygon", "coordinates": [ [ [ -71.306549072265625, 41.589698791503906 ], [ -71.299583435058594, 41.626548767089844 ], [ -71.26806640625, 41.631698608398438 ], [ -71.298820495605469, 41.597568511962891 ], [ -71.306549072265625, 41.589698791503906 ] ] ] } },
{ "type": "Feature", "properties": { "cluster_id": 53 }, "geometry": { "type": "Polygon", "coordinates": [ [ [ -71.313552856445312, 41.687118530273438 ], [ -71.360099792480469, 41.726718902587891 ], [ -71.362739562988281, 41.728969573974609 ], [ -71.363838195800781, 41.730438232421875 ], [ -71.365463256835938, 41.733421325683594 ], [ -71.368247985839844, 41.738689422607422 ], [ -71.3760986328125, 41.759178161621094 ], [ -71.376373291015625, 41.761699676513672 ], [ -71.376312255859375, 41.764019012451172 ], [ -71.372802734375, 41.779090881347656 ], [ -71.37255859375, 41.779769897460938 ], [ -71.164199829101562, 41.706920623779297 ], [ -71.163970947265625, 41.706611633300781 ], [ -71.163787841796875, 41.706050872802734 ], [ -71.163963317871094, 41.705780029296875 ], [ -71.193428039550781, 41.690868377685547 ], [ -71.313552856445312, 41.687118530273438 ] ] ] } },
{ "type": "Feature", "properties": { "cluster_id": 93 }, "geometry": { "type": "Polygon", "coordinates": [ [ [ -76.042976379394531, 37.518520355224609 ], [ -76.043479919433594, 37.520030975341797 ], [ -76.043830871582031, 37.524501800537109 ], [ -76.044143676757812, 37.563819885253906 ], [ -76.042976379394531, 37.563690185546875 ], [ -76.042060852050781, 37.563411712646484 ], [ -76.038002014160156, 37.5606689453125 ], [ -76.035667419433594, 37.555500030517578 ], [ -76.034751892089844, 37.550651550292969 ], [ -76.035003662109375, 37.544998168945312 ], [ -76.037002563476562, 37.528331756591797 ], [ -76.03900146484375, 37.523330688476562 ], [ -76.042030334472656, 37.519458770751953 ], [ -76.042976379394531, 37.518520355224609 ] ] ] } },
{ "type": "Feature", "properties": { "cluster_id": 66 }, "geometry": { "type": "Polygon", "coordinates": [ [ [ -120.330390930175781, 33.013229370117188 ], [ -120.471809387207031, 33.024959564208984 ], [ -120.504051208496094, 33.047870635986328 ], [ -120.477188110351562, 33.050209045410156 ], [ -120.07623291015625, 33.0401611328125 ], [ -120.092529296875, 33.034198760986328 ], [ -120.149749755859375, 33.018089294433594 ], [ -120.182777404785156, 33.014179229736328 ], [ -120.330390930175781, 33.013229370117188 ] ] ] } },
{ "type": "Feature", "properties": { "cluster_id": 204 }, "geometry": { "type": "Polygon", "coordinates": [ [ [ -119.435417175292969, 32.151348114013672 ], [ -119.438720703125, 32.152011871337891 ], [ -119.590896606445312, 32.187980651855469 ], [ -119.510330200195312, 32.192909240722656 ], [ -119.385787963867188, 32.195499420166016 ], [ -119.396240234375, 32.176158905029297 ], [ -119.435417175292969, 32.151348114013672 ] ] ] } },
{ "type": "Feature", "properties": { "cluster_id": 219 }, "geometry": { "type": "Polygon", "coordinates": [ [ [ -95.858253479003906, 27.597820281982422 ], [ -95.848182678222656, 27.62162971496582 ], [ -95.805328369140625, 27.639520645141602 ], [ -95.646369934082031, 27.638280868530273 ], [ -95.636520385742188, 27.637950897216797 ], [ -95.634269714355469, 27.630229949951172 ], [ -95.712181091308594, 27.603200912475586 ], [ -95.858253479003906, 27.597820281982422 ] ] ] } },
{ "type": "Feature", "properties": { "cluster_id": 54 }, "geometry": { "type": "Polygon", "coordinates": [ [ [ -76.150230407714844, 37.565059661865234 ], [ -76.152420043945312, 37.573051452636719 ], [ -76.1890869140625, 37.707340240478516 ], [ -76.272911071777344, 38.190559387207031 ], [ -76.2586669921875, 38.234001159667969 ], [ -76.251937866210938, 38.226749420166016 ], [ -76.242591857910156, 38.215599060058594 ], [ -76.239410400390625, 38.210899353027344 ], [ -76.236869812011719, 38.205970764160156 ], [ -76.045173645019531, 37.569000244140625 ], [ -76.044998168945312, 37.565670013427734 ], [ -76.077568054199219, 37.565380096435547 ], [ -76.150230407714844, 37.565059661865234 ] ] ] } },
{ "type": "Feature", "properties": { "cluster_id": 182 }, "geometry": { "type": "Polygon", "coordinates": [ [ [ -71.055946350097656, 40.971359252929688 ], [ -71.057907104492188, 40.971981048583984 ], [ -71.060707092285156, 40.987091064453125 ], [ -71.041397094726562, 41.005088806152344 ], [ -71.039688110351562, 41.006290435791016 ], [ -71.038497924804688, 41.006378173828125 ], [ -71.033241271972656, 41.0052490234375 ], [ -71.023452758789062, 40.995269775390625 ], [ -71.018341064453125, 40.987819671630859 ], [ -71.010452270507812, 40.973850250244141 ], [ -71.010978698730469, 40.972648620605469 ], [ -71.013069152832031, 40.97161865234375 ], [ -71.055946350097656, 40.971359252929688 ] ] ] } },
{ "type": "Feature", "properties": { "cluster_id": 100 }, "geometry": { "type": "Polygon", "coordinates": [ [ [ -88.239212036132812, 28.465450286865234 ], [ -88.253959655761719, 28.465520858764648 ], [ -88.239540100097656, 28.494930267333984 ], [ -88.175788879394531, 28.50105094909668 ], [ -88.146209716796875, 28.503509521484375 ], [ -88.084999084472656, 28.506320953369141 ], [ -88.21160888671875, 28.468000411987305 ], [ -88.216567993164062, 28.46735954284668 ], [ -88.236900329589844, 28.465459823608398 ], [ -88.239212036132812, 28.465450286865234 ] ] ] } },
{ "type": "Feature", "properties": { "cluster_id": 161 }, "geometry": { "type": "Polygon", "coordinates": [ [ [ -93.907707214355469, 27.750310897827148 ], [ -94.001243591308594, 27.751529693603516 ], [ -94.0101318359375, 27.751649856567383 ], [ -93.99169921875, 27.765359878540039 ], [ -93.891433715820312, 27.773090362548828 ], [ -93.567878723144531, 27.787580490112305 ], [ -93.55999755859375, 27.782279968261719 ], [ -93.582672119140625, 27.777130126953125 ], [ -93.790496826171875, 27.75786018371582 ], [ -93.825408935546875, 27.754800796508789 ], [ -93.907707214355469, 27.750310897827148 ] ] ] } },
{ "type": "Feature", "properties": { "cluster_id": 177 }, "geometry": { "type": "Polygon", "coordinates": [ [ [ -66.046180725097656, 18.876499176025391 ], [ -66.12017822265625, 18.919090270996094 ], [ -66.024833679199219, 18.921499252319336 ], [ -65.991851806640625, 18.921329498291016 ], [ -65.949607849121094, 18.899330139160156 ], [ -65.939712524414062, 18.883659362792969 ], [ -65.956832885742188, 18.877170562744141 ], [ -66.046180725097656, 18.876499176025391 ] ] ] } },
{ "type": "Feature", "properties": { "cluster_id": 239 }, "geometry": { "type": "Polygon", "coordinates": [ [ [ -118.449333190917969, 32.485828399658203 ], [ -118.45172119140625, 32.485908508300781 ], [ -118.6033935546875, 32.493221282958984 ], [ -118.573806762695312, 32.541229248046875 ], [ -118.571449279785156, 32.544258117675781 ], [ -118.499641418457031, 32.578880310058594 ], [ -118.4954833984375, 32.580730438232422 ], [ -118.37579345703125, 32.577339172363281 ], [ -118.263153076171875, 32.570121765136719 ], [ -118.449333190917969, 32.485828399658203 ] ] ] } },
{ "type": "Feature", "properties": { "cluster_id": 191 }, "geometry": { "type": "Polygon", "coordinates": [ [ [ -118.689430236816406, 31.73362922668457 ], [ -118.7440185546875, 31.734750747680664 ], [ -118.85736083984375, 31.811559677124023 ], [ -118.857261657714844, 31.812280654907227 ], [ -118.68463134765625, 31.775129318237305 ], [ -118.680412292480469, 31.773550033569336 ], [ -118.677757263183594, 31.771450042724609 ], [ -118.676872253417969, 31.770139694213867 ], [ -118.676399230957031, 31.768680572509766 ], [ -118.676567077636719, 31.766389846801758 ], [ -118.679046630859375, 31.737190246582031 ], [ -118.684959411621094, 31.734659194946289 ], [ -118.689430236816406, 31.73362922668457 ] ] ] } },
{ "type": "Feature", "properties": { "cluster_id": 209 }, "geometry": { "type": "Polygon", "coordinates": [ [ [ -64.424453735351562, 18.686330795288086 ], [ -64.436500549316406, 18.686830520629883 ], [ -64.413131713867188, 18.720149993896484 ], [ -64.411880493164062, 18.7216796875 ], [ -64.407546997070312, 18.725120544433594 ], [ -64.408027648925781, 18.72344970703125 ], [ -64.424453735351562, 18.686330795288086 ] ] ] } },
{ "type": "Feature", "properties": { "cluster_id": 38 }, "geometry": { "type": "Polygon", "coordinates": [ [ [ -91.285392761230469, 27.359039306640625 ], [ -91.366127014160156, 27.366170883178711 ], [ -91.393646240234375, 27.388189315795898 ], [ -91.395713806152344, 27.390399932861328 ], [ -91.3961181640625, 27.391519546508789 ], [ -91.396148681640625, 27.393739700317383 ], [ -91.395370483398438, 27.395540237426758 ], [ -91.394279479980469, 27.396839141845703 ], [ -91.338706970214844, 27.402650833129883 ], [ -91.168769836425781, 27.398910522460938 ], [ -91.103797912597656, 27.379640579223633 ], [ -91.070663452148438, 27.369020462036133 ], [ -91.221572875976562, 27.359159469604492 ], [ -91.285392761230469, 27.359039306640625 ] ] ] } },
{ "type": "Feature", "properties": { "cluster_id": 275 }, "geometry": { "type": "Polygon", "coordinates": [ [ [ -72.06317138671875, 40.631881713867188 ], [ -72.017539978027344, 40.662021636962891 ], [ -71.933952331542969, 40.663978576660156 ], [ -71.932579040527344, 40.663539886474609 ], [ -71.932746887207031, 40.660560607910156 ], [ -71.936897277832031, 40.649810791015625 ], [ -71.937820434570312, 40.648681640625 ], [ -71.939620971679688, 40.647930145263672 ], [ -71.9539794921875, 40.644458770751953 ], [ -71.968070983886719, 40.6414794921875 ], [ -72.010406494140625, 40.636249542236328 ], [ -72.044113159179688, 40.632518768310547 ], [ -72.06317138671875, 40.631881713867188 ] ] ] } },
{ "type": "Feature", "properties": { "cluster_id": 25 }, "geometry": { "type": "Polygon", "coordinates": [ [ [ -90.007667541503906, 27.503570556640625 ], [ -90.066596984863281, 27.509939193725586 ], [ -90.089767456054688, 27.553159713745117 ], [ -90.0909423828125, 27.557989120483398 ], [ -89.899681091308594, 27.57151985168457 ], [ -89.874496459960938, 27.514169692993164 ], [ -89.89459228515625, 27.510940551757812 ], [ -89.968551635742188, 27.505020141601562 ], [ -90.007667541503906, 27.503570556640625 ] ] ] } },
{ "type": "Feature", "properties": { "cluster_id": 264 }, "geometry": { "type": "Polygon", "coordinates": [ [ [ -89.917259216308594, 27.406139373779297 ], [ -90.057060241699219, 27.445560455322266 ], [ -89.904678344726562, 27.452810287475586 ], [ -89.892791748046875, 27.446889877319336 ], [ -89.875686645507812, 27.429710388183594 ], [ -89.873748779296875, 27.427740097045898 ], [ -89.872650146484375, 27.422290802001953 ], [ -89.872596740722656, 27.417709350585938 ], [ -89.874099731445312, 27.415290832519531 ], [ -89.875839233398438, 27.414060592651367 ], [ -89.879188537597656, 27.412149429321289 ], [ -89.917259216308594, 27.406139373779297 ] ] ] } },
{ "type": "Feature", "properties": { "cluster_id": 195 }, "geometry": { "type": "Polygon", "coordinates": [ [ [ -89.863990783691406, 27.358039855957031 ], [ -89.866401672363281, 27.359319686889648 ], [ -89.867271423339844, 27.364459991455078 ], [ -89.86773681640625, 27.399110794067383 ], [ -89.863670349121094, 27.40032958984375 ], [ -89.80859375, 27.392429351806641 ], [ -89.79583740234375, 27.390039443969727 ], [ -89.807426452636719, 27.367349624633789 ], [ -89.863990783691406, 27.358039855957031 ] ] ] } },
{ "type": "Feature", "properties": { "cluster_id": 151 }, "geometry": { "type": "Polygon", "coordinates": [ [ [ -90.164962768554688, 28.844369888305664 ], [ -90.289093017578125, 28.847450256347656 ], [ -90.293663024902344, 28.857839584350586 ], [ -90.303558349609375, 28.919170379638672 ], [ -90.302352905273438, 29.022129058837891 ], [ -90.221122741699219, 29.142969131469727 ], [ -90.220420837402344, 29.143360137939453 ], [ -90.219810485839844, 29.143650054931641 ], [ -90.209228515625, 29.14763069152832 ], [ -90.20892333984375, 29.147720336914062 ], [ -90.208412170410156, 29.147819519042969 ], [ -90.204002380371094, 29.148649215698242 ], [ -90.199073791503906, 29.149530410766602 ], [ -90.199043273925781, 29.149499893188477 ], [ -90.1202392578125, 29.018449783325195 ], [ -90.141220092773438, 28.879110336303711 ], [ -90.164962768554688, 28.844369888305664 ] ] ] } },
{ "type": "Feature", "properties": { "cluster_id": 149 }, "geometry": { "type": "Polygon", "coordinates": [ [ [ -117.557571411132812, 32.297451019287109 ], [ -117.708290100097656, 32.299900054931641 ], [ -117.716598510742188, 32.30670166015625 ], [ -117.728233337402344, 32.340068817138672 ], [ -117.684623718261719, 32.340671539306641 ], [ -117.56488037109375, 32.340431213378906 ], [ -117.523948669433594, 32.299610137939453 ], [ -117.557571411132812, 32.297451019287109 ] ] ] } },
{ "type": "Feature", "properties": { "cluster_id": 168 }, "geometry": { "type": "Polygon", "coordinates": [ [ [ -117.513099670410156, 31.910360336303711 ], [ -117.514717102050781, 31.910820007324219 ], [ -117.516578674316406, 31.912220001220703 ], [ -117.522453308105469, 31.918220520019531 ], [ -117.514678955078125, 31.941059112548828 ], [ -117.401176452636719, 31.957450866699219 ], [ -117.349853515625, 31.935800552368164 ], [ -117.348731994628906, 31.932979583740234 ], [ -117.370460510253906, 31.925970077514648 ], [ -117.513099670410156, 31.910360336303711 ] ] ] } },
{ "type": "Feature", "properties": { "cluster_id": 131 }, "geometry": { "type": "Polygon", "coordinates": [ [ [ -94.095733642578125, 27.166660308837891 ], [ -94.175697326660156, 27.195949554443359 ], [ -94.178817749023438, 27.197700500488281 ], [ -94.182632446289062, 27.200759887695312 ], [ -94.185256958007812, 27.2039794921875 ], [ -94.188423156738281, 27.208629608154297 ], [ -94.1231689453125, 27.208229064941406 ], [ -94.071922302246094, 27.205230712890625 ], [ -94.044647216796875, 27.185480117797852 ], [ -94.04754638671875, 27.173280715942383 ], [ -94.095733642578125, 27.166660308837891 ] ] ] } },
{ "type": "Feature", "properties": { "cluster_id": 167 }, "geometry": { "type": "Polygon", "coordinates": [ [ [ -81.347236633300781, 24.199050903320312 ], [ -81.537132263183594, 24.203529357910156 ], [ -81.562171936035156, 24.218170166015625 ], [ -81.572982788085938, 24.231990814208984 ], [ -81.564178466796875, 24.241060256958008 ], [ -81.451797485351562, 24.243030548095703 ], [ -81.379501342773438, 24.241329193115234 ], [ -81.362052917480469, 24.239679336547852 ], [ -81.356613159179688, 24.237710952758789 ], [ -81.347236633300781, 24.199050903320312 ] ] ] } },
{ "type": "Feature", "properties": { "cluster_id": 253 }, "geometry": { "type": "Polygon", "coordinates": [ [ [ -78.190948486328125, 26.501920700073242 ], [ -78.26104736328125, 26.502069473266602 ], [ -78.331809997558594, 26.525449752807617 ], [ -78.345809936523438, 26.533119201660156 ], [ -78.312400817871094, 26.542970657348633 ], [ -78.210151672363281, 26.540239334106445 ], [ -78.18853759765625, 26.539199829101562 ], [ -78.180931091308594, 26.538080215454102 ], [ -78.177833557128906, 26.536609649658203 ], [ -78.177520751953125, 26.525520324707031 ], [ -78.179786682128906, 26.519449234008789 ], [ -78.190948486328125, 26.501920700073242 ] ] ] } },
{ "type": "Feature", "properties": { "cluster_id": 255 }, "geometry": { "type": "Polygon", "coordinates": [ [ [ -82.148231506347656, 24.205329895019531 ], [ -82.162910461425781, 24.20598030090332 ], [ -82.261962890625, 24.232820510864258 ], [ -82.201911926269531, 24.235710144042969 ], [ -82.045539855957031, 24.239879608154297 ], [ -82.044570922851562, 24.205770492553711 ], [ -82.148231506347656, 24.205329895019531 ] ] ] } },
{ "type": "Feature", "properties": { "cluster_id": 71 }, "geometry": { "type": "Polygon", "coordinates": [ [ [ -82.496719360351562, 42.701988220214844 ], [ -82.496742248535156, 42.702041625976562 ], [ -82.496757507324219, 42.702659606933594 ], [ -82.483543395996094, 42.824359893798828 ], [ -82.472808837890625, 42.888900756835938 ], [ -82.47216796875, 42.891330718994141 ], [ -82.471061706542969, 42.894050598144531 ], [ -82.425666809082031, 42.995670318603516 ], [ -82.415496826171875, 43.018291473388672 ], [ -82.357398986816406, 42.959510803222656 ], [ -82.485671997070312, 42.721019744873047 ], [ -82.488670349121094, 42.715488433837891 ], [ -82.496719360351562, 42.701988220214844 ] ] ] } },
{ "type": "Feature", "properties": { "cluster_id": 90 }, "geometry": { "type": "Polygon", "coordinates": [ [ [ -82.706642150878906, 42.503238677978516 ], [ -82.705673217773438, 42.504669189453125 ], [ -82.50189208984375, 42.690769195556641 ], [ -82.509468078613281, 42.64208984375 ], [ -82.510986328125, 42.635231018066406 ], [ -82.513069152832031, 42.626361846923828 ], [ -82.51715087890625, 42.615730285644531 ], [ -82.520309448242188, 42.610378265380859 ], [ -82.52252197265625, 42.607730865478516 ], [ -82.523323059082031, 42.606960296630859 ], [ -82.58709716796875, 42.552520751953125 ], [ -82.590316772460938, 42.550491333007812 ], [ -82.706642150878906, 42.503238677978516 ] ] ] } },
{ "type": "Feature", "properties": { "cluster_id": 135 }, "geometry": { "type": "Polygon", "coordinates": [ [ [ -82.770957946777344, 42.452098846435547 ], [ -82.729049682617188, 42.484409332275391 ], [ -82.734512329101562, 42.47930908203125 ], [ -82.74688720703125, 42.468460083007812 ], [ -82.750503540039062, 42.465499877929688 ], [ -82.754859924316406, 42.461959838867188 ], [ -82.762626647949219, 42.456859588623047 ], [ -82.770957946777344, 42.452098846435547 ] ] ] } },
{ "type": "Feature", "properties": { "cluster_id": 57 }, "geometry": { "type": "Polygon", "coordinates": [ [ [ -83.1251220703125, 42.12274169921875 ], [ -83.136192321777344, 42.171459197998047 ], [ -83.136611938476562, 42.173469543457031 ], [ -83.136741638183594, 42.283340454101562 ], [ -83.082351684570312, 42.3094482421875 ], [ -83.066162109375, 42.316650390625 ], [ -83.061813354492188, 42.318519592285156 ], [ -82.845710754394531, 42.401870727539062 ], [ -82.845077514648438, 42.401920318603516 ], [ -83.1251220703125, 42.12274169921875 ] ] ] } },
{ "type": "Feature", "properties": { "cluster_id": 208 }, "geometry": { "type": "Polygon", "coordinates": [ [ [ -82.573371887207031, 43.843009948730469 ], [ -82.585746765136719, 43.853179931640625 ], [ -82.598518371582031, 43.878669738769531 ], [ -82.565811157226562, 43.885238647460938 ], [ -82.519027709960938, 43.886810302734375 ], [ -82.518180847167969, 43.883609771728516 ], [ -82.526557922363281, 43.843070983886719 ], [ -82.573371887207031, 43.843009948730469 ] ] ] } },
{ "type": "Feature", "properties": { "cluster_id": 148 }, "geometry": { "type": "Polygon", "coordinates": [ [ [ -83.632591247558594, 43.988838195800781 ], [ -83.633041381835938, 43.990230560302734 ], [ -83.632621765136719, 43.991439819335938 ], [ -83.528602600097656, 44.021568298339844 ], [ -83.527702331542969, 44.018699645996094 ], [ -83.530120849609375, 44.014019012451172 ], [ -83.553230285644531, 43.989528656005859 ], [ -83.632591247558594, 43.988838195800781 ] ] ] } },
{ "type": "Feature", "properties": { "cluster_id": 107 }, "geometry": { "type": "Polygon", "coordinates": [ [ [ -63.942428588867188, 18.063619613647461 ], [ -64.039878845214844, 18.068580627441406 ], [ -64.058006286621094, 18.077640533447266 ], [ -64.017478942871094, 18.101160049438477 ], [ -63.964828491210938, 18.106000900268555 ], [ -63.896739959716797, 18.094879150390625 ], [ -63.845809936523438, 18.070550918579102 ], [ -63.942428588867188, 18.063619613647461 ] ] ] } },
{ "type": "Feature", "properties": { "cluster_id": 36 }, "geometry": { "type": "Polygon", "coordinates": [ [ [ -115.83624267578125, 28.175600051879883 ], [ -115.872108459472656, 28.176870346069336 ], [ -115.89984130859375, 28.197639465332031 ], [ -115.899421691894531, 28.220310211181641 ], [ -115.851249694824219, 28.219829559326172 ], [ -115.838829040527344, 28.190830230712891 ], [ -115.83624267578125, 28.175600051879883 ] ] ] } },
{ "type": "Feature", "properties": { "cluster_id": 159 }, "geometry": { "type": "Polygon", "coordinates": [ [ [ -73.942138671875, 41.733959197998047 ], [ -73.951408386230469, 41.771690368652344 ], [ -73.952217102050781, 41.775901794433594 ], [ -73.952651977539062, 41.781051635742188 ], [ -73.961288452148438, 41.90203857421875 ], [ -73.96270751953125, 41.939121246337891 ], [ -73.962478637695312, 41.943248748779297 ], [ -73.962257385253906, 41.944679260253906 ], [ -73.962158203125, 41.945301055908203 ], [ -73.961982727050781, 41.946060180664062 ], [ -73.9613037109375, 41.948551177978516 ], [ -73.955406188964844, 41.963710784912109 ], [ -73.937850952148438, 41.867420196533203 ], [ -73.940589904785156, 41.7447509765625 ], [ -73.941169738769531, 41.734439849853516 ], [ -73.942138671875, 41.733959197998047 ] ] ] } },
{ "type": "Feature", "properties": { "cluster_id": 88 }, "geometry": { "type": "Polygon", "coordinates": [ [ [ -73.934669494628906, 42.022998809814453 ], [ -73.930366516113281, 42.087680816650391 ], [ -73.929527282714844, 42.094261169433594 ], [ -73.929397583007812, 42.095001220703125 ], [ -73.928520202636719, 42.098838806152344 ], [ -73.924270629882812, 42.111690521240234 ], [ -73.921829223632812, 42.114971160888672 ], [ -73.926353454589844, 42.058311462402344 ], [ -73.927162170410156, 42.051979064941406 ], [ -73.934051513671875, 42.023700714111328 ], [ -73.934669494628906, 42.022998809814453 ] ] ] } },
{ "type": "Feature", "properties": { "cluster_id": 11 }, "geometry": { "type": "Polygon", "coordinates": [ [ [ -73.885269165039062, 42.165149688720703 ], [ -73.761192321777344, 42.611309051513672 ], [ -73.760658264160156, 42.613151550292969 ], [ -73.759391784667969, 42.616500854492188 ], [ -73.754562377929688, 42.628768920898438 ], [ -73.754119873046875, 42.629749298095703 ], [ -73.752761840820312, 42.631259918212891 ], [ -73.752021789550781, 42.631500244140625 ], [ -73.75177001953125, 42.570209503173828 ], [ -73.781143188476562, 42.300689697265625 ], [ -73.781898498535156, 42.294521331787109 ], [ -73.783317565917969, 42.285499572753906 ], [ -73.784149169921875, 42.280670166015625 ], [ -73.786048889160156, 42.274440765380859 ], [ -73.789360046386719, 42.268119812011719 ], [ -73.79229736328125, 42.263839721679688 ], [ -73.793418884277344, 42.262428283691406 ], [ -73.857498168945312, 42.188259124755859 ], [ -73.86090087890625, 42.18505859375 ], [ -73.885269165039062, 42.165149688720703 ] ] ] } },
{ "type": "Feature", "properties": { "cluster_id": 108 }, "geometry": { "type": "Polygon", "coordinates": [ [ [ -73.990623474121094, 41.448150634765625 ], [ -73.999786376953125, 41.454410552978516 ], [ -74.010040283203125, 41.471969604492188 ], [ -74.007339477539062, 41.484718322753906 ], [ -73.998298645019531, 41.526069641113281 ], [ -73.993637084960938, 41.536430358886719 ], [ -73.992622375488281, 41.537799835205078 ], [ -73.990592956542969, 41.538421630859375 ], [ -73.990623474121094, 41.448150634765625 ] ] ] } },
{ "type": "Feature", "properties": { "cluster_id": 223 }, "geometry": { "type": "Polygon", "coordinates": [ [ [ -73.959388732910156, 41.352088928222656 ], [ -73.960090637207031, 41.352161407470703 ], [ -73.959892272949219, 41.35723876953125 ], [ -73.958686828613281, 41.368118286132812 ], [ -73.950706481933594, 41.397758483886719 ], [ -73.948997497558594, 41.396751403808594 ], [ -73.948738098144531, 41.396289825439453 ], [ -73.948211669921875, 41.394458770751953 ], [ -73.948402404785156, 41.392711639404297 ], [ -73.948448181152344, 41.392421722412109 ], [ -73.959388732910156, 41.352088928222656 ] ] ] } },
{ "type": "Feature", "properties": { "cluster_id": 188 }, "geometry": { "type": "Polygon", "coordinates": [ [ [ -73.970413208007812, 41.25537109375 ], [ -73.970420837402344, 41.255821228027344 ], [ -73.970252990722656, 41.257888793945312 ], [ -73.965370178222656, 41.301441192626953 ], [ -73.954811096191406, 41.294120788574219 ], [ -73.949836730957031, 41.289478302001953 ], [ -73.948760986328125, 41.287761688232422 ], [ -73.94921875, 41.283401489257812 ], [ -73.950668334960938, 41.280719757080078 ], [ -73.9517822265625, 41.278728485107422 ], [ -73.970413208007812, 41.25537109375 ] ] ] } },
{ "type": "Feature", "properties": { "cluster_id": 98 }, "geometry": { "type": "Polygon", "coordinates": [ [ [ -73.879806518554688, 41.116840362548828 ], [ -73.903640747070312, 41.157600402832031 ], [ -73.892356872558594, 41.151260375976562 ], [ -73.887557983398438, 41.147979736328125 ], [ -73.885261535644531, 41.145458221435547 ], [ -73.882606506347656, 41.141529083251953 ], [ -73.880943298339844, 41.138080596923828 ], [ -73.879920959472656, 41.134109497070312 ], [ -73.87921142578125, 41.128459930419922 ], [ -73.878852844238281, 41.118061065673828 ], [ -73.878936767578125, 41.117561340332031 ], [ -73.879806518554688, 41.116840362548828 ] ] ] } },
{ "type": "Feature", "properties": { "cluster_id": 272 }, "geometry": { "type": "Polygon", "coordinates": [ [ [ -73.9136962890625, 40.921958923339844 ], [ -73.911239624023438, 40.944671630859375 ], [ -73.910888671875, 40.946460723876953 ], [ -73.907310485839844, 40.9541015625 ], [ -73.9034423828125, 40.961978912353516 ], [ -73.903160095214844, 40.959709167480469 ], [ -73.903358459472656, 40.953670501708984 ], [ -73.907081604003906, 40.937679290771484 ], [ -73.911293029785156, 40.923160552978516 ], [ -73.9136962890625, 40.921958923339844 ] ] ] } },
{ "type": "Feature", "properties": { "cluster_id": 225 }, "geometry": { "type": "Polygon", "coordinates": [ [ [ -85.382980346679688, 29.229030609130859 ], [ -85.396347045898438, 29.231090545654297 ], [ -85.3988037109375, 29.232410430908203 ], [ -85.419998168945312, 29.271940231323242 ], [ -85.412368774414062, 29.273960113525391 ], [ -85.386459350585938, 29.244609832763672 ], [ -85.380439758300781, 29.236270904541016 ], [ -85.381332397460938, 29.231019973754883 ], [ -85.382980346679688, 29.229030609130859 ] ] ] } },
{ "type": "Feature", "properties": { "cluster_id": 155 }, "geometry": { "type": "Polygon", "coordinates": [ [ [ -85.298271179199219, 29.53080940246582 ], [ -85.299232482910156, 29.531400680541992 ], [ -85.302848815917969, 29.537479400634766 ], [ -85.303169250488281, 29.538240432739258 ], [ -85.302787780761719, 29.538669586181641 ], [ -85.291450500488281, 29.54010009765625 ], [ -85.289909362792969, 29.540239334106445 ], [ -85.28875732421875, 29.539920806884766 ], [ -85.281417846679688, 29.535469055175781 ], [ -85.280403137207031, 29.534719467163086 ], [ -85.280769348144531, 29.533769607543945 ], [ -85.282028198242188, 29.53230094909668 ], [ -85.283241271972656, 29.531740188598633 ], [ -85.298271179199219, 29.53080940246582 ] ] ] } },
{ "type": "Feature", "properties": { "cluster_id": 279 }, "geometry": { "type": "Polygon", "coordinates": [ [ [ -66.415481567382812, 17.582740783691406 ], [ -66.471458435058594, 17.585180282592773 ], [ -66.585731506347656, 17.624130249023438 ], [ -66.438270568847656, 17.625799179077148 ], [ -66.382621765136719, 17.625219345092773 ], [ -66.372940063476562, 17.598369598388672 ], [ -66.377693176269531, 17.595939636230469 ], [ -66.385932922363281, 17.592720031738281 ], [ -66.415481567382812, 17.582740783691406 ] ] ] } },
{ "type": "Feature", "properties": { "cluster_id": 145 }, "geometry": { "type": "Polygon", "coordinates": [ [ [ -90.097770690917969, 28.748020172119141 ], [ -90.031929016113281, 28.791130065917969 ], [ -89.997871398925781, 28.795120239257812 ], [ -89.914649963378906, 28.78727912902832 ], [ -89.909149169921875, 28.785640716552734 ], [ -89.906486511230469, 28.784139633178711 ], [ -89.903892517089844, 28.781679153442383 ], [ -89.902252197265625, 28.778999328613281 ], [ -89.89691162109375, 28.763200759887695 ], [ -89.896148681640625, 28.759939193725586 ], [ -89.902870178222656, 28.759069442749023 ], [ -90.005851745605469, 28.751640319824219 ], [ -90.097770690917969, 28.748020172119141 ] ] ] } },
{ "type": "Feature", "properties": { "cluster_id": 142 }, "geometry": { "type": "Polygon", "coordinates": [ [ [ -77.332443237304688, 25.078170776367188 ], [ -77.346031188964844, 25.081750869750977 ], [ -77.349067687988281, 25.083080291748047 ], [ -77.353286743164062, 25.08612060546875 ], [ -77.360740661621094, 25.092870712280273 ], [ -77.372032165527344, 25.103630065917969 ], [ -77.361549377441406, 25.10222053527832 ], [ -77.359230041503906, 25.100330352783203 ], [ -77.332443237304688, 25.078170776367188 ] ] ] } },
{ "type": "Feature", "properties": { "cluster_id": 154 }, "geometry": { "type": "Polygon", "coordinates": [ [ [ -81.6259765625, 24.099510192871094 ], [ -81.650581359863281, 24.100120544433594 ], [ -81.803253173828125, 24.10944938659668 ], [ -81.798377990722656, 24.152570724487305 ], [ -81.779022216796875, 24.176120758056641 ], [ -81.756500244140625, 24.18617057800293 ], [ -81.65283203125, 24.191669464111328 ], [ -81.640670776367188, 24.190830230712891 ], [ -81.594398498535156, 24.178960800170898 ], [ -81.575721740722656, 24.142309188842773 ], [ -81.577720642089844, 24.133769989013672 ], [ -81.619270324707031, 24.100080490112305 ], [ -81.6259765625, 24.099510192871094 ] ] ] } },
{ "type": "Feature", "properties": { "cluster_id": 104 }, "geometry": { "type": "Polygon", "coordinates": [ [ [ -71.482467651367188, 41.260478973388672 ], [ -71.642578125, 41.282169342041016 ], [ -71.650970458984375, 41.287929534912109 ], [ -71.609977722167969, 41.293750762939453 ], [ -71.564079284667969, 41.299110412597656 ], [ -71.532157897949219, 41.29949951171875 ], [ -71.525138854980469, 41.298759460449219 ], [ -71.521949768066406, 41.297920227050781 ], [ -71.501953125, 41.290981292724609 ], [ -71.500137329101562, 41.289810180664062 ], [ -71.482467651367188, 41.260478973388672 ] ] ] } },
{ "type": "Feature", "properties": { "cluster_id": 51 }, "geometry": { "type": "Polygon", "coordinates": [ [ [ -71.999969482421875, 41.22589111328125 ], [ -72.004020690917969, 41.225978851318359 ], [ -72.114959716796875, 41.231918334960938 ], [ -72.121246337890625, 41.234260559082031 ], [ -72.118820190429688, 41.253959655761719 ], [ -72.078201293945312, 41.292839050292969 ], [ -71.908447265625, 41.245891571044922 ], [ -71.924118041992188, 41.237400054931641 ], [ -71.986427307128906, 41.226551055908203 ], [ -71.999969482421875, 41.22589111328125 ] ] ] } },
{ "type": "Feature", "properties": { "cluster_id": 187 }, "geometry": { "type": "Polygon", "coordinates": [ [ [ -72.864723205566406, 41.1715087890625 ], [ -72.869621276855469, 41.174991607666016 ], [ -72.876968383789062, 41.182048797607422 ], [ -72.897598266601562, 41.205619812011719 ], [ -72.839569091796875, 41.180828094482422 ], [ -72.846092224121094, 41.171859741210938 ], [ -72.864723205566406, 41.1715087890625 ] ] ] } },
{ "type": "Feature", "properties": { "cluster_id": 113 }, "geometry": { "type": "Polygon", "coordinates": [ [ [ -80.881629943847656, 31.051589965820312 ], [ -80.879981994628906, 31.067829132080078 ], [ -80.827117919921875, 31.092910766601562 ], [ -80.700531005859375, 31.09358024597168 ], [ -80.709129333496094, 31.091299057006836 ], [ -80.881629943847656, 31.051589965820312 ] ] ] } },
{ "type": "Feature", "properties": { "cluster_id": 132 }, "geometry": { "type": "Polygon", "coordinates": [ [ [ -81.189842224121094, 31.001850128173828 ], [ -81.281890869140625, 31.015600204467773 ], [ -81.288253784179688, 31.01732063293457 ], [ -81.289260864257812, 31.018569946289062 ], [ -81.32586669921875, 31.095510482788086 ], [ -81.323959350585938, 31.094959259033203 ], [ -81.120262145996094, 31.03495979309082 ], [ -81.132553100585938, 31.024349212646484 ], [ -81.189842224121094, 31.001850128173828 ] ] ] } },
{ "type": "Feature", "properties": { "cluster_id": 165 }, "geometry": { "type": "Polygon", "coordinates": [ [ [ -81.439483642578125, 31.100299835205078 ], [ -81.454986572265625, 31.105230331420898 ], [ -81.532386779785156, 31.13092041015625 ], [ -81.535507202148438, 31.132129669189453 ], [ -81.538352966308594, 31.134319305419922 ], [ -81.538101196289062, 31.134689331054688 ], [ -81.494918823242188, 31.135000228881836 ], [ -81.403602600097656, 31.132329940795898 ], [ -81.399391174316406, 31.131729125976562 ], [ -81.39202880859375, 31.130420684814453 ], [ -81.387809753417969, 31.129619598388672 ], [ -81.387031555175781, 31.129379272460938 ], [ -81.3834228515625, 31.128219604492188 ], [ -81.376602172851562, 31.124959945678711 ], [ -81.372787475585938, 31.122980117797852 ], [ -81.368759155273438, 31.12074089050293 ], [ -81.365898132324219, 31.119150161743164 ], [ -81.356239318847656, 31.113580703735352 ], [ -81.345413208007812, 31.107030868530273 ], [ -81.344947814941406, 31.106710433959961 ], [ -81.439483642578125, 31.100299835205078 ] ] ] } },
{ "type": "Feature", "properties": { "cluster_id": 137 }, "geometry": { "type": "Polygon", "coordinates": [ [ [ -125.262252807617188, 48.2034912109375 ], [ -125.337188720703125, 48.221149444580078 ], [ -125.320236206054688, 48.235408782958984 ], [ -125.237457275390625, 48.248279571533203 ], [ -125.186653137207031, 48.249298095703125 ], [ -125.171150207519531, 48.240329742431641 ], [ -125.213493347167969, 48.203670501708984 ], [ -125.262252807617188, 48.2034912109375 ] ] ] } },
{ "type": "Feature", "properties": { "cluster_id": 146 }, "geometry": { "type": "Polygon", "coordinates": [ [ [ -70.067092895507812, 43.615760803222656 ], [ -70.149787902832031, 43.618999481201172 ], [ -70.161186218261719, 43.619590759277344 ], [ -70.168678283691406, 43.620220184326172 ], [ -70.178260803222656, 43.621829986572266 ], [ -70.183700561523438, 43.622749328613281 ], [ -70.195510864257812, 43.625579833984375 ], [ -70.205451965332031, 43.628768920898438 ], [ -70.257682800292969, 43.646888732910156 ], [ -70.257530212402344, 43.647331237792969 ], [ -70.257171630859375, 43.647689819335938 ], [ -70.256690979003906, 43.647930145263672 ], [ -70.253166198730469, 43.648998260498047 ], [ -70.217903137207031, 43.648128509521484 ], [ -70.067092895507812, 43.615760803222656 ] ] ] } },
{ "type": "Feature", "properties": { "cluster_id": 271 }, "geometry": { "type": "Polygon", "coordinates": [ [ [ -76.666801452636719, 34.600841522216797 ], [ -76.689811706542969, 34.632419586181641 ], [ -76.685317993164062, 34.641258239746094 ], [ -76.649307250976562, 34.638500213623047 ], [ -76.648780822753906, 34.638111114501953 ], [ -76.656761169433594, 34.618648529052734 ], [ -76.666801452636719, 34.600841522216797 ] ] ] } },
{ "type": "Feature", "properties": { "cluster_id": 22 }, "geometry": { "type": "Polygon", "coordinates": [ [ [ -156.678955078125, 20.842899322509766 ], [ -156.696640014648438, 20.845869064331055 ], [ -156.6871337890625, 20.863130569458008 ], [ -156.686752319335938, 20.863460540771484 ], [ -156.474014282226562, 20.930889129638672 ], [ -156.46624755859375, 20.896230697631836 ], [ -156.678955078125, 20.842899322509766 ] ] ] } },
{ "type": "Feature", "properties": { "cluster_id": 234 }, "geometry": { "type": "Polygon", "coordinates": [ [ [ -126.028602600097656, 48.269798278808594 ], [ -125.972030639648438, 48.344329833984375 ], [ -125.850997924804688, 48.345928192138672 ], [ -125.845046997070312, 48.342601776123047 ], [ -125.821823120117188, 48.32794189453125 ], [ -125.881988525390625, 48.281639099121094 ], [ -125.884552001953125, 48.281120300292969 ], [ -126.028602600097656, 48.269798278808594 ] ] ] } },
{ "type": "Feature", "properties": { "cluster_id": 261 }, "geometry": { "type": "Polygon", "coordinates": [ [ [ -90.978050231933594, 27.121980667114258 ], [ -90.983627319335938, 27.122020721435547 ], [ -91.02001953125, 27.122390747070312 ], [ -91.000396728515625, 27.160139083862305 ], [ -90.981643676757812, 27.157100677490234 ], [ -90.960678100585938, 27.151350021362305 ], [ -90.95709228515625, 27.12809944152832 ], [ -90.978050231933594, 27.121980667114258 ] ] ] } },
{ "type": "Feature", "properties": { "cluster_id": 246 }, "geometry": { "type": "Polygon", "coordinates": [ [ [ -83.457969665527344, 23.093730926513672 ], [ -83.631446838378906, 23.099489212036133 ], [ -83.632652282714844, 23.099979400634766 ], [ -83.633819580078125, 23.101810455322266 ], [ -83.623863220214844, 23.133710861206055 ], [ -83.606559753417969, 23.13970947265625 ], [ -83.539909362792969, 23.137800216674805 ], [ -83.446342468261719, 23.110679626464844 ], [ -83.421539306640625, 23.099460601806641 ], [ -83.455467224121094, 23.094030380249023 ], [ -83.457969665527344, 23.093730926513672 ] ] ] } },
{ "type": "Feature", "properties": { "cluster_id": 114 }, "geometry": { "type": "Polygon", "coordinates": [ [ [ -90.173187255859375, 35.074588775634766 ], [ -90.17413330078125, 35.075290679931641 ], [ -90.174552917480469, 35.076641082763672 ], [ -90.175041198730469, 35.080219268798828 ], [ -90.175201416015625, 35.081539154052734 ], [ -90.174980163574219, 35.083530426025391 ], [ -90.174888610839844, 35.084339141845703 ], [ -90.162910461425781, 35.085578918457031 ], [ -90.107109069824219, 35.090450286865234 ], [ -90.107017517089844, 35.090381622314453 ], [ -90.106597900390625, 35.089778900146484 ], [ -90.107246398925781, 35.087779998779297 ], [ -90.109237670898438, 35.08428955078125 ], [ -90.110946655273438, 35.082500457763672 ], [ -90.113807678222656, 35.081169128417969 ], [ -90.120109558105469, 35.07830810546875 ], [ -90.122787475585938, 35.077510833740234 ], [ -90.123359680175781, 35.077369689941406 ], [ -90.123947143554688, 35.0772705078125 ], [ -90.126296997070312, 35.077011108398438 ], [ -90.173187255859375, 35.074588775634766 ] ] ] } },
{ "type": "Feature", "properties": { "cluster_id": 7 }, "geometry": { "type": "Polygon", "coordinates": [ [ [ -91.993667602539062, 29.399890899658203 ], [ -92.379310607910156, 29.418619155883789 ], [ -92.243202209472656, 29.728300094604492 ], [ -92.242080688476562, 29.729909896850586 ], [ -92.240318298339844, 29.731729507446289 ], [ -92.188140869140625, 29.781150817871094 ], [ -92.144088745117188, 29.791990280151367 ], [ -92.14404296875, 29.791999816894531 ], [ -92.141372680664062, 29.792449951171875 ], [ -92.127899169921875, 29.787740707397461 ], [ -92.004920959472656, 29.619979858398438 ], [ -92.003982543945312, 29.618579864501953 ], [ -92.003250122070312, 29.617170333862305 ], [ -92.002700805664062, 29.615299224853516 ], [ -92.002388000488281, 29.612480163574219 ], [ -91.985832214355469, 29.408380508422852 ], [ -91.993667602539062, 29.399890899658203 ] ] ] } },
{ "type": "Feature", "properties": { "cluster_id": 73 }, "geometry": { "type": "Polygon", "coordinates": [ [ [ -91.879890441894531, 28.988189697265625 ], [ -91.877227783203125, 29.002029418945312 ], [ -91.876411437988281, 29.002050399780273 ], [ -91.875831604003906, 29.001710891723633 ], [ -91.864189147949219, 28.990100860595703 ], [ -91.864089965820312, 28.989700317382812 ], [ -91.864059448242188, 28.989469528198242 ], [ -91.864082336425781, 28.989450454711914 ], [ -91.874977111816406, 28.988410949707031 ], [ -91.879890441894531, 28.988189697265625 ] ] ] } },
{ "type": "Feature", "properties": { "cluster_id": 27 }, "geometry": { "type": "Polygon", "coordinates": [ [ [ -166.5325927734375, 53.876651763916016 ], [ -166.548980712890625, 53.877490997314453 ], [ -166.500762939453125, 53.93511962890625 ], [ -166.486572265625, 53.94879150390625 ], [ -166.471694946289062, 53.949440002441406 ], [ -166.459060668945312, 53.949699401855469 ], [ -166.481826782226562, 53.913970947265625 ], [ -166.483978271484375, 53.911201477050781 ], [ -166.495101928710938, 53.902469635009766 ], [ -166.508529663085938, 53.892230987548828 ], [ -166.5198974609375, 53.884288787841797 ], [ -166.528533935546875, 53.878791809082031 ], [ -166.5325927734375, 53.876651763916016 ] ] ] } },
{ "type": "Feature", "properties": { "cluster_id": 130 }, "geometry": { "type": "Polygon", "coordinates": [ [ [ -152.518600463867188, 57.712070465087891 ], [ -152.52301025390625, 57.712581634521484 ], [ -152.5269775390625, 57.713771820068359 ], [ -152.529296875, 57.714900970458984 ], [ -152.530242919921875, 57.715389251708984 ], [ -152.532073974609375, 57.717540740966797 ], [ -152.532302856445312, 57.719871520996094 ], [ -152.523651123046875, 57.731521606445312 ], [ -152.425613403320312, 57.783699035644531 ], [ -152.322219848632812, 57.811988830566406 ], [ -152.321609497070312, 57.811569213867188 ], [ -152.321426391601562, 57.811298370361328 ], [ -152.40655517578125, 57.738739013671875 ], [ -152.509857177734375, 57.713230133056641 ], [ -152.514144897460938, 57.712398529052734 ], [ -152.518600463867188, 57.712070465087891 ] ] ] } },
{ "type": "Feature", "properties": { "cluster_id": 241 }, "geometry": { "type": "Polygon", "coordinates": [ [ [ -152.284683227539062, 57.833740234375 ], [ -152.286056518554688, 57.834129333496094 ], [ -152.287612915039062, 57.834880828857422 ], [ -152.306320190429688, 57.846019744873047 ], [ -152.30517578125, 57.848209381103516 ], [ -152.242233276367188, 57.862930297851562 ], [ -152.280654907226562, 57.835430145263672 ], [ -152.284683227539062, 57.833740234375 ] ] ] } },
{ "type": "Feature", "properties": { "cluster_id": 65 }, "geometry": { "type": "Polygon", "coordinates": [ [ [ -152.861785888671875, 57.856460571289062 ], [ -153.000747680664062, 57.967731475830078 ], [ -153.002853393554688, 57.969898223876953 ], [ -152.585174560546875, 57.934700012207031 ], [ -152.499282836914062, 57.920791625976562 ], [ -152.42236328125, 57.882888793945312 ], [ -152.861785888671875, 57.856460571289062 ] ] ] } },
{ "type": "Feature", "properties": { "cluster_id": 163 }, "geometry": { "type": "Polygon", "coordinates": [ [ [ -151.722274780273438, 59.438228607177734 ], [ -151.723114013671875, 59.438270568847656 ], [ -151.842041015625, 59.458259582519531 ], [ -151.852066040039062, 59.462139129638672 ], [ -151.813034057617188, 59.475479125976562 ], [ -151.7293701171875, 59.500858306884766 ], [ -151.673904418945312, 59.506950378417969 ], [ -151.662307739257812, 59.506591796875 ], [ -151.720611572265625, 59.438709259033203 ], [ -151.72125244140625, 59.438339233398438 ], [ -151.722274780273438, 59.438228607177734 ] ] ] } },
{ "type": "Feature", "properties": { "cluster_id": 83 }, "geometry": { "type": "Polygon", "coordinates": [ [ [ -151.504486083984375, 59.563091278076172 ], [ -151.496627807617188, 59.568191528320312 ], [ -151.409866333007812, 59.604549407958984 ], [ -151.40728759765625, 59.604789733886719 ], [ -151.402130126953125, 59.603481292724609 ], [ -151.397842407226562, 59.600780487060547 ], [ -151.401016235351562, 59.597511291503906 ], [ -151.403915405273438, 59.596031188964844 ], [ -151.406692504882812, 59.59490966796875 ], [ -151.41729736328125, 59.591171264648438 ], [ -151.443084716796875, 59.582180023193359 ], [ -151.465316772460938, 59.574638366699219 ], [ -151.504486083984375, 59.563091278076172 ] ] ] } },
{ "type": "Feature", "properties": { "cluster_id": 115 }, "geometry": { "type": "Polygon", "coordinates": [ [ [ -120.148590087890625, 31.52692985534668 ], [ -120.197998046875, 31.533939361572266 ], [ -120.186866760253906, 31.566650390625 ], [ -120.161163330078125, 31.565090179443359 ], [ -120.143760681152344, 31.546409606933594 ], [ -120.141441345214844, 31.543230056762695 ], [ -120.13427734375, 31.527050018310547 ], [ -120.148590087890625, 31.52692985534668 ] ] ] } },
{ "type": "Feature", "properties": { "cluster_id": 138 }, "geometry": { "type": "Polygon", "coordinates": [ [ [ -120.892562866210938, 30.904390335083008 ], [ -121.364639282226562, 30.977039337158203 ], [ -121.368476867675781, 30.980859756469727 ], [ -121.367538452148438, 30.981260299682617 ], [ -121.348442077636719, 30.985809326171875 ], [ -121.329803466796875, 30.989229202270508 ], [ -121.234893798828125, 30.99744987487793 ], [ -121.000282287597656, 30.999639511108398 ], [ -120.837623596191406, 30.970039367675781 ], [ -120.868263244628906, 30.906259536743164 ], [ -120.869583129882812, 30.905620574951172 ], [ -120.892562866210938, 30.904390335083008 ] ] ] } },
{ "type": "Feature", "properties": { "cluster_id": 205 }, "geometry": { "type": "Polygon", "coordinates": [ [ [ -134.355377197265625, 58.265819549560547 ], [ -134.360122680664062, 58.266441345214844 ], [ -134.443984985351562, 58.305419921875 ], [ -134.444122314453125, 58.305538177490234 ], [ -134.444808959960938, 58.306259155273438 ], [ -134.44427490234375, 58.308731079101562 ], [ -134.390975952148438, 58.285049438476562 ], [ -134.357513427734375, 58.267200469970703 ], [ -134.355377197265625, 58.265819549560547 ] ] ] } },
{ "type": "Feature", "properties": { "cluster_id": 190 }, "geometry": { "type": "Polygon", "coordinates": [ [ [ -147.476348876953125, 60.640110015869141 ], [ -147.4552001953125, 60.644481658935547 ], [ -147.450576782226562, 60.644699096679688 ], [ -147.450485229492188, 60.644649505615234 ], [ -147.450393676757812, 60.64453125 ], [ -147.4503173828125, 60.644401550292969 ], [ -147.450271606445312, 60.644309997558594 ], [ -147.450241088867188, 60.644218444824219 ], [ -147.450332641601562, 60.644001007080078 ], [ -147.450485229492188, 60.643901824951172 ], [ -147.451248168945312, 60.643428802490234 ], [ -147.451553344726562, 60.643280029296875 ], [ -147.452957153320312, 60.643089294433594 ], [ -147.476348876953125, 60.640110015869141 ] ] ] } },
{ "type": "Feature", "properties": { "cluster_id": 252 }, "geometry": { "type": "Polygon", "coordinates": [ [ [ -146.882064819335938, 60.805210113525391 ], [ -146.9686279296875, 60.813121795654297 ], [ -147.014205932617188, 60.818889617919922 ], [ -147.008270263671875, 60.834888458251953 ], [ -147.004867553710938, 60.841789245605469 ], [ -147.000473022460938, 60.846511840820312 ], [ -146.99688720703125, 60.849281311035156 ], [ -146.939132690429688, 60.848831176757812 ], [ -146.918075561523438, 60.847648620605469 ], [ -146.879898071289062, 60.806461334228516 ], [ -146.882064819335938, 60.805210113525391 ] ] ] } },
{ "type": "Feature", "properties": { "cluster_id": 87 }, "geometry": { "type": "Polygon", "coordinates": [ [ [ -146.757888793945312, 61.001708984375 ], [ -146.77392578125, 61.002899169921875 ], [ -146.667465209960938, 61.069080352783203 ], [ -146.633468627929688, 61.085338592529297 ], [ -146.62469482421875, 61.089279174804688 ], [ -146.543624877929688, 61.106891632080078 ], [ -146.3427734375, 61.122051239013672 ], [ -146.307113647460938, 61.121578216552734 ], [ -146.306625366210938, 61.121471405029297 ], [ -146.283584594726562, 61.112178802490234 ], [ -146.283172607421875, 61.111740112304688 ], [ -146.284133911132812, 61.110408782958984 ], [ -146.284393310546875, 61.110118865966797 ], [ -146.730316162109375, 61.005699157714844 ], [ -146.757888793945312, 61.001708984375 ] ] ] } },
{ "type": "Feature", "properties": { "cluster_id": 50 }, "geometry": { "type": "Polygon", "coordinates": [ [ [ -146.676559448242188, 60.197849273681641 ], [ -146.718612670898438, 60.200889587402344 ], [ -146.734146118164062, 60.205848693847656 ], [ -146.738616943359375, 60.208358764648438 ], [ -146.765243530273438, 60.2333984375 ], [ -146.76763916015625, 60.256820678710938 ], [ -146.768890380859375, 60.274269104003906 ], [ -146.734176635742188, 60.276020050048828 ], [ -146.7247314453125, 60.276378631591797 ], [ -146.654312133789062, 60.207550048828125 ], [ -146.65386962890625, 60.206619262695312 ], [ -146.653915405273438, 60.204341888427734 ], [ -146.656845092773438, 60.202018737792969 ], [ -146.6619873046875, 60.199779510498047 ], [ -146.669296264648438, 60.198318481445312 ], [ -146.676559448242188, 60.197849273681641 ] ] ] } },
{ "type": "Feature", "properties": { "cluster_id": 29 }, "geometry": { "type": "Polygon", "coordinates": [ [ [ -163.381866455078125, 54.833389282226562 ], [ -163.38494873046875, 54.835750579833984 ], [ -163.406051635742188, 54.856498718261719 ], [ -163.410690307617188, 54.862049102783203 ], [ -163.367767333984375, 54.954849243164062 ], [ -163.364944458007812, 54.955158233642578 ], [ -163.322418212890625, 54.910221099853516 ], [ -163.3333740234375, 54.879199981689453 ], [ -163.3795166015625, 54.83367919921875 ], [ -163.381866455078125, 54.833389282226562 ] ] ] } },
{ "type": "Feature", "properties": { "cluster_id": 193 }, "geometry": { "type": "Polygon", "coordinates": [ [ [ -163.160736083984375, 54.776340484619141 ], [ -163.295852661132812, 54.783008575439453 ], [ -163.311676025390625, 54.784038543701172 ], [ -163.3427734375, 54.789340972900391 ], [ -163.3463134765625, 54.790279388427734 ], [ -163.349533081054688, 54.791568756103516 ], [ -163.352493286132812, 54.793178558349609 ], [ -163.357955932617188, 54.797260284423828 ], [ -163.359527587890625, 54.798820495605469 ], [ -163.364593505859375, 54.806980133056641 ], [ -163.365829467773438, 54.811241149902344 ], [ -163.179641723632812, 54.788288116455078 ], [ -163.152587890625, 54.783248901367188 ], [ -163.150497436523438, 54.779911041259766 ], [ -163.160736083984375, 54.776340484619141 ] ] ] } },
{ "type": "Feature", "properties": { "cluster_id": 30 }, "geometry": { "type": "Polygon", "coordinates": [ [ [ -165.64654541015625, 54.21527099609375 ], [ -165.640625, 54.2193603515625 ], [ -165.615585327148438, 54.233741760253906 ], [ -165.615158081054688, 54.233688354492188 ], [ -165.615005493164062, 54.233650207519531 ], [ -165.614639282226562, 54.233539581298828 ], [ -165.614242553710938, 54.233089447021484 ], [ -165.614044189453125, 54.230491638183594 ], [ -165.619125366210938, 54.223850250244141 ], [ -165.631973266601562, 54.218891143798828 ], [ -165.641952514648438, 54.216171264648438 ], [ -165.64654541015625, 54.21527099609375 ] ] ] } },
{ "type": "Feature", "properties": { "cluster_id": 120 }, "geometry": { "type": "Polygon", "coordinates": [ [ [ -72.635963439941406, 40.737560272216797 ], [ -72.685623168945312, 40.758518218994141 ], [ -72.687820434570312, 40.765380859375 ], [ -72.687477111816406, 40.771171569824219 ], [ -72.686668395996094, 40.773189544677734 ], [ -72.686233520507812, 40.774200439453125 ], [ -72.564773559570312, 40.806629180908203 ], [ -72.561981201171875, 40.806968688964844 ], [ -72.550361633300781, 40.806549072265625 ], [ -72.549110412597656, 40.806049346923828 ], [ -72.543617248535156, 40.800540924072266 ], [ -72.542518615722656, 40.798301696777344 ], [ -72.547073364257812, 40.779689788818359 ], [ -72.550491333007812, 40.775409698486328 ], [ -72.634567260742188, 40.737720489501953 ], [ -72.635963439941406, 40.737560272216797 ] ] ] } },
{ "type": "Feature", "properties": { "cluster_id": 112 }, "geometry": { "type": "Polygon", "coordinates": [ [ [ -163.379440307617188, 54.978141784667969 ], [ -163.426361083984375, 55.002140045166016 ], [ -163.57562255859375, 55.086841583251953 ], [ -163.4991455078125, 55.099990844726562 ], [ -163.422698974609375, 55.052799224853516 ], [ -163.419021606445312, 55.04827880859375 ], [ -163.379440307617188, 54.978141784667969 ] ] ] } },
{ "type": "Feature", "properties": { "cluster_id": 79 }, "geometry": { "type": "Polygon", "coordinates": [ [ [ -160.500885009765625, 55.33203125 ], [ -160.501922607421875, 55.332340240478516 ], [ -160.5025634765625, 55.332660675048828 ], [ -160.506317138671875, 55.335430145263672 ], [ -160.507232666015625, 55.337398529052734 ], [ -160.505111694335938, 55.341670989990234 ], [ -160.496444702148438, 55.333248138427734 ], [ -160.496383666992188, 55.333141326904297 ], [ -160.496353149414062, 55.332969665527344 ], [ -160.496414184570312, 55.332889556884766 ], [ -160.49652099609375, 55.332801818847656 ], [ -160.4967041015625, 55.332759857177734 ], [ -160.50042724609375, 55.332080841064453 ], [ -160.500885009765625, 55.33203125 ] ] ] } },
{ "type": "Feature", "properties": { "cluster_id": 126 }, "geometry": { "type": "Polygon", "coordinates": [ [ [ -165.796676635742188, 54.125511169433594 ], [ -165.797210693359375, 54.125709533691406 ], [ -165.796173095703125, 54.128078460693359 ], [ -165.794784545898438, 54.129341125488281 ], [ -165.790206909179688, 54.132900238037109 ], [ -165.717864990234375, 54.143878936767578 ], [ -165.7071533203125, 54.142528533935547 ], [ -165.70953369140625, 54.140949249267578 ], [ -165.720077514648438, 54.136119842529297 ], [ -165.732757568359375, 54.132720947265625 ], [ -165.745513916015625, 54.131050109863281 ], [ -165.796676635742188, 54.125511169433594 ] ] ] } },
{ "type": "Feature", "properties": { "cluster_id": 94 }, "geometry": { "type": "Polygon", "coordinates": [ [ [ -84.924270629882812, 46.772220611572266 ], [ -85.017616271972656, 46.789741516113281 ], [ -85.014076232910156, 46.810718536376953 ], [ -85.003952026367188, 46.811798095703125 ], [ -84.844711303710938, 46.805110931396484 ], [ -84.838348388671875, 46.789558410644531 ], [ -84.924270629882812, 46.772220611572266 ] ] ] } },
{ "type": "Feature", "properties": { "cluster_id": 181 }, "geometry": { "type": "Polygon", "coordinates": [ [ [ -84.704719543457031, 46.573429107666016 ], [ -84.727279663085938, 46.574661254882812 ], [ -84.785018920898438, 46.606998443603516 ], [ -84.788429260253906, 46.609970092773438 ], [ -84.79730224609375, 46.620891571044922 ], [ -84.762298583984375, 46.620731353759766 ], [ -84.706016540527344, 46.620071411132812 ], [ -84.674140930175781, 46.619411468505859 ], [ -84.671127319335938, 46.61920166015625 ], [ -84.657241821289062, 46.574661254882812 ], [ -84.704719543457031, 46.573429107666016 ] ] ] } },
{ "type": "Feature", "properties": { "cluster_id": 119 }, "geometry": { "type": "Polygon", "coordinates": [ [ [ -83.891860961914062, 45.903209686279297 ], [ -83.925849914550781, 45.910148620605469 ], [ -84.102699279785156, 46.184139251708984 ], [ -84.097198486328125, 46.184719085693359 ], [ -84.020561218261719, 46.139331817626953 ], [ -83.881576538085938, 46.026958465576172 ], [ -83.880928039550781, 46.02178955078125 ], [ -83.879730224609375, 45.923568725585938 ], [ -83.891860961914062, 45.903209686279297 ] ] ] } },
{ "type": "Feature", "properties": { "cluster_id": 270 }, "geometry": { "type": "Polygon", "coordinates": [ [ [ -84.280601501464844, 45.725620269775391 ], [ -84.303421020507812, 45.736801147460938 ], [ -84.305137634277344, 45.737758636474609 ], [ -84.306381225585938, 45.739288330078125 ], [ -84.306121826171875, 45.740371704101562 ], [ -84.3052978515625, 45.741111755371094 ], [ -84.303962707519531, 45.741630554199219 ], [ -84.301300048828125, 45.741809844970703 ], [ -84.110092163085938, 45.735111236572266 ], [ -84.113517761230469, 45.734428405761719 ], [ -84.120506286621094, 45.733840942382812 ], [ -84.280601501464844, 45.725620269775391 ] ] ] } },
{ "type": "Feature", "properties": { "cluster_id": 124 }, "geometry": { "type": "Polygon", "coordinates": [ [ [ -83.139816284179688, 45.088600158691406 ], [ -83.168937683105469, 45.161441802978516 ], [ -83.162269592285156, 45.173839569091797 ], [ -83.154487609863281, 45.182338714599609 ], [ -83.019172668457031, 45.178829193115234 ], [ -82.961700439453125, 45.164920806884766 ], [ -82.975830078125, 45.091999053955078 ], [ -83.139816284179688, 45.088600158691406 ] ] ] } },
{ "type": "Feature", "properties": { "cluster_id": 199 }, "geometry": { "type": "Polygon", "coordinates": [ [ [ -83.128562927246094, 41.974220275878906 ], [ -83.135169982910156, 41.991710662841797 ], [ -83.138420104980469, 42.000568389892578 ], [ -83.141899108886719, 42.010669708251953 ], [ -83.140289306640625, 42.01824951171875 ], [ -83.137252807617188, 42.019458770751953 ], [ -83.128562927246094, 41.974220275878906 ] ] ] } },
{ "type": "Feature", "properties": { "cluster_id": 169 }, "geometry": { "type": "Polygon", "coordinates": [ [ [ -82.78466796875, 41.879001617431641 ], [ -83.10968017578125, 41.892318725585938 ], [ -83.10833740234375, 41.923599243164062 ], [ -82.828117370605469, 41.914508819580078 ], [ -82.825447082519531, 41.914150238037109 ], [ -82.749732971191406, 41.896049499511719 ], [ -82.728630065917969, 41.888710021972656 ], [ -82.729652404785156, 41.885150909423828 ], [ -82.78466796875, 41.879001617431641 ] ] ] } },
{ "type": "Feature", "properties": { "cluster_id": 200 }, "geometry": { "type": "Polygon", "coordinates": [ [ [ -82.413063049316406, 43.0802001953125 ], [ -82.414817810058594, 43.110340118408203 ], [ -82.409660339355469, 43.118938446044922 ], [ -82.362327575683594, 43.097721099853516 ], [ -82.362106323242188, 43.096218109130859 ], [ -82.36376953125, 43.095321655273438 ], [ -82.404060363769531, 43.080890655517578 ], [ -82.413063049316406, 43.0802001953125 ] ] ] } },
{ "type": "Feature", "properties": { "cluster_id": 213 }, "geometry": { "type": "Polygon", "coordinates": [ [ [ -83.446426391601562, 44.221298217773438 ], [ -83.447410583496094, 44.221649169921875 ], [ -83.449043273925781, 44.222999572753906 ], [ -83.44830322265625, 44.223949432373047 ], [ -83.447563171386719, 44.224441528320312 ], [ -83.437118530273438, 44.223861694335938 ], [ -83.445060729980469, 44.221630096435547 ], [ -83.446426391601562, 44.221298217773438 ] ] ] } },
{ "type": "Feature", "properties": { "cluster_id": 85 }, "geometry": { "type": "Polygon", "coordinates": [ [ [ -91.323486328125, 29.63909912109375 ], [ -91.3253173828125, 29.63916015625 ], [ -91.358299255371094, 29.641990661621094 ], [ -91.367301940917969, 29.643289566040039 ], [ -91.368492126464844, 29.643510818481445 ], [ -91.395942687988281, 29.649290084838867 ], [ -91.405410766601562, 29.651630401611328 ], [ -91.407798767089844, 29.652280807495117 ], [ -91.261337280273438, 29.65315055847168 ], [ -91.279693603515625, 29.647039413452148 ], [ -91.285011291503906, 29.645990371704102 ], [ -91.316650390625, 29.639949798583984 ], [ -91.323486328125, 29.63909912109375 ] ] ] } },
{ "type": "Feature", "properties": { "cluster_id": 86 }, "geometry": { "type": "Polygon", "coordinates": [ [ [ -91.099952697753906, 29.657989501953125 ], [ -91.243492126464844, 29.658300399780273 ], [ -91.235511779785156, 29.667770385742188 ], [ -91.212760925292969, 29.687070846557617 ], [ -91.2091064453125, 29.688310623168945 ], [ -91.203628540039062, 29.688970565795898 ], [ -91.0985107421875, 29.691669464111328 ], [ -91.097358703613281, 29.691059112548828 ], [ -91.098991394042969, 29.666469573974609 ], [ -91.099952697753906, 29.657989501953125 ] ] ] } },
{ "type": "Feature", "properties": { "cluster_id": 39 }, "geometry": { "type": "Polygon", "coordinates": [ [ [ -156.67352294921875, 21.033050537109375 ], [ -156.692642211914062, 21.059839248657227 ], [ -156.675613403320312, 21.066970825195312 ], [ -156.655563354492188, 21.074089050292969 ], [ -156.648544311523438, 21.076179504394531 ], [ -156.636566162109375, 21.078659057617188 ], [ -156.626998901367188, 21.080089569091797 ], [ -156.623779296875, 21.080280303955078 ], [ -156.60015869140625, 21.080049514770508 ], [ -156.573745727539062, 21.075920104980469 ], [ -156.566131591796875, 21.0731201171875 ], [ -156.532211303710938, 21.059839248657227 ], [ -156.502944946289062, 21.047269821166992 ], [ -156.492950439453125, 21.041280746459961 ], [ -156.490875244140625, 21.039329528808594 ], [ -156.498077392578125, 21.03462028503418 ], [ -156.67352294921875, 21.033050537109375 ] ] ] } },
{ "type": "Feature", "properties": { "cluster_id": 166 }, "geometry": { "type": "Polygon", "coordinates": [ [ [ -156.959274291992188, 20.986419677734375 ], [ -157.0328369140625, 20.994119644165039 ], [ -157.041015625, 20.99506950378418 ], [ -157.148239135742188, 21.011699676513672 ], [ -157.15252685546875, 21.019529342651367 ], [ -157.140777587890625, 21.01991081237793 ], [ -157.117767333984375, 21.019880294799805 ], [ -157.045166015625, 21.013250350952148 ], [ -157.004684448242188, 21.009330749511719 ], [ -156.965484619140625, 21.005239486694336 ], [ -156.959274291992188, 20.986419677734375 ] ] ] } },
{ "type": "Feature", "properties": { "cluster_id": 242 }, "geometry": { "type": "Polygon", "coordinates": [ [ [ -157.703582763671875, 21.135129928588867 ], [ -157.752853393554688, 21.143880844116211 ], [ -157.838211059570312, 21.168350219726562 ], [ -157.842483520507812, 21.170589447021484 ], [ -157.8319091796875, 21.175590515136719 ], [ -157.77410888671875, 21.16703987121582 ], [ -157.769241333007812, 21.165359497070312 ], [ -157.739212036132812, 21.154630661010742 ], [ -157.719436645507812, 21.143899917602539 ], [ -157.703582763671875, 21.135129928588867 ] ] ] } },
{ "type": "Feature", "properties": { "cluster_id": 221 }, "geometry": { "type": "Polygon", "coordinates": [ [ [ -64.667327880859375, 19.404369354248047 ], [ -64.699722290039062, 19.413339614868164 ], [ -64.678901672363281, 19.441429138183594 ], [ -64.617301940917969, 19.451240539550781 ], [ -64.616767883300781, 19.448530197143555 ], [ -64.617073059082031, 19.447719573974609 ], [ -64.627479553222656, 19.434530258178711 ], [ -64.632949829101562, 19.428129196166992 ], [ -64.647361755371094, 19.413139343261719 ], [ -64.650039672851562, 19.410680770874023 ], [ -64.667327880859375, 19.404369354248047 ] ] ] } },
{ "type": "Feature", "properties": { "cluster_id": 92 }, "geometry": { "type": "Polygon", "coordinates": [ [ [ -64.543411254882812, 18.999860763549805 ], [ -64.544418334960938, 18.999969482421875 ], [ -64.744232177734375, 19.060970306396484 ], [ -64.575691223144531, 19.06757926940918 ], [ -64.574180603027344, 19.065629959106445 ], [ -64.527999877929688, 19.002130508422852 ], [ -64.528312683105469, 19.001680374145508 ], [ -64.528488159179688, 19.001569747924805 ], [ -64.529411315917969, 19.001079559326172 ], [ -64.543411254882812, 18.999860763549805 ] ] ] } },
{ "type": "Feature", "properties": { "cluster_id": 67 }, "geometry": { "type": "Polygon", "coordinates": [ [ [ -126.019813537597656, 48.395050048828125 ], [ -126.028892517089844, 48.397449493408203 ], [ -126.031288146972656, 48.398548126220703 ], [ -126.03607177734375, 48.401618957519531 ], [ -126.048103332519531, 48.410091400146484 ], [ -126.047698974609375, 48.424278259277344 ], [ -126.047096252441406, 48.426971435546875 ], [ -126.045059204101562, 48.433528900146484 ], [ -125.944221496582031, 48.437931060791016 ], [ -125.926589965820312, 48.421199798583984 ], [ -125.926513671875, 48.419761657714844 ], [ -125.928291320800781, 48.418941497802734 ], [ -126.019813537597656, 48.395050048828125 ] ] ] } },
{ "type": "Feature", "properties": { "cluster_id": 276 }, "geometry": { "type": "Polygon", "coordinates": [ [ [ -89.071220397949219, 30.336990356445312 ], [ -89.08837890625, 30.349889755249023 ], [ -89.088531494140625, 30.350059509277344 ], [ -89.091796875, 30.354169845581055 ], [ -89.093002319335938, 30.356170654296875 ], [ -89.092597961425781, 30.356470108032227 ], [ -89.090431213378906, 30.355690002441406 ], [ -89.089706420898438, 30.355400085449219 ], [ -89.082588195800781, 30.350030899047852 ], [ -89.080230712890625, 30.347679138183594 ], [ -89.071220397949219, 30.336990356445312 ] ] ] } },
{ "type": "Feature", "properties": { "cluster_id": 136 }, "geometry": { "type": "Polygon", "coordinates": [ [ [ -97.826240539550781, 22.484289169311523 ], [ -97.868179321289062, 22.485170364379883 ], [ -97.872802734375, 22.485429763793945 ], [ -97.87384033203125, 22.486049652099609 ], [ -97.873451232910156, 22.48682975769043 ], [ -97.872627258300781, 22.487360000610352 ], [ -97.804298400878906, 22.501810073852539 ], [ -97.779220581054688, 22.496730804443359 ], [ -97.7996826171875, 22.487220764160156 ], [ -97.805549621582031, 22.485679626464844 ], [ -97.816658020019531, 22.48430061340332 ], [ -97.826240539550781, 22.484289169311523 ] ] ] } },
{ "type": "Feature", "properties": { "cluster_id": 227 }, "geometry": { "type": "Polygon", "coordinates": [ [ [ -81.464752197265625, 30.677059173583984 ], [ -81.464950561523438, 30.677160263061523 ], [ -81.462860107421875, 30.704189300537109 ], [ -81.459671020507812, 30.711599349975586 ], [ -81.372718811035156, 30.710590362548828 ], [ -81.370140075683594, 30.708580017089844 ], [ -81.36712646484375, 30.686159133911133 ], [ -81.366828918457031, 30.681430816650391 ], [ -81.464752197265625, 30.677059173583984 ] ] ] } },
{ "type": "Feature", "properties": { "cluster_id": 178 }, "geometry": { "type": "Polygon", "coordinates": [ [ [ -119.68475341796875, 34.357151031494141 ], [ -119.683967590332031, 34.392730712890625 ], [ -119.683723449707031, 34.396659851074219 ], [ -119.683601379394531, 34.397018432617188 ], [ -119.683479309082031, 34.397220611572266 ], [ -119.683021545410156, 34.397251129150391 ], [ -119.68267822265625, 34.397029876708984 ], [ -119.6815185546875, 34.390640258789062 ], [ -119.680267333984375, 34.378238677978516 ], [ -119.682090759277344, 34.363151550292969 ], [ -119.68475341796875, 34.357151031494141 ] ] ] } },
{ "type": "Feature", "properties": { "cluster_id": 230 }, "geometry": { "type": "Polygon", "coordinates": [ [ [ -121.884201049804688, 36.6126708984375 ], [ -121.88604736328125, 36.612930297851562 ], [ -121.886268615722656, 36.613021850585938 ], [ -121.898490905761719, 36.649120330810547 ], [ -121.895309448242188, 36.646568298339844 ], [ -121.892486572265625, 36.643661499023438 ], [ -121.888046264648438, 36.638290405273438 ], [ -121.8856201171875, 36.628490447998047 ], [ -121.884376525878906, 36.620620727539062 ], [ -121.883872985839844, 36.613418579101562 ], [ -121.884147644042969, 36.612678527832031 ], [ -121.884201049804688, 36.6126708984375 ] ] ] } },
{ "type": "Feature", "properties": { "cluster_id": 222 }, "geometry": { "type": "Polygon", "coordinates": [ [ [ -66.182693481445312, 17.536050796508789 ], [ -66.249832153320312, 17.547639846801758 ], [ -66.251258850097656, 17.548099517822266 ], [ -66.252388000488281, 17.548879623413086 ], [ -66.253318786621094, 17.549909591674805 ], [ -66.254493713378906, 17.552520751953125 ], [ -66.256736755371094, 17.564180374145508 ], [ -66.25689697265625, 17.570989608764648 ], [ -66.256683349609375, 17.574680328369141 ], [ -66.255859375, 17.579700469970703 ], [ -66.177139282226562, 17.578830718994141 ], [ -66.146690368652344, 17.546989440917969 ], [ -66.157211303710938, 17.543519973754883 ], [ -66.182693481445312, 17.536050796508789 ] ] ] } },
{ "type": "Feature", "properties": { "cluster_id": 260 }, "geometry": { "type": "Polygon", "coordinates": [ [ [ -79.787590026855469, 43.267101287841797 ], [ -79.8509521484375, 43.271659851074219 ], [ -79.860710144042969, 43.278400421142578 ], [ -79.768951416015625, 43.312450408935547 ], [ -79.765556335449219, 43.313289642333984 ], [ -79.755668640136719, 43.313331604003906 ], [ -79.744171142578125, 43.31317138671875 ], [ -79.787590026855469, 43.267101287841797 ] ] ] } },
{ "type": "Feature", "properties": { "cluster_id": 229 }, "geometry": { "type": "Polygon", "coordinates": [ [ [ -125.1219482421875, 50.075080871582031 ], [ -125.175682067871094, 50.109268188476562 ], [ -125.170387268066406, 50.109718322753906 ], [ -125.133003234863281, 50.108760833740234 ], [ -125.0830078125, 50.106739044189453 ], [ -125.069129943847656, 50.105480194091797 ], [ -125.068702697753906, 50.105400085449219 ], [ -125.068679809570312, 50.105018615722656 ], [ -125.069122314453125, 50.103389739990234 ], [ -125.090011596679688, 50.086540222167969 ], [ -125.1219482421875, 50.075080871582031 ] ] ] } },
{ "type": "Feature", "properties": { "cluster_id": 13 }, "geometry": { "type": "Polygon", "coordinates": [ [ [ -79.193466186523438, 43.124649047851562 ], [ -79.231468200683594, 43.258968353271484 ], [ -79.232002258300781, 43.266170501708984 ], [ -79.2109375, 43.265769958496094 ], [ -79.196998596191406, 43.183330535888672 ], [ -79.19635009765625, 43.178691864013672 ], [ -79.192596435546875, 43.14923095703125 ], [ -79.192001342773438, 43.143169403076172 ], [ -79.19183349609375, 43.141170501708984 ], [ -79.19183349609375, 43.138328552246094 ], [ -79.192497253417969, 43.128829956054688 ], [ -79.192672729492188, 43.127670288085938 ], [ -79.193466186523438, 43.124649047851562 ] ] ] } },
{ "type": "Feature", "properties": { "cluster_id": 147 }, "geometry": { "type": "Polygon", "coordinates": [ [ [ -79.248832702636719, 42.883499145507812 ], [ -79.248672485351562, 42.888168334960938 ], [ -79.248016357421875, 42.892349243164062 ], [ -79.244232177734375, 42.908401489257812 ], [ -79.23883056640625, 42.930698394775391 ], [ -79.248832702636719, 42.883499145507812 ] ] ] } },
{ "type": "Feature", "properties": { "cluster_id": 266 }, "geometry": { "type": "Polygon", "coordinates": [ [ [ -123.898712158203125, 49.745491027832031 ], [ -123.921096801757812, 49.753398895263672 ], [ -123.960853576660156, 49.776111602783203 ], [ -123.954536437988281, 49.779708862304688 ], [ -123.947883605957031, 49.780841827392578 ], [ -123.945793151855469, 49.781078338623047 ], [ -123.892440795898438, 49.747970581054688 ], [ -123.891921997070312, 49.746959686279297 ], [ -123.893608093261719, 49.746250152587891 ], [ -123.89752197265625, 49.745658874511719 ], [ -123.898712158203125, 49.745491027832031 ] ] ] } },
{ "type": "Feature", "properties": { "cluster_id": 218 }, "geometry": { "type": "Polygon", "coordinates": [ [ [ -125.55670166015625, 48.87322998046875 ], [ -125.58489990234375, 48.921798706054688 ], [ -125.545440673828125, 48.943759918212891 ], [ -125.544273376464844, 48.944229125976562 ], [ -125.535697937011719, 48.940048217773438 ], [ -125.488739013671875, 48.905971527099609 ], [ -125.486968994140625, 48.897850036621094 ], [ -125.490989685058594, 48.895858764648438 ], [ -125.55670166015625, 48.87322998046875 ] ] ] } },
{ "type": "Feature", "properties": { "cluster_id": 238 }, "geometry": { "type": "Polygon", "coordinates": [ [ [ -81.484092712402344, 42.4056396484375 ], [ -81.5469970703125, 42.428081512451172 ], [ -81.546127319335938, 42.436168670654297 ], [ -81.5460205078125, 42.436420440673828 ], [ -81.544906616210938, 42.436698913574219 ], [ -81.484092712402344, 42.4056396484375 ] ] ] } },
{ "type": "Feature", "properties": { "cluster_id": 152 }, "geometry": { "type": "Polygon", "coordinates": [ [ [ -82.427932739257812, 41.483451843261719 ], [ -82.429862976074219, 41.48419189453125 ], [ -82.430473327636719, 41.484928131103516 ], [ -82.430549621582031, 41.485950469970703 ], [ -82.428817749023438, 41.487739562988281 ], [ -82.421722412109375, 41.487621307373047 ], [ -82.424697875976562, 41.484661102294922 ], [ -82.427932739257812, 41.483451843261719 ] ] ] } },
{ "type": "Feature", "properties": { "cluster_id": 26 }, "geometry": { "type": "Polygon", "coordinates": [ [ [ -82.445030212402344, 41.80194091796875 ], [ -82.458999633789062, 41.802669525146484 ], [ -82.463829040527344, 41.803501129150391 ], [ -82.491889953613281, 41.821220397949219 ], [ -82.494270324707031, 41.82666015625 ], [ -82.368659973144531, 41.827220916748047 ], [ -82.355499267578125, 41.826999664306641 ], [ -82.358673095703125, 41.822330474853516 ], [ -82.37847900390625, 41.810588836669922 ], [ -82.440177917480469, 41.802310943603516 ], [ -82.445030212402344, 41.80194091796875 ] ] ] } },
{ "type": "Feature", "properties": { "cluster_id": 268 }, "geometry": { "type": "Polygon", "coordinates": [ [ [ -82.496986389160156, 41.830291748046875 ], [ -82.5059814453125, 41.831798553466797 ], [ -82.661666870117188, 41.869331359863281 ], [ -82.608352661132812, 41.876651763916016 ], [ -82.605377197265625, 41.876869201660156 ], [ -82.599861145019531, 41.875728607177734 ], [ -82.585220336914062, 41.870441436767578 ], [ -82.571800231933594, 41.865291595458984 ], [ -82.565048217773438, 41.862579345703125 ], [ -82.540359497070312, 41.852291107177734 ], [ -82.496986389160156, 41.830291748046875 ] ] ] } },
{ "type": "Feature", "properties": { "cluster_id": 235 }, "geometry": { "type": "Polygon", "coordinates": [ [ [ -80.647529602050781, 42.312999725341797 ], [ -80.622230529785156, 42.339088439941406 ], [ -80.592048645019531, 42.346569061279297 ], [ -80.482048034667969, 42.347900390625 ], [ -80.47332763671875, 42.347751617431641 ], [ -80.472137451171875, 42.346950531005859 ], [ -80.4691162109375, 42.338069915771484 ], [ -80.509750366210938, 42.326850891113281 ], [ -80.647529602050781, 42.312999725341797 ] ] ] } },
{ "type": "Feature", "properties": { "cluster_id": 58 }, "geometry": { "type": "Polygon", "coordinates": [ [ [ -88.739509582519531, 48.253330230712891 ], [ -88.967132568359375, 48.272331237792969 ], [ -88.97161865234375, 48.272930145263672 ], [ -89.230926513671875, 48.353988647460938 ], [ -89.231521606445312, 48.354221343994141 ], [ -89.232452392578125, 48.354690551757812 ], [ -89.232368469238281, 48.356399536132812 ], [ -89.223831176757812, 48.414161682128906 ], [ -89.189178466796875, 48.447319030761719 ], [ -89.18096923828125, 48.447269439697266 ], [ -88.778068542480469, 48.295028686523438 ], [ -88.73193359375, 48.269748687744141 ], [ -88.726119995117188, 48.257869720458984 ], [ -88.739509582519531, 48.253330230712891 ] ] ] } },
{ "type": "Feature", "properties": { "cluster_id": 236 }, "geometry": { "type": "Polygon", "coordinates": [ [ [ -88.353378295898438, 48.20281982421875 ], [ -88.454116821289062, 48.230598449707031 ], [ -88.469276428222656, 48.249549865722656 ], [ -88.453567504882812, 48.247699737548828 ], [ -88.424819946289062, 48.243789672851562 ], [ -88.417510986328125, 48.240558624267578 ], [ -88.342857360839844, 48.204078674316406 ], [ -88.353378295898438, 48.20281982421875 ] ] ] } },
{ "type": "Feature", "properties": { "cluster_id": 143 }, "geometry": { "type": "Polygon", "coordinates": [ [ [ -125.138587951660156, 48.835929870605469 ], [ -125.139228820800781, 48.836029052734375 ], [ -125.147087097167969, 48.839950561523438 ], [ -125.147789001464844, 48.856651306152344 ], [ -125.140533447265625, 48.861919403076172 ], [ -125.128189086914062, 48.870201110839844 ], [ -125.1273193359375, 48.866878509521484 ], [ -125.130096435546875, 48.850971221923828 ], [ -125.135108947753906, 48.837421417236328 ], [ -125.138282775878906, 48.835990905761719 ], [ -125.138587951660156, 48.835929870605469 ] ] ] } },
{ "type": "Feature", "properties": { "cluster_id": 224 }, "geometry": { "type": "Polygon", "coordinates": [ [ [ -125.106109619140625, 48.873378753662109 ], [ -125.119216918945312, 48.874248504638672 ], [ -125.0924072265625, 48.887771606445312 ], [ -125.070259094238281, 48.897129058837891 ], [ -125.022552490234375, 48.907810211181641 ], [ -125.019798278808594, 48.907958984375 ], [ -125.022758483886719, 48.905239105224609 ], [ -125.028251647949219, 48.902229309082031 ], [ -125.040298461914062, 48.897251129150391 ], [ -125.106109619140625, 48.873378753662109 ] ] ] } },
{ "type": "Feature", "properties": { "cluster_id": 263 }, "geometry": { "type": "Polygon", "coordinates": [ [ [ -80.784721374511719, 41.906349182128906 ], [ -80.852157592773438, 41.923591613769531 ], [ -80.798072814941406, 41.924209594726562 ], [ -80.795257568359375, 41.922908782958984 ], [ -80.785980224609375, 41.915691375732422 ], [ -80.784156799316406, 41.913501739501953 ], [ -80.784477233886719, 41.909061431884766 ], [ -80.784721374511719, 41.906349182128906 ] ] ] } },
{ "type": "Feature", "properties": { "cluster_id": 250 }, "geometry": { "type": "Polygon", "coordinates": [ [ [ -87.8433837890625, 47.342430114746094 ], [ -87.908912658691406, 47.384620666503906 ], [ -87.909393310546875, 47.385391235351562 ], [ -87.908248901367188, 47.385719299316406 ], [ -87.832618713378906, 47.371559143066406 ], [ -87.8433837890625, 47.342430114746094 ] ] ] } },
{ "type": "Feature", "properties": { "cluster_id": 111 }, "geometry": { "type": "Polygon", "coordinates": [ [ [ -125.933128356933594, 49.113548278808594 ], [ -125.972602844238281, 49.132511138916016 ], [ -126.010063171386719, 49.154361724853516 ], [ -125.909599304199219, 49.160221099853516 ], [ -125.897392272949219, 49.157741546630859 ], [ -125.884193420410156, 49.150901794433594 ], [ -125.901359558105469, 49.114250183105469 ], [ -125.90496826171875, 49.113590240478516 ], [ -125.933128356933594, 49.113548278808594 ] ] ] } },
{ "type": "Feature", "properties": { "cluster_id": 96 }, "geometry": { "type": "Polygon", "coordinates": [ [ [ -80.085807800292969, 42.708198547363281 ], [ -80.138442993164062, 42.716220855712891 ], [ -80.14031982421875, 42.717578887939453 ], [ -80.153068542480469, 42.730110168457031 ], [ -80.152397155761719, 42.731220245361328 ], [ -80.143302917480469, 42.736740112304688 ], [ -80.13995361328125, 42.738658905029297 ], [ -80.043411254882812, 42.784168243408203 ], [ -80.043678283691406, 42.782741546630859 ], [ -80.085807800292969, 42.708198547363281 ] ] ] } }
]
}
