{
"type": "FeatureCollection",
"name": "boundaries",
"crs": { "type": "name", "properties": { "name": "urn:ogc:def:crs:OGC:1.3:CRS84" } },
"features": [
{ "type": "Feature", "properties": { "cluster_id": 256 }, "geometry": { "type": "Polygon", "coordinates": [ [ [ -90.863960266113281, 27.276409149169922 ], [ -90.967819213867188, 27.291940689086914 ], [ -90.967971801757812, 27.292030334472656 ], [ -90.968002319335938, 27.292060852050781 ], [ -90.9681396484375, 27.292449951171875 ], [ -90.947166442871094, 27.307790756225586 ], [ -90.843902587890625, 27.29701042175293 ], [ -90.863960266113281, 27.276409149169922 ] ] ] } },
{ "type": "Feature", "properties": { "cluster_id": 18 }, "geometry": { "type": "Polygon", "coordinates": [ [ [ -96.889022827148438, 27.359180450439453 ], [ -97.474479675292969, 27.818639755249023 ], [ -97.285873413085938, 27.878730773925781 ], [ -97.284767150878906, 27.878969192504883 ], [ -97.275947570800781, 27.880430221557617 ], [ -97.275787353515625, 27.880439758300781 ], [ -97.271003723144531, 27.880680084228516 ], [ -97.270942687988281, 27.880680084228516 ], [ -96.799301147460938, 27.872299194335938 ], [ -96.557868957519531, 27.735820770263672 ], [ -96.335899353027344, 27.588180541992188 ], [ -96.329376220703125, 27.578100204467773 ], [ -96.331626892089844, 27.509550094604492 ], [ -96.332038879394531, 27.506429672241211 ], [ -96.789352416992188, 27.363580703735352 ], [ -96.805740356445312, 27.36216926574707 ], [ -96.807868957519531, 27.362009048461914 ], [ -96.889022827148438, 27.359180450439453 ] ] ] } },
{ "type": "Feature", "properties": { "cluster_id": 218 }, "geometry": { "type": "Polygon", "coordinates": [ [ [ -94.503646850585938, 27.320859909057617 ], [ -94.565170288085938, 27.324880599975586 ], [ -94.625808715820312, 27.353519439697266 ], [ -94.625877380371094, 27.353609085083008 ], [ -94.625617980957031, 27.353900909423828 ], [ -94.498176574707031, 27.348649978637695 ], [ -94.503646850585938, 27.320859909057617 ] ] ] } },
{ "type": "Feature", "properties": { "cluster_id": 165 }, "geometry": { "type": "Polygon", "coordinates": [ [ [ -64.744758605957031, 17.633510589599609 ], [ -64.936531066894531, 17.698749542236328 ], [ -64.945030212402344, 17.704189300537109 ], [ -64.934921264648438, 17.72252082824707 ], [ -64.902740478515625, 17.724739074707031 ], [ -64.555732727050781, 17.694259643554688 ], [ -64.619163513183594, 17.666860580444336 ], [ -64.744758605957031, 17.633510589599609 ] ] ] } },
{ "type": "Feature", "properties": { "cluster_id": 117 }, "geometry": { "type": "Polygon", "coordinates": [ [ [ -90.173187255859375, 35.074588775634766 ], [ -90.17413330078125, 35.075290679931641 ], [ -90.174552917480469, 35.076641082763672 ], [ -90.175041198730469, 35.080219268798828 ], [ -90.175201416015625, 35.081539154052734 ], [ -90.174980163574219, 35.083530426025391 ], [ -90.174888610839844, 35.084339141845703 ], [ -90.174850463867188, 35.084430694580078 ], [ -90.099922180175781, 35.097640991210938 ], [ -90.099777221679688, 35.097660064697266 ], [ -90.0997314453125, 35.097541809082031 ], [ -90.099716186523438, 35.097461700439453 ], [ -90.099716186523438, 35.097400665283203 ], [ -90.109237670898438, 35.08428955078125 ], [ -90.110946655273438, 35.082500457763672 ], [ -90.113807678222656, 35.081169128417969 ], [ -90.120109558105469, 35.07830810546875 ], [ -90.121978759765625, 35.077690124511719 ], [ -90.123359680175781, 35.077369689941406 ], [ -90.123947143554688, 35.0772705078125 ], [ -90.126296997070312, 35.077011108398438 ], [ -90.173187255859375, 35.074588775634766 ] ] ] } },
{ "type": "Feature", "properties": { "cluster_id": 85 }, "geometry": { "type": "Polygon", "coordinates": [ [ [ -157.90118408203125, 21.178840637207031 ], [ -157.938125610351562, 21.179250717163086 ], [ -158.296630859375, 21.225730895996094 ], [ -158.288253784179688, 21.253580093383789 ], [ -158.177444458007812, 21.315280914306641 ], [ -158.176422119140625, 21.31566047668457 ], [ -157.966629028320312, 21.367959976196289 ], [ -157.942916870117188, 21.364450454711914 ], [ -157.942825317382812, 21.364419937133789 ], [ -157.8665771484375, 21.303829193115234 ], [ -157.865325927734375, 21.301950454711914 ], [ -157.8519287109375, 21.227809906005859 ], [ -157.871185302734375, 21.179309844970703 ], [ -157.90118408203125, 21.178840637207031 ] ] ] } },
{ "type": "Feature", "properties": { "cluster_id": 12 }, "geometry": { "type": "Polygon", "coordinates": [ [ [ -75.475349426269531, 36.463890075683594 ], [ -75.538330078125, 36.466331481933594 ], [ -76.292381286621094, 36.798450469970703 ], [ -76.432640075683594, 36.964420318603516 ], [ -76.435066223144531, 36.968021392822266 ], [ -76.142082214355469, 37.514499664306641 ], [ -76.045219421386719, 37.512481689453125 ], [ -75.13397216796875, 36.939670562744141 ], [ -74.909782409667969, 36.771430969238281 ], [ -74.893829345703125, 36.753501892089844 ], [ -75.374870300292969, 36.466220855712891 ], [ -75.475349426269531, 36.463890075683594 ] ] ] } },
{ "type": "Feature", "properties": { "cluster_id": 32 }, "geometry": { "type": "Polygon", "coordinates": [ [ [ -117.254951477050781, 32.581268310546875 ], [ -117.378662109375, 32.589759826660156 ], [ -117.49920654296875, 32.633399963378906 ], [ -117.522148132324219, 32.644611358642578 ], [ -117.510772705078125, 32.708568572998047 ], [ -117.223731994628906, 32.723899841308594 ], [ -117.191551208496094, 32.723121643066406 ], [ -117.174369812011719, 32.71820068359375 ], [ -117.132949829101562, 32.686439514160156 ], [ -117.132858276367188, 32.686351776123047 ], [ -117.123779296875, 32.675800323486328 ], [ -117.123641967773438, 32.675548553466797 ], [ -117.123619079589844, 32.675498962402344 ], [ -117.119117736816406, 32.662010192871094 ], [ -117.212242126464844, 32.589908599853516 ], [ -117.221092224121094, 32.583858489990234 ], [ -117.254951477050781, 32.581268310546875 ] ] ] } },
{ "type": "Feature", "properties": { "cluster_id": 3 }, "geometry": { "type": "Polygon", "coordinates": [ [ [ -81.927848815917969, 23.957210540771484 ], [ -81.984733581542969, 23.959749221801758 ], [ -82.016319274902344, 23.964399337768555 ], [ -82.466087341308594, 24.29210090637207 ], [ -82.488502502441406, 24.308780670166016 ], [ -82.490989685058594, 24.324819564819336 ], [ -82.488700866699219, 24.328739166259766 ], [ -80.053253173828125, 26.770490646362305 ], [ -79.958328247070312, 26.859340667724609 ], [ -79.47705078125, 27.114500045776367 ], [ -79.464996337890625, 27.117519378662109 ], [ -79.418670654296875, 27.117670059204102 ], [ -79.332061767578125, 27.117700576782227 ], [ -79.288528442382812, 27.117279052734375 ], [ -78.58673095703125, 26.427900314331055 ], [ -78.582237243652344, 26.416059494018555 ], [ -78.579620361328125, 26.283639907836914 ], [ -78.584808349609375, 26.140470504760742 ], [ -79.51654052734375, 24.588619232177734 ], [ -79.738792419433594, 24.484180450439453 ], [ -80.428146362304688, 24.204219818115234 ], [ -81.805557250976562, 23.958860397338867 ], [ -81.927848815917969, 23.957210540771484 ] ] ] } },
{ "type": "Feature", "properties": { "cluster_id": 6 }, "geometry": { "type": "Polygon", "coordinates": [ [ [ -122.378547668457031, 47.253829956054688 ], [ -122.378883361816406, 47.253868103027344 ], [ -122.431716918945312, 47.261451721191406 ], [ -125.103523254394531, 48.346759796142578 ], [ -125.349990844726562, 48.467769622802734 ], [ -125.354423522949219, 48.475570678710938 ], [ -125.356697082519531, 48.486568450927734 ], [ -125.356170654296875, 48.518051147460938 ], [ -125.346038818359375, 48.536869049072266 ], [ -124.785186767578125, 49.501541137695312 ], [ -124.409629821777344, 49.735599517822266 ], [ -124.262100219726562, 49.734508514404297 ], [ -122.868698120117188, 49.447521209716797 ], [ -122.862312316894531, 49.443931579589844 ], [ -122.362106323242188, 49.132129669189453 ], [ -122.218399047851562, 47.982769012451172 ], [ -122.362640380859375, 47.263599395751953 ], [ -122.362846374511719, 47.263469696044922 ], [ -122.378227233886719, 47.253898620605469 ], [ -122.378547668457031, 47.253829956054688 ] ] ] } },
{ "type": "Feature", "properties": { "cluster_id": 197 }, "geometry": { "type": "Polygon", "coordinates": [ [ [ -89.863990783691406, 27.358039855957031 ], [ -89.880409240722656, 27.358449935913086 ], [ -89.924331665039062, 27.369770050048828 ], [ -89.983497619628906, 27.400669097900391 ], [ -90.057060241699219, 27.445560455322266 ], [ -89.904678344726562, 27.452810287475586 ], [ -89.892791748046875, 27.446889877319336 ], [ -89.810707092285156, 27.402959823608398 ], [ -89.79583740234375, 27.390039443969727 ], [ -89.807426452636719, 27.367349624633789 ], [ -89.863990783691406, 27.358039855957031 ] ] ] } },
{ "type": "Feature", "properties": { "cluster_id": 230 }, "geometry": { "type": "Polygon", "coordinates": [ [ [ -90.647979736328125, 27.795080184936523 ], [ -90.648017883300781, 27.795099258422852 ], [ -90.648086547851562, 27.795200347900391 ], [ -90.648078918457031, 27.795339584350586 ], [ -90.647987365722656, 27.795389175415039 ], [ -90.647911071777344, 27.795370101928711 ], [ -90.647819519042969, 27.795289993286133 ], [ -90.647796630859375, 27.795150756835938 ], [ -90.647850036621094, 27.795120239257812 ], [ -90.647918701171875, 27.795089721679688 ], [ -90.647956848144531, 27.795080184936523 ], [ -90.647979736328125, 27.795080184936523 ] ] ] } },
{ "type": "Feature", "properties": { "cluster_id": 9 }, "geometry": { "type": "Polygon", "coordinates": [ [ [ -89.015937805175781, 28.077199935913086 ], [ -89.11309814453125, 28.085369110107422 ], [ -89.389999389648438, 28.137500762939453 ], [ -91.164688110351562, 30.188180923461914 ], [ -91.230796813964844, 30.292829513549805 ], [ -91.232032775878906, 30.2947998046875 ], [ -91.233551025390625, 30.300069808959961 ], [ -91.246566772460938, 30.354339599609375 ], [ -91.246658325195312, 30.357500076293945 ], [ -91.24658203125, 30.358400344848633 ], [ -91.246337890625, 30.360479354858398 ], [ -91.24603271484375, 30.361909866333008 ], [ -91.24542236328125, 30.363580703735352 ], [ -91.197898864746094, 30.471530914306641 ], [ -89.925010681152344, 29.920890808105469 ], [ -89.922119140625, 29.919519424438477 ], [ -89.918266296386719, 29.917179107666016 ], [ -89.2940673828125, 29.231529235839844 ], [ -89.288276672363281, 29.224569320678711 ], [ -89.278953552246094, 29.211729049682617 ], [ -88.980430603027344, 28.781770706176758 ], [ -88.969047546386719, 28.753829956054688 ], [ -88.817001342773438, 28.297500610351562 ], [ -88.959243774414062, 28.086999893188477 ], [ -88.966789245605469, 28.079639434814453 ], [ -88.973098754882812, 28.078880310058594 ], [ -89.015937805175781, 28.077199935913086 ] ] ] } },
{ "type": "Feature", "properties": { "cluster_id": 16 }, "geometry": { "type": "Polygon", "coordinates": [ [ [ -117.768119812011719, 32.534160614013672 ], [ -117.783203125, 32.534469604492188 ], [ -117.812980651855469, 32.540081024169922 ], [ -117.849273681640625, 32.548439025878906 ], [ -117.940643310546875, 32.624629974365234 ], [ -119.125518798828125, 33.633090972900391 ], [ -118.905143737792969, 33.869869232177734 ], [ -118.463432312011719, 33.909248352050781 ], [ -118.462028503417969, 33.909130096435547 ], [ -118.114891052246094, 33.755889892578125 ], [ -118.092269897460938, 33.73590087890625 ], [ -118.092178344726562, 33.735801696777344 ], [ -117.756568908691406, 33.140338897705078 ], [ -117.69635009765625, 32.868511199951172 ], [ -117.755012512207031, 32.540298461914062 ], [ -117.768119812011719, 32.534160614013672 ] ] ] } },
{ "type": "Feature", "properties": { "cluster_id": 63 }, "geometry": { "type": "Polygon", "coordinates": [ [ [ -92.040542602539062, 26.131969451904297 ], [ -92.040626525878906, 26.132030487060547 ], [ -92.040641784667969, 26.132150650024414 ], [ -92.040618896484375, 26.132179260253906 ], [ -92.040489196777344, 26.13224983215332 ], [ -92.040420532226562, 26.132089614868164 ], [ -92.040451049804688, 26.131990432739258 ], [ -92.040542602539062, 26.131969451904297 ] ] ] } },
{ "type": "Feature", "properties": { "cluster_id": 126 }, "geometry": { "type": "Polygon", "coordinates": [ [ [ -122.214210510253906, 37.505790710449219 ], [ -122.214546203613281, 37.506111145019531 ], [ -122.212989807128906, 37.50994873046875 ], [ -122.212852478027344, 37.510208129882812 ], [ -122.2105712890625, 37.513420104980469 ], [ -122.209281921386719, 37.515129089355469 ], [ -122.207328796386719, 37.515998840332031 ], [ -122.211952209472656, 37.507160186767578 ], [ -122.211967468261719, 37.50714111328125 ], [ -122.212387084960938, 37.506820678710938 ], [ -122.214210510253906, 37.505790710449219 ] ] ] } },
{ "type": "Feature", "properties": { "cluster_id": 37 }, "geometry": { "type": "Polygon", "coordinates": [ [ [ -123.164726257324219, 37.469120025634766 ], [ -123.204116821289062, 37.474239349365234 ], [ -123.276199340820312, 37.4918212890625 ], [ -123.272178649902344, 37.538280487060547 ], [ -122.819473266601562, 37.791770935058594 ], [ -122.381607055664062, 38.028858184814453 ], [ -122.373039245605469, 38.033008575439453 ], [ -122.332237243652344, 38.050579071044922 ], [ -122.328170776367188, 38.051979064941406 ], [ -122.321037292480469, 38.053428649902344 ], [ -122.316932678222656, 38.054210662841797 ], [ -122.299003601074219, 38.056880950927734 ], [ -122.265922546386719, 38.061561584472656 ], [ -122.255218505859375, 38.062969207763672 ], [ -122.249946594238281, 38.063480377197266 ], [ -121.613616943359375, 38.104499816894531 ], [ -121.60906982421875, 38.104129791259766 ], [ -121.580421447753906, 38.097328186035156 ], [ -121.507369995117188, 38.051319122314453 ], [ -121.506271362304688, 38.05059814453125 ], [ -121.506103515625, 38.050449371337891 ], [ -121.504753112792969, 38.049148559570312 ], [ -121.503547668457031, 38.047798156738281 ], [ -121.5003662109375, 38.044101715087891 ], [ -121.500099182128906, 38.043731689453125 ], [ -122.666618347167969, 37.564498901367188 ], [ -123.062538146972656, 37.472110748291016 ], [ -123.164726257324219, 37.469120025634766 ] ] ] } },
{ "type": "Feature", "properties": { "cluster_id": 4 }, "geometry": { "type": "Polygon", "coordinates": [ [ [ -64.386146545410156, 18.062400817871094 ], [ -64.464996337890625, 18.068380355834961 ], [ -67.706962585449219, 18.35059928894043 ], [ -67.742759704589844, 18.377130508422852 ], [ -67.744827270507812, 18.404869079589844 ], [ -67.743072509765625, 18.428400039672852 ], [ -67.658012390136719, 18.490299224853516 ], [ -67.417793273925781, 18.584159851074219 ], [ -67.18646240234375, 18.623640060424805 ], [ -67.18157958984375, 18.624120712280273 ], [ -66.058700561523438, 18.731969833374023 ], [ -65.9256591796875, 18.727729797363281 ], [ -64.572998046875, 18.588180541992188 ], [ -64.311668395996094, 18.53849983215332 ], [ -64.306343078613281, 18.535139083862305 ], [ -64.293670654296875, 18.526330947875977 ], [ -63.859031677246094, 18.182390213012695 ], [ -63.841709136962891, 18.163509368896484 ], [ -63.841510772705078, 18.15696907043457 ], [ -63.841499328613281, 18.097829818725586 ], [ -63.845809936523438, 18.070550918579102 ], [ -63.942428588867188, 18.063619613647461 ], [ -64.386146545410156, 18.062400817871094 ] ] ] } },
{ "type": "Feature", "properties": { "cluster_id": 68 }, "geometry": { "type": "Polygon", "coordinates": [ [ [ -76.2894287109375, 38.236679077148438 ], [ -76.292839050292969, 38.238620758056641 ], [ -76.384788513183594, 38.403980255126953 ], [ -76.432029724121094, 38.531288146972656 ], [ -76.602828979492188, 39.262481689453125 ], [ -76.602828979492188, 39.262580871582031 ], [ -76.602767944335938, 39.262611389160156 ], [ -76.599327087402344, 39.263999938964844 ], [ -76.579887390136719, 39.271770477294922 ], [ -76.281051635742188, 39.183929443359375 ], [ -76.275230407714844, 38.259941101074219 ], [ -76.276237487792969, 38.256881713867188 ], [ -76.2894287109375, 38.236679077148438 ] ] ] } },
{ "type": "Feature", "properties": { "cluster_id": 34 }, "geometry": { "type": "Polygon", "coordinates": [ [ [ -84.115997314453125, 46.191501617431641 ], [ -84.125076293945312, 46.196300506591797 ], [ -84.140251159667969, 46.204479217529297 ], [ -84.152030944824219, 46.210990905761719 ], [ -84.156829833984375, 46.213668823242188 ], [ -84.158821105957031, 46.214801788330078 ], [ -84.167800903320312, 46.219940185546875 ], [ -84.545372009277344, 46.450641632080078 ], [ -84.548912048339844, 46.452899932861328 ], [ -84.552726745605469, 46.455459594726562 ], [ -84.562210083007812, 46.462760925292969 ], [ -84.570571899414062, 46.469978332519531 ], [ -84.37774658203125, 46.519180297851562 ], [ -84.327407836914062, 46.503730773925781 ], [ -84.307518005371094, 46.494171142578125 ], [ -84.304618835449219, 46.492179870605469 ], [ -84.120643615722656, 46.313449859619141 ], [ -84.120307922363281, 46.312370300292969 ], [ -84.119163513183594, 46.307949066162109 ], [ -84.110649108886719, 46.265090942382812 ], [ -84.110618591308594, 46.26470947265625 ], [ -84.111396789550781, 46.19683837890625 ], [ -84.115997314453125, 46.191501617431641 ] ] ] } },
{ "type": "Feature", "properties": { "cluster_id": 213 }, "geometry": { "type": "Polygon", "coordinates": [ [ [ -88.51177978515625, 30.329059600830078 ], [ -88.512741088867188, 30.329080581665039 ], [ -88.561988830566406, 30.336690902709961 ], [ -88.58013916015625, 30.348709106445312 ], [ -88.580223083496094, 30.348800659179688 ], [ -88.566070556640625, 30.365819931030273 ], [ -88.565879821777344, 30.366039276123047 ], [ -88.510986328125, 30.34044075012207 ], [ -88.510353088378906, 30.336729049682617 ], [ -88.510406494140625, 30.335790634155273 ], [ -88.510910034179688, 30.329620361328125 ], [ -88.51177978515625, 30.329059600830078 ] ] ] } },
{ "type": "Feature", "properties": { "cluster_id": 23 }, "geometry": { "type": "Polygon", "coordinates": [ [ [ -118.926422119140625, 33.876380920410156 ], [ -118.993339538574219, 33.883628845214844 ], [ -121.617340087890625, 34.406219482421875 ], [ -121.669479370117188, 34.416919708251953 ], [ -121.659248352050781, 34.436729431152344 ], [ -121.645332336425781, 34.445671081542969 ], [ -120.915046691894531, 34.496208190917969 ], [ -120.752922058105469, 34.489299774169922 ], [ -119.207992553710938, 34.149688720703125 ], [ -119.204032897949219, 34.148128509521484 ], [ -118.925636291503906, 33.923828125 ], [ -118.908233642578125, 33.909580230712891 ], [ -118.908531188964844, 33.906951904296875 ], [ -118.912628173828125, 33.885540008544922 ], [ -118.91961669921875, 33.877948760986328 ], [ -118.926422119140625, 33.876380920410156 ] ] ] } },
{ "type": "Feature", "properties": { "cluster_id": 111 }, "geometry": { "type": "Polygon", "coordinates": [ [ [ -121.357963562011719, 34.498680114746094 ], [ -121.390159606933594, 34.501941680908203 ], [ -121.421592712402344, 34.505168914794922 ], [ -121.415802001953125, 34.539821624755859 ], [ -121.411880493164062, 34.541419982910156 ], [ -121.224800109863281, 34.544921875 ], [ -121.212791442871094, 34.529289245605469 ], [ -121.234870910644531, 34.510509490966797 ], [ -121.357963562011719, 34.498680114746094 ] ] ] } },
{ "type": "Feature", "properties": { "cluster_id": 135 }, "geometry": { "type": "Polygon", "coordinates": [ [ [ -122.268333435058594, 35.888168334960938 ], [ -122.353828430175781, 35.893508911132812 ], [ -122.359077453613281, 35.900848388671875 ], [ -122.342933654785156, 35.932811737060547 ], [ -122.304153442382812, 35.9327392578125 ], [ -122.219108581542969, 35.930889129638672 ], [ -122.143646240234375, 35.924968719482422 ], [ -122.141273498535156, 35.918651580810547 ], [ -122.1395263671875, 35.913078308105469 ], [ -122.139251708984375, 35.911380767822266 ], [ -122.1392822265625, 35.910400390625 ], [ -122.139381408691406, 35.909500122070312 ], [ -122.145469665527344, 35.890419006347656 ], [ -122.268333435058594, 35.888168334960938 ] ] ] } },
{ "type": "Feature", "properties": { "cluster_id": 76 }, "geometry": { "type": "Polygon", "coordinates": [ [ [ -122.631278991699219, 37.086250305175781 ], [ -122.639503479003906, 37.086429595947266 ], [ -122.757942199707031, 37.091411590576172 ], [ -122.798408508300781, 37.100521087646484 ], [ -122.728469848632812, 37.317031860351562 ], [ -122.724716186523438, 37.321979522705078 ], [ -122.660316467285156, 37.322929382324219 ], [ -122.654769897460938, 37.320369720458984 ], [ -122.611480712890625, 37.1162109375 ], [ -122.613670349121094, 37.091201782226562 ], [ -122.631278991699219, 37.086250305175781 ] ] ] } },
{ "type": "Feature", "properties": { "cluster_id": 252 }, "geometry": { "type": "Polygon", "coordinates": [ [ [ -121.326133728027344, 37.950790405273438 ], [ -121.335456848144531, 37.950969696044922 ], [ -121.348541259765625, 37.954498291015625 ], [ -121.355117797851562, 37.957000732421875 ], [ -121.356697082519531, 37.957618713378906 ], [ -121.358222961425781, 37.958229064941406 ], [ -121.439598083496094, 37.994831085205078 ], [ -121.421272277832031, 37.995418548583984 ], [ -121.420372009277344, 37.995429992675781 ], [ -121.41912841796875, 37.995429992675781 ], [ -121.417930603027344, 37.995269775390625 ], [ -121.416549682617188, 37.994968414306641 ], [ -121.414093017578125, 37.994369506835938 ], [ -121.394546508789062, 37.987171173095703 ], [ -121.318367004394531, 37.953098297119141 ], [ -121.31829833984375, 37.952949523925781 ], [ -121.318199157714844, 37.952129364013672 ], [ -121.318222045898438, 37.951950073242188 ], [ -121.318450927734375, 37.951831817626953 ], [ -121.319847106933594, 37.951480865478516 ], [ -121.326133728027344, 37.950790405273438 ] ] ] } },
{ "type": "Feature", "properties": { "cluster_id": 73 }, "geometry": { "type": "Polygon", "coordinates": [ [ [ -120.166732788085938, 33.012588500976562 ], [ -120.485099792480469, 33.013580322265625 ], [ -120.512016296386719, 33.057949066162109 ], [ -120.204559326171875, 33.052970886230469 ], [ -120.063819885253906, 33.045009613037109 ], [ -120.07623291015625, 33.0401611328125 ], [ -120.092529296875, 33.034198760986328 ], [ -120.166732788085938, 33.012588500976562 ] ] ] } },
{ "type": "Feature", "properties": { "cluster_id": 51 }, "geometry": { "type": "Polygon", "coordinates": [ [ [ -119.956077575683594, 31.958940505981445 ], [ -120.033447265625, 31.964899063110352 ], [ -120.034591674804688, 32.317821502685547 ], [ -119.995819091796875, 32.338760375976562 ], [ -119.970611572265625, 32.339778900146484 ], [ -119.622306823730469, 32.288700103759766 ], [ -119.620933532714844, 32.287879943847656 ], [ -119.620063781738281, 32.286788940429688 ], [ -119.606117248535156, 32.261180877685547 ], [ -119.5992431640625, 32.221469879150391 ], [ -119.830558776855469, 31.991050720214844 ], [ -119.956077575683594, 31.958940505981445 ] ] ] } },
{ "type": "Feature", "properties": { "cluster_id": 119 }, "geometry": { "type": "Polygon", "coordinates": [ [ [ -92.581581115722656, 27.693519592285156 ], [ -92.634078979492188, 27.722499847412109 ], [ -92.635238647460938, 27.919839859008789 ], [ -92.634872436523438, 27.928220748901367 ], [ -92.631980895996094, 27.932519912719727 ], [ -92.628738403320312, 27.932559967041016 ], [ -92.606071472167969, 27.931190490722656 ], [ -92.186256408691406, 27.88347053527832 ], [ -92.183502197265625, 27.871669769287109 ], [ -92.203269958496094, 27.742530822753906 ], [ -92.406120300292969, 27.695880889892578 ], [ -92.581581115722656, 27.693519592285156 ] ] ] } },
{ "type": "Feature", "properties": { "cluster_id": 15 }, "geometry": { "type": "Polygon", "coordinates": [ [ [ -92.649658203125, 27.933130264282227 ], [ -92.652023315429688, 27.933309555053711 ], [ -92.662406921386719, 27.936140060424805 ], [ -92.706687927246094, 27.952140808105469 ], [ -93.253196716308594, 28.31757926940918 ], [ -93.763633728027344, 28.667600631713867 ], [ -93.788002014160156, 28.786169052124023 ], [ -93.786827087402344, 28.792999267578125 ], [ -93.548149108886719, 28.979759216308594 ], [ -93.535873413085938, 28.984720230102539 ], [ -93.412216186523438, 28.98236083984375 ], [ -93.206352233886719, 28.841100692749023 ], [ -92.867149353027344, 28.415170669555664 ], [ -92.636993408203125, 27.958110809326172 ], [ -92.636260986328125, 27.941989898681641 ], [ -92.636817932128906, 27.93998908996582 ], [ -92.638313293457031, 27.934749603271484 ], [ -92.640640258789062, 27.934219360351562 ], [ -92.649658203125, 27.933130264282227 ] ] ] } },
{ "type": "Feature", "properties": { "cluster_id": 2 }, "geometry": { "type": "Polygon", "coordinates": [ [ [ -94.35009765625, 27.455379486083984 ], [ -94.417037963867188, 27.455659866333008 ], [ -94.474601745605469, 27.462909698486328 ], [ -95.123809814453125, 28.481830596923828 ], [ -95.288887023925781, 29.749460220336914 ], [ -95.288566589355469, 29.749860763549805 ], [ -95.288368225097656, 29.750030517578125 ], [ -95.288078308105469, 29.750089645385742 ], [ -95.082778930664062, 29.764520645141602 ], [ -95.080551147460938, 29.764249801635742 ], [ -95.0782470703125, 29.763399124145508 ], [ -95.077079772949219, 29.762910842895508 ], [ -95.071586608886719, 29.760049819946289 ], [ -95.021858215332031, 29.729619979858398 ], [ -94.257598876953125, 29.247200012207031 ], [ -93.788162231445312, 28.923660278320312 ], [ -93.789596557617188, 28.797950744628906 ], [ -94.250709533691406, 27.46619987487793 ], [ -94.35009765625, 27.455379486083984 ] ] ] } },
{ "type": "Feature", "properties": { "cluster_id": 84 }, "geometry": { "type": "Polygon", "coordinates": [ [ [ -92.127151489257812, 27.885520935058594 ], [ -92.160850524902344, 27.886390686035156 ], [ -92.161109924316406, 27.886899948120117 ], [ -92.156723022460938, 27.889080047607422 ], [ -92.093467712402344, 27.899280548095703 ], [ -92.083427429199219, 27.900659561157227 ], [ -91.788482666015625, 27.932310104370117 ], [ -91.592430114746094, 27.932859420776367 ], [ -91.503227233886719, 27.932550430297852 ], [ -91.4844970703125, 27.931669235229492 ], [ -91.48895263671875, 27.926639556884766 ], [ -91.492813110351562, 27.924720764160156 ], [ -91.760749816894531, 27.900150299072266 ], [ -91.808151245117188, 27.896999359130859 ], [ -91.987190246582031, 27.886440277099609 ], [ -92.127151489257812, 27.885520935058594 ] ] ] } },
{ "type": "Feature", "properties": { "cluster_id": 43 }, "geometry": { "type": "Polygon", "coordinates": [ [ [ -91.356773376464844, 27.933370590209961 ], [ -91.481727600097656, 27.933450698852539 ], [ -91.479736328125, 27.954660415649414 ], [ -91.426490783691406, 27.976020812988281 ], [ -90.95166015625, 27.980520248413086 ], [ -90.90570068359375, 27.980829238891602 ], [ -90.824127197265625, 27.980800628662109 ], [ -90.792739868164062, 27.979509353637695 ], [ -90.816886901855469, 27.945890426635742 ], [ -90.826667785644531, 27.939689636230469 ], [ -90.833633422851562, 27.937789916992188 ], [ -91.356773376464844, 27.933370590209961 ] ] ] } },
{ "type": "Feature", "properties": { "cluster_id": 61 }, "geometry": { "type": "Polygon", "coordinates": [ [ [ -90.72479248046875, 27.980890274047852 ], [ -90.787567138671875, 27.981790542602539 ], [ -90.789222717285156, 27.983020782470703 ], [ -90.791557312011719, 27.987619400024414 ], [ -90.789291381835938, 28.00486946105957 ], [ -90.782333374023438, 28.023420333862305 ], [ -90.110969543457031, 28.073299407958984 ], [ -90.1048583984375, 28.070329666137695 ], [ -90.103622436523438, 28.043159484863281 ], [ -90.112678527832031, 28.009159088134766 ], [ -90.439659118652344, 27.98284912109375 ], [ -90.72479248046875, 27.980890274047852 ] ] ] } },
{ "type": "Feature", "properties": { "cluster_id": 82 }, "geometry": { "type": "Polygon", "coordinates": [ [ [ -89.971473693847656, 28.078060150146484 ], [ -90.091621398925781, 28.082080841064453 ], [ -90.098793029785156, 28.084360122680664 ], [ -90.101028442382812, 28.088899612426758 ], [ -90.099517822265625, 28.168970108032227 ], [ -90.077568054199219, 28.308559417724609 ], [ -89.891937255859375, 28.315710067749023 ], [ -89.888168334960938, 28.314670562744141 ], [ -89.879341125488281, 28.310770034790039 ], [ -89.871673583984375, 28.260610580444336 ], [ -89.882972717285156, 28.108600616455078 ], [ -89.890380859375, 28.080219268798828 ], [ -89.971473693847656, 28.078060150146484 ] ] ] } },
{ "type": "Feature", "properties": { "cluster_id": 160 }, "geometry": { "type": "Polygon", "coordinates": [ [ [ -89.846412658691406, 28.365940093994141 ], [ -89.849517822265625, 28.368099212646484 ], [ -89.854179382324219, 28.374780654907227 ], [ -89.823631286621094, 28.40117073059082 ], [ -89.804779052734375, 28.410900115966797 ], [ -89.791107177734375, 28.411100387573242 ], [ -89.671058654785156, 28.390909194946289 ], [ -89.649848937988281, 28.366060256958008 ], [ -89.846412658691406, 28.365940093994141 ] ] ] } },
{ "type": "Feature", "properties": { "cluster_id": 226 }, "geometry": { "type": "Polygon", "coordinates": [ [ [ -89.716171264648438, 28.508190155029297 ], [ -89.721702575683594, 28.508829116821289 ], [ -89.837867736816406, 28.533260345458984 ], [ -89.840339660644531, 28.535259246826172 ], [ -89.850921630859375, 28.545700073242188 ], [ -89.862472534179688, 28.558330535888672 ], [ -89.829887390136719, 28.586099624633789 ], [ -89.643699645996094, 28.599969863891602 ], [ -89.641319274902344, 28.597049713134766 ], [ -89.656196594238281, 28.542160034179688 ], [ -89.70037841796875, 28.512310028076172 ], [ -89.716171264648438, 28.508190155029297 ] ] ] } },
{ "type": "Feature", "properties": { "cluster_id": 209 }, "geometry": { "type": "Polygon", "coordinates": [ [ [ -89.961456298828125, 27.215089797973633 ], [ -90.014816284179688, 27.219860076904297 ], [ -90.039192199707031, 27.252519607543945 ], [ -90.035499572753906, 27.258989334106445 ], [ -90.034317016601562, 27.25956916809082 ], [ -89.999221801757812, 27.261550903320312 ], [ -89.883468627929688, 27.253240585327148 ], [ -89.883506774902344, 27.234180450439453 ], [ -89.961456298828125, 27.215089797973633 ] ] ] } },
{ "type": "Feature", "properties": { "cluster_id": 144 }, "geometry": { "type": "Polygon", "coordinates": [ [ [ -88.889022827148438, 27.78993034362793 ], [ -88.903472900390625, 27.809019088745117 ], [ -88.912460327148438, 27.825340270996094 ], [ -88.943702697753906, 27.883499145507812 ], [ -88.866081237792969, 27.883380889892578 ], [ -88.759567260742188, 27.881059646606445 ], [ -88.724349975585938, 27.806320190429688 ], [ -88.753730773925781, 27.793420791625977 ], [ -88.813232421875, 27.790920257568359 ], [ -88.889022827148438, 27.78993034362793 ] ] ] } },
{ "type": "Feature", "properties": { "cluster_id": 29 }, "geometry": { "type": "Polygon", "coordinates": [ [ [ -83.167282104492188, 27.455219268798828 ], [ -83.186012268066406, 27.511800765991211 ], [ -83.183319091796875, 27.537479400634766 ], [ -83.175880432128906, 27.598659515380859 ], [ -83.049346923828125, 27.645240783691406 ], [ -82.525413513183594, 27.788330078125 ], [ -82.525253295898438, 27.788360595703125 ], [ -82.507476806640625, 27.789089202880859 ], [ -82.563102722167969, 27.627470016479492 ], [ -82.563163757324219, 27.627420425415039 ], [ -83.019279479980469, 27.461380004882812 ], [ -83.055313110351562, 27.458709716796875 ], [ -83.079750061035156, 27.456899642944336 ], [ -83.167282104492188, 27.455219268798828 ] ] ] } },
{ "type": "Feature", "properties": { "cluster_id": 219 }, "geometry": { "type": "Polygon", "coordinates": [ [ [ -82.496231079101562, 27.792980194091797 ], [ -82.447273254394531, 27.942230224609375 ], [ -82.443389892578125, 27.954000473022461 ], [ -82.442039489746094, 27.954780578613281 ], [ -82.441902160644531, 27.954740524291992 ], [ -82.441818237304688, 27.954700469970703 ], [ -82.391181945800781, 27.855779647827148 ], [ -82.406639099121094, 27.807899475097656 ], [ -82.407867431640625, 27.807659149169922 ], [ -82.494979858398438, 27.793170928955078 ], [ -82.496231079101562, 27.792980194091797 ] ] ] } },
{ "type": "Feature", "properties": { "cluster_id": 232 }, "geometry": { "type": "Polygon", "coordinates": [ [ [ -85.76727294921875, 30.089519500732422 ], [ -85.764930725097656, 30.096820831298828 ], [ -85.733001708984375, 30.182769775390625 ], [ -85.732940673828125, 30.182830810546875 ], [ -85.732780456542969, 30.182830810546875 ], [ -85.682876586914062, 30.149450302124023 ], [ -85.68182373046875, 30.145320892333984 ], [ -85.682586669921875, 30.144269943237305 ], [ -85.683219909667969, 30.143560409545898 ], [ -85.753669738769531, 30.092979431152344 ], [ -85.76727294921875, 30.089519500732422 ] ] ] } },
{ "type": "Feature", "properties": { "cluster_id": 234 }, "geometry": { "type": "Polygon", "coordinates": [ [ [ -74.617446899414062, 37.899948120117188 ], [ -74.661666870117188, 37.900669097900391 ], [ -74.643623352050781, 37.924999237060547 ], [ -74.64202880859375, 37.926250457763672 ], [ -74.639999389648438, 37.927528381347656 ], [ -74.6343994140625, 37.930301666259766 ], [ -74.595001220703125, 37.947330474853516 ], [ -74.456268310546875, 37.944171905517578 ], [ -74.444572448730469, 37.930938720703125 ], [ -74.448760986328125, 37.901561737060547 ], [ -74.617446899414062, 37.899948120117188 ] ] ] } },
{ "type": "Feature", "properties": { "cluster_id": 181 }, "geometry": { "type": "Polygon", "coordinates": [ [ [ -74.52783203125, 38.331451416015625 ], [ -74.611167907714844, 38.333000183105469 ], [ -74.657310485839844, 38.342720031738281 ], [ -74.657623291015625, 38.37493896484375 ], [ -74.630203247070312, 38.377109527587891 ], [ -74.586112976074219, 38.378299713134766 ], [ -74.532608032226562, 38.379039764404297 ], [ -74.477081298828125, 38.371391296386719 ], [ -74.441619873046875, 38.347190856933594 ], [ -74.441001892089844, 38.333740234375 ], [ -74.472328186035156, 38.331501007080078 ], [ -74.52783203125, 38.331451416015625 ] ] ] } },
{ "type": "Feature", "properties": { "cluster_id": 152 }, "geometry": { "type": "Polygon", "coordinates": [ [ [ -74.708000183105469, 38.379169464111328 ], [ -74.731117248535156, 38.379810333251953 ], [ -74.884757995605469, 38.616031646728516 ], [ -74.890052795410156, 38.625751495361328 ], [ -74.889938354492188, 38.631061553955078 ], [ -74.865501403808594, 38.666000366210938 ], [ -74.700927734375, 38.625850677490234 ], [ -74.433830261230469, 38.500999450683594 ], [ -74.450149536132812, 38.449420928955078 ], [ -74.462532043457031, 38.436470031738281 ], [ -74.683326721191406, 38.382831573486328 ], [ -74.708000183105469, 38.379169464111328 ] ] ] } },
{ "type": "Feature", "properties": { "cluster_id": 17 }, "geometry": { "type": "Polygon", "coordinates": [ [ [ -74.930328369140625, 38.667331695556641 ], [ -74.931488037109375, 38.667530059814453 ], [ -75.030723571777344, 38.761001586914062 ], [ -75.033279418945312, 38.763450622558594 ], [ -75.035598754882812, 38.765979766845703 ], [ -75.043182373046875, 38.775398254394531 ], [ -75.184310913085938, 38.950820922851562 ], [ -75.352272033691406, 39.275829315185547 ], [ -75.349449157714844, 39.274700164794922 ], [ -74.958946228027344, 38.968509674072266 ], [ -74.958930969238281, 38.968490600585938 ], [ -74.958900451660156, 38.968418121337891 ], [ -74.893669128417969, 38.761028289794922 ], [ -74.892997741699219, 38.691829681396484 ], [ -74.930328369140625, 38.667331695556641 ] ] ] } },
{ "type": "Feature", "properties": { "cluster_id": 0 }, "geometry": { "type": "Polygon", "coordinates": [ [ [ -75.368362426757812, 39.289600372314453 ], [ -75.371589660644531, 39.291149139404297 ], [ -75.799781799316406, 39.529781341552734 ], [ -75.799118041992188, 39.530590057373047 ], [ -75.457389831542969, 39.785308837890625 ], [ -75.422340393066406, 39.804969787597656 ], [ -75.340789794921875, 39.850128173828125 ], [ -75.132858276367188, 39.959400177001953 ], [ -75.13275146484375, 39.958820343017578 ], [ -75.125640869140625, 39.915328979492188 ], [ -75.127487182617188, 39.903419494628906 ], [ -75.127586364746094, 39.903118133544922 ], [ -75.128669738769531, 39.90032958984375 ], [ -75.367477416992188, 39.289840698242188 ], [ -75.367996215820312, 39.289669036865234 ], [ -75.368362426757812, 39.289600372314453 ] ] ] } },
{ "type": "Feature", "properties": { "cluster_id": 175 }, "geometry": { "type": "Polygon", "coordinates": [ [ [ -74.633781433105469, 38.764518737792969 ], [ -74.637702941894531, 38.764549255371094 ], [ -74.660263061523438, 38.818031311035156 ], [ -74.530296325683594, 38.855258941650391 ], [ -74.444007873535156, 38.837879180908203 ], [ -74.432579040527344, 38.795280456542969 ], [ -74.439849853515625, 38.787120819091797 ], [ -74.479393005371094, 38.777080535888672 ], [ -74.484336853027344, 38.775829315185547 ], [ -74.496307373046875, 38.773410797119141 ], [ -74.502761840820312, 38.772258758544922 ], [ -74.524642944335938, 38.768680572509766 ], [ -74.550796508789062, 38.765018463134766 ], [ -74.573402404785156, 38.764808654785156 ], [ -74.633781433105469, 38.764518737792969 ] ] ] } },
{ "type": "Feature", "properties": { "cluster_id": 21 }, "geometry": { "type": "Polygon", "coordinates": [ [ [ -74.261161804199219, 39.098880767822266 ], [ -74.268760681152344, 39.0989990234375 ], [ -74.271347045898438, 39.099388122558594 ], [ -74.303131103515625, 39.104358673095703 ], [ -74.494758605957031, 39.218349456787109 ], [ -74.503692626953125, 39.224868774414062 ], [ -74.506927490234375, 39.228408813476562 ], [ -74.517532348632812, 39.240581512451172 ], [ -74.304283142089844, 39.271579742431641 ], [ -74.290122985839844, 39.267021179199219 ], [ -74.284126281738281, 39.264991760253906 ], [ -74.279762268066406, 39.262519836425781 ], [ -74.2398681640625, 39.239250183105469 ], [ -74.221099853515625, 39.227859497070312 ], [ -74.210968017578125, 39.217819213867188 ], [ -74.206016540527344, 39.171390533447266 ], [ -74.204147338867188, 39.128631591796875 ], [ -74.226417541503906, 39.105819702148438 ], [ -74.258468627929688, 39.099010467529297 ], [ -74.261161804199219, 39.098880767822266 ] ] ] } },
{ "type": "Feature", "properties": { "cluster_id": 143 }, "geometry": { "type": "Polygon", "coordinates": [ [ [ -73.915153503417969, 39.625148773193359 ], [ -73.932052612304688, 39.627731323242188 ], [ -73.931388854980469, 39.631679534912109 ], [ -73.908187866210938, 39.667251586914062 ], [ -73.696922302246094, 39.763019561767578 ], [ -73.658157348632812, 39.767158508300781 ], [ -73.547630310058594, 39.736568450927734 ], [ -73.542648315429688, 39.735000610351562 ], [ -73.541496276855469, 39.734519958496094 ], [ -73.540771484375, 39.734001159667969 ], [ -73.540397644042969, 39.733428955078125 ], [ -73.510597229003906, 39.669948577880859 ], [ -73.543998718261719, 39.657920837402344 ], [ -73.625068664550781, 39.62908935546875 ], [ -73.673973083496094, 39.625679016113281 ], [ -73.767929077148438, 39.625431060791016 ], [ -73.915153503417969, 39.625148773193359 ] ] ] } },
{ "type": "Feature", "properties": { "cluster_id": 50 }, "geometry": { "type": "Polygon", "coordinates": [ [ [ -73.823097229003906, 40.152408599853516 ], [ -73.829620361328125, 40.154209136962891 ], [ -73.831298828125, 40.154949188232422 ], [ -74.251693725585938, 40.492580413818359 ], [ -74.253486633300781, 40.494411468505859 ], [ -74.257827758789062, 40.501331329345703 ], [ -74.258827209472656, 40.504001617431641 ], [ -74.259002685546875, 40.506999969482422 ], [ -74.254058837890625, 40.540599822998047 ], [ -74.251502990722656, 40.548000335693359 ], [ -74.25067138671875, 40.549831390380859 ], [ -74.200721740722656, 40.633049011230469 ], [ -74.193717956542969, 40.64141845703125 ], [ -74.146141052246094, 40.697338104248047 ], [ -74.001289367675781, 40.773670196533203 ], [ -73.280830383300781, 40.486499786376953 ], [ -73.287063598632812, 40.4798583984375 ], [ -73.743019104003906, 40.156051635742188 ], [ -73.823097229003906, 40.152408599853516 ] ] ] } },
{ "type": "Feature", "properties": { "cluster_id": 87 }, "geometry": { "type": "Polygon", "coordinates": [ [ [ -75.24566650390625, 34.882408142089844 ], [ -75.348442077636719, 34.883258819580078 ], [ -75.352630615234375, 34.906341552734375 ], [ -75.352912902832031, 34.927139282226562 ], [ -75.3421630859375, 35.070781707763672 ], [ -75.255546569824219, 35.209621429443359 ], [ -75.096847534179688, 35.259231567382812 ], [ -75.034622192382812, 35.263519287109375 ], [ -74.998779296875, 35.263568878173828 ], [ -74.927886962890625, 35.258449554443359 ], [ -74.918853759765625, 35.256900787353516 ], [ -74.928268432617188, 35.217639923095703 ], [ -74.9989013671875, 35.084518432617188 ], [ -75.131217956542969, 34.885810852050781 ], [ -75.177383422851562, 34.88262939453125 ], [ -75.24566650390625, 34.882408142089844 ] ] ] } },
{ "type": "Feature", "properties": { "cluster_id": 188 }, "geometry": { "type": "Polygon", "coordinates": [ [ [ -75.364921569824219, 34.6414794921875 ], [ -75.499160766601562, 34.643821716308594 ], [ -75.581916809082031, 34.653179168701172 ], [ -75.583778381347656, 34.835620880126953 ], [ -75.52490234375, 34.878921508789062 ], [ -75.518829345703125, 34.880901336669922 ], [ -75.379096984863281, 34.880199432373047 ], [ -75.358596801757812, 34.879428863525391 ], [ -75.355979919433594, 34.851131439208984 ], [ -75.355453491210938, 34.840450286865234 ], [ -75.354682922363281, 34.721488952636719 ], [ -75.364921569824219, 34.6414794921875 ] ] ] } },
{ "type": "Feature", "properties": { "cluster_id": 250 }, "geometry": { "type": "Polygon", "coordinates": [ [ [ -77.435928344726562, 33.347850799560547 ], [ -77.613777160644531, 33.349140167236328 ], [ -77.654983520507812, 33.363880157470703 ], [ -77.646003723144531, 33.443000793457031 ], [ -77.487327575683594, 33.441669464111328 ], [ -77.431808471679688, 33.403488159179688 ], [ -77.427276611328125, 33.388431549072266 ], [ -77.428016662597656, 33.362991333007812 ], [ -77.432052612304688, 33.3489990234375 ], [ -77.435928344726562, 33.347850799560547 ] ] ] } },
{ "type": "Feature", "properties": { "cluster_id": 265 }, "geometry": { "type": "Polygon", "coordinates": [ [ [ -78.908828735351562, 32.630809783935547 ], [ -78.990882873535156, 32.631179809570312 ], [ -79.012153625488281, 32.632621765136719 ], [ -79.026756286621094, 32.6351318359375 ], [ -79.011070251464844, 32.662551879882812 ], [ -78.9652099609375, 32.667819976806641 ], [ -78.819091796875, 32.676071166992188 ], [ -78.815803527832031, 32.673679351806641 ], [ -78.828941345214844, 32.645721435546875 ], [ -78.908828735351562, 32.630809783935547 ] ] ] } },
{ "type": "Feature", "properties": { "cluster_id": 54 }, "geometry": { "type": "Polygon", "coordinates": [ [ [ -79.372329711914062, 32.437618255615234 ], [ -79.529052734375, 32.437931060791016 ], [ -79.626922607421875, 32.440128326416016 ], [ -79.634918212890625, 32.441398620605469 ], [ -79.923370361328125, 32.780780792236328 ], [ -79.965057373046875, 32.872501373291016 ], [ -79.965950012207031, 32.875911712646484 ], [ -79.966522216796875, 32.879890441894531 ], [ -79.966087341308594, 32.884368896484375 ], [ -79.965896606445312, 32.885379791259766 ], [ -79.965423583984375, 32.887569427490234 ], [ -79.964027404785156, 32.892940521240234 ], [ -79.963493347167969, 32.894760131835938 ], [ -79.960922241210938, 32.900600433349609 ], [ -79.960800170898438, 32.900848388671875 ], [ -79.960472106933594, 32.901130676269531 ], [ -79.958419799804688, 32.902881622314453 ], [ -79.954849243164062, 32.905311584472656 ], [ -79.951812744140625, 32.907188415527344 ], [ -79.950302124023438, 32.907730102539062 ], [ -79.943038940429688, 32.909351348876953 ], [ -79.942947387695312, 32.909351348876953 ], [ -79.046112060546875, 32.626228332519531 ], [ -79.042800903320312, 32.598880767822266 ], [ -79.286270141601562, 32.453678131103516 ], [ -79.308326721191406, 32.442550659179688 ], [ -79.372329711914062, 32.437618255615234 ] ] ] } },
{ "type": "Feature", "properties": { "cluster_id": 134 }, "geometry": { "type": "Polygon", "coordinates": [ [ [ -79.643577575683594, 32.293949127197266 ], [ -79.729911804199219, 32.297481536865234 ], [ -79.712913513183594, 32.338138580322266 ], [ -79.685829162597656, 32.340328216552734 ], [ -79.613128662109375, 32.339298248291016 ], [ -79.561927795410156, 32.336799621582031 ], [ -79.516632080078125, 32.333408355712891 ], [ -79.503799438476562, 32.308860778808594 ], [ -79.518592834472656, 32.298351287841797 ], [ -79.643577575683594, 32.293949127197266 ] ] ] } },
{ "type": "Feature", "properties": { "cluster_id": 67 }, "geometry": { "type": "Polygon", "coordinates": [ [ [ -79.854469299316406, 32.199428558349609 ], [ -79.954261779785156, 32.222789764404297 ], [ -79.926856994628906, 32.245368957519531 ], [ -79.895980834960938, 32.245449066162109 ], [ -79.784599304199219, 32.24468994140625 ], [ -79.737388610839844, 32.233589172363281 ], [ -79.735420227050781, 32.210601806640625 ], [ -79.767227172851562, 32.201839447021484 ], [ -79.854469299316406, 32.199428558349609 ] ] ] } },
{ "type": "Feature", "properties": { "cluster_id": 10 }, "geometry": { "type": "Polygon", "coordinates": [ [ [ -80.628166198730469, 31.814779281616211 ], [ -81.094230651855469, 32.084201812744141 ], [ -81.0989990234375, 32.087329864501953 ], [ -81.113868713378906, 32.101341247558594 ], [ -81.11383056640625, 32.101459503173828 ], [ -81.1136474609375, 32.101688385009766 ], [ -81.008186340332031, 32.101779937744141 ], [ -81.004226684570312, 32.101730346679688 ], [ -79.982170104980469, 32.053001403808594 ], [ -79.96600341796875, 32.051471710205078 ], [ -79.964103698730469, 32.043010711669922 ], [ -79.9786376953125, 32.012809753417969 ], [ -80.015426635742188, 31.97776985168457 ], [ -80.22467041015625, 31.872329711914062 ], [ -80.431968688964844, 31.816120147705078 ], [ -80.628166198730469, 31.814779281616211 ] ] ] } },
{ "type": "Feature", "properties": { "cluster_id": 214 }, "geometry": { "type": "Polygon", "coordinates": [ [ [ -81.114616394042969, 32.1019287109375 ], [ -81.116470336914062, 32.102199554443359 ], [ -81.116500854492188, 32.102218627929688 ], [ -81.116676330566406, 32.102378845214844 ], [ -81.11669921875, 32.102401733398438 ], [ -81.132347106933594, 32.118900299072266 ], [ -81.140678405761719, 32.129920959472656 ], [ -81.142723083496094, 32.134788513183594 ], [ -81.142730712890625, 32.134868621826172 ], [ -81.143096923828125, 32.138721466064453 ], [ -81.142486572265625, 32.138931274414062 ], [ -81.142196655273438, 32.138999938964844 ], [ -81.1368408203125, 32.131938934326172 ], [ -81.114646911621094, 32.102329254150391 ], [ -81.114616394042969, 32.1019287109375 ] ] ] } },
{ "type": "Feature", "properties": { "cluster_id": 74 }, "geometry": { "type": "Polygon", "coordinates": [ [ [ -80.088851928710938, 27.837499618530273 ], [ -80.154518127441406, 27.846469879150391 ], [ -80.186981201171875, 27.931320190429688 ], [ -80.190040588378906, 27.976770401000977 ], [ -80.138221740722656, 27.979930877685547 ], [ -80.128959655761719, 27.980220794677734 ], [ -80.026260375976562, 27.980039596557617 ], [ -79.975547790527344, 27.972200393676758 ], [ -79.962547302246094, 27.870719909667969 ], [ -79.962272644042969, 27.852180480957031 ], [ -79.964668273925781, 27.845319747924805 ], [ -80.003578186035156, 27.839069366455078 ], [ -80.088851928710938, 27.837499618530273 ] ] ] } },
{ "type": "Feature", "properties": { "cluster_id": 59 }, "geometry": { "type": "Polygon", "coordinates": [ [ [ -79.960197448730469, 27.501829147338867 ], [ -79.961166381835938, 27.698749542236328 ], [ -79.959907531738281, 27.719459533691406 ], [ -79.947921752929688, 27.736200332641602 ], [ -79.897071838378906, 27.739990234375 ], [ -79.888427734375, 27.7406005859375 ], [ -79.819869995117188, 27.73444938659668 ], [ -79.764106750488281, 27.723220825195312 ], [ -79.736770629882812, 27.628299713134766 ], [ -79.747230529785156, 27.539119720458984 ], [ -79.749519348144531, 27.519720077514648 ], [ -79.751548767089844, 27.505849838256836 ], [ -79.846366882324219, 27.50248908996582 ], [ -79.960197448730469, 27.501829147338867 ] ] ] } },
{ "type": "Feature", "properties": { "cluster_id": 189 }, "geometry": { "type": "Polygon", "coordinates": [ [ [ -79.809829711914062, 27.118930816650391 ], [ -79.838516235351562, 27.119630813598633 ], [ -79.930526733398438, 27.123220443725586 ], [ -79.95947265625, 27.16533088684082 ], [ -79.871978759765625, 27.164949417114258 ], [ -79.80462646484375, 27.163370132446289 ], [ -79.739418029785156, 27.159929275512695 ], [ -79.739669799804688, 27.128629684448242 ], [ -79.760421752929688, 27.11897087097168 ], [ -79.809829711914062, 27.118930816650391 ] ] ] } },
{ "type": "Feature", "properties": { "cluster_id": 100 }, "geometry": { "type": "Polygon", "coordinates": [ [ [ -79.838996887207031, 26.929500579833984 ], [ -79.872627258300781, 26.929519653320312 ], [ -79.939140319824219, 26.936080932617188 ], [ -79.954177856445312, 26.937719345092773 ], [ -79.960800170898438, 26.945560455322266 ], [ -79.961517333984375, 26.948720932006836 ], [ -79.961502075195312, 26.985149383544922 ], [ -79.945701599121094, 27.021930694580078 ], [ -79.750526428222656, 27.020830154418945 ], [ -79.743751525878906, 27.018440246582031 ], [ -79.737907409667969, 27.003740310668945 ], [ -79.750808715820312, 26.934160232543945 ], [ -79.764579772949219, 26.932870864868164 ], [ -79.838996887207031, 26.929500579833984 ] ] ] } },
{ "type": "Feature", "properties": { "cluster_id": 62 }, "geometry": { "type": "Polygon", "coordinates": [ [ [ -79.917778015136719, 26.351650238037109 ], [ -79.961143493652344, 26.355579376220703 ], [ -79.961372375488281, 26.426519393920898 ], [ -79.904571533203125, 26.445379257202148 ], [ -79.849830627441406, 26.446329116821289 ], [ -79.755546569824219, 26.440130233764648 ], [ -79.733009338378906, 26.418069839477539 ], [ -79.7359619140625, 26.400129318237305 ], [ -79.741203308105469, 26.369770050048828 ], [ -79.77001953125, 26.352619171142578 ], [ -79.917778015136719, 26.351650238037109 ] ] ] } },
{ "type": "Feature", "properties": { "cluster_id": 25 }, "geometry": { "type": "Polygon", "coordinates": [ [ [ -82.102432250976562, 23.622749328613281 ], [ -82.195121765136719, 23.623369216918945 ], [ -82.217903137207031, 23.624130249023438 ], [ -82.49114990234375, 23.732349395751953 ], [ -82.496788024902344, 23.750209808349609 ], [ -82.484413146972656, 23.761600494384766 ], [ -81.799217224121094, 23.858480453491211 ], [ -81.220466613769531, 23.906749725341797 ], [ -81.189247131347656, 23.906219482421875 ], [ -81.138717651367188, 23.904319763183594 ], [ -81.115081787109375, 23.892669677734375 ], [ -81.128433227539062, 23.818679809570312 ], [ -81.394676208496094, 23.721719741821289 ], [ -81.412017822265625, 23.716680526733398 ], [ -81.604621887207031, 23.681909561157227 ], [ -82.102432250976562, 23.622749328613281 ] ] ] } },
{ "type": "Feature", "properties": { "cluster_id": 20 }, "geometry": { "type": "Polygon", "coordinates": [ [ [ -130.339187622070312, 54.146739959716797 ], [ -130.65008544921875, 54.212348937988281 ], [ -130.609527587890625, 54.237339019775391 ], [ -130.273345947265625, 54.355571746826172 ], [ -130.27215576171875, 54.355918884277344 ], [ -130.2667236328125, 54.356170654296875 ], [ -130.265731811523438, 54.355148315429688 ], [ -130.250747680664062, 54.312648773193359 ], [ -130.250717163085938, 54.312198638916016 ], [ -130.320907592773438, 54.146881103515625 ], [ -130.339187622070312, 54.146739959716797 ] ] ] } },
{ "type": "Feature", "properties": { "cluster_id": 179 }, "geometry": { "type": "Polygon", "coordinates": [ [ [ -66.863616943359375, 17.774469375610352 ], [ -66.960487365722656, 17.774740219116211 ], [ -67.258163452148438, 17.783489227294922 ], [ -67.286506652832031, 17.806739807128906 ], [ -67.272987365722656, 17.821910858154297 ], [ -66.773406982421875, 17.820659637451172 ], [ -66.717796325683594, 17.819509506225586 ], [ -66.612937927246094, 17.80718994140625 ], [ -66.605110168457031, 17.795440673828125 ], [ -66.613296508789062, 17.780780792236328 ], [ -66.625419616699219, 17.778589248657227 ], [ -66.643890380859375, 17.778249740600586 ], [ -66.853416442871094, 17.774639129638672 ], [ -66.863616943359375, 17.774469375610352 ] ] ] } },
{ "type": "Feature", "properties": { "cluster_id": 75 }, "geometry": { "type": "Polygon", "coordinates": [ [ [ -68.337959289550781, 17.871940612792969 ], [ -68.588790893554688, 17.918209075927734 ], [ -68.63385009765625, 17.937170028686523 ], [ -68.639801025390625, 17.939830780029297 ], [ -68.669448852539062, 17.958410263061523 ], [ -68.667396545410156, 18.058500289916992 ], [ -68.436721801757812, 18.157339096069336 ], [ -68.352859497070312, 18.157079696655273 ], [ -68.211082458496094, 18.155349731445312 ], [ -68.210472106933594, 18.148870468139648 ], [ -68.210739135742188, 17.918590545654297 ], [ -68.244499206542969, 17.903499603271484 ], [ -68.337959289550781, 17.871940612792969 ] ] ] } },
{ "type": "Feature", "properties": { "cluster_id": 176 }, "geometry": { "type": "Polygon", "coordinates": [ [ [ -78.091102600097656, 25.7977294921875 ], [ -78.091567993164062, 25.797769546508789 ], [ -78.091949462890625, 25.797910690307617 ], [ -78.104347229003906, 25.803329467773438 ], [ -78.106697082519531, 25.804460525512695 ], [ -78.106842041015625, 25.816080093383789 ], [ -78.10601806640625, 25.81743049621582 ], [ -78.099906921386719, 25.821559906005859 ], [ -77.936378479003906, 25.824129104614258 ], [ -77.935752868652344, 25.824079513549805 ], [ -78.090370178222656, 25.797769546508789 ], [ -78.0909423828125, 25.7977294921875 ], [ -78.091102600097656, 25.7977294921875 ] ] ] } },
{ "type": "Feature", "properties": { "cluster_id": 266 }, "geometry": { "type": "Polygon", "coordinates": [ [ [ -78.119926452636719, 25.969699859619141 ], [ -78.210868835449219, 25.970779418945312 ], [ -78.308769226074219, 25.972770690917969 ], [ -78.318466186523438, 25.97681999206543 ], [ -78.338951110839844, 25.996179580688477 ], [ -78.337051391601562, 25.998449325561523 ], [ -78.325576782226562, 26.001609802246094 ], [ -78.279930114746094, 26.013849258422852 ], [ -78.219146728515625, 26.01593017578125 ], [ -78.138671875, 26.014999389648438 ], [ -78.124298095703125, 25.986249923706055 ], [ -78.119926452636719, 25.969699859619141 ] ] ] } },
{ "type": "Feature", "properties": { "cluster_id": 127 }, "geometry": { "type": "Polygon", "coordinates": [ [ [ -77.706832885742188, 25.826000213623047 ], [ -77.759201049804688, 25.829509735107422 ], [ -77.797447204589844, 25.835580825805664 ], [ -77.886482238769531, 25.863079071044922 ], [ -77.886917114257812, 25.868850708007812 ], [ -77.8851318359375, 25.871919631958008 ], [ -77.679878234863281, 25.869880676269531 ], [ -77.665870666503906, 25.858219146728516 ], [ -77.680343627929688, 25.829380035400391 ], [ -77.684173583984375, 25.826320648193359 ], [ -77.706832885742188, 25.826000213623047 ] ] ] } },
{ "type": "Feature", "properties": { "cluster_id": 243 }, "geometry": { "type": "Polygon", "coordinates": [ [ [ -77.9364013671875, 25.921600341796875 ], [ -77.959503173828125, 25.922979354858398 ], [ -77.999427795410156, 25.927000045776367 ], [ -78.091598510742188, 25.937839508056641 ], [ -78.110481262207031, 25.944269180297852 ], [ -78.107933044433594, 25.953269958496094 ], [ -78.087081909179688, 25.961050033569336 ], [ -78.086578369140625, 25.961149215698242 ], [ -78.043777465820312, 25.9681396484375 ], [ -77.977447509765625, 25.967880249023438 ], [ -77.915931701660156, 25.959629058837891 ], [ -77.910018920898438, 25.958419799804688 ], [ -77.889480590820312, 25.953229904174805 ], [ -77.902252197265625, 25.934650421142578 ], [ -77.9364013671875, 25.921600341796875 ] ] ] } },
{ "type": "Feature", "properties": { "cluster_id": 44 }, "geometry": { "type": "Polygon", "coordinates": [ [ [ -122.733558654785156, 45.564651489257812 ], [ -122.733650207519531, 45.564678192138672 ], [ -122.737861633300781, 45.567119598388672 ], [ -122.766181945800781, 45.585601806640625 ], [ -122.770278930664062, 45.588691711425781 ], [ -122.775108337402344, 45.593418121337891 ], [ -122.777908325195312, 45.596630096435547 ], [ -122.779533386230469, 45.598709106445312 ], [ -122.7811279296875, 45.601169586181641 ], [ -122.787338256835938, 45.612049102783203 ], [ -122.788749694824219, 45.614601135253906 ], [ -122.790496826171875, 45.618968963623047 ], [ -122.791511535644531, 45.622398376464844 ], [ -122.791717529296875, 45.625801086425781 ], [ -122.791358947753906, 45.628208160400391 ], [ -122.790481567382812, 45.630508422851562 ], [ -122.788650512695312, 45.63336181640625 ], [ -122.786491394042969, 45.636180877685547 ], [ -122.765983581542969, 45.661911010742188 ], [ -122.701011657714844, 45.633598327636719 ], [ -122.695777893066406, 45.630428314208984 ], [ -122.695449829101562, 45.630210876464844 ], [ -122.731666564941406, 45.566089630126953 ], [ -122.732551574707031, 45.564788818359375 ], [ -122.733497619628906, 45.564659118652344 ], [ -122.733558654785156, 45.564651489257812 ] ] ] } },
{ "type": "Feature", "properties": { "cluster_id": 108 }, "geometry": { "type": "Polygon", "coordinates": [ [ [ -122.793266296386719, 45.808319091796875 ], [ -122.794486999511719, 45.808910369873047 ], [ -122.795799255371094, 45.811069488525391 ], [ -122.796760559082031, 45.815319061279297 ], [ -122.796699523925781, 45.819599151611328 ], [ -122.796592712402344, 45.820468902587891 ], [ -122.796028137207031, 45.824459075927734 ], [ -122.795318603515625, 45.826530456542969 ], [ -122.794479370117188, 45.828880310058594 ], [ -122.784210205078125, 45.854129791259766 ], [ -122.783889770507812, 45.852451324462891 ], [ -122.784126281738281, 45.850208282470703 ], [ -122.78485107421875, 45.845329284667969 ], [ -122.793266296386719, 45.808319091796875 ] ] ] } },
{ "type": "Feature", "properties": { "cluster_id": 203 }, "geometry": { "type": "Polygon", "coordinates": [ [ [ -122.880470275878906, 46.047420501708984 ], [ -123.027778625488281, 46.141471862792969 ], [ -123.026298522949219, 46.141078948974609 ], [ -123.013748168945312, 46.137020111083984 ], [ -123.009780883789062, 46.135711669921875 ], [ -123.007087707519531, 46.134441375732422 ], [ -122.907997131347656, 46.086551666259766 ], [ -122.901939392089844, 46.083301544189453 ], [ -122.89801025390625, 46.080791473388672 ], [ -122.895332336425781, 46.078571319580078 ], [ -122.892868041992188, 46.076210021972656 ], [ -122.888412475585938, 46.071361541748047 ], [ -122.886947631835938, 46.069320678710938 ], [ -122.883857727050781, 46.064018249511719 ], [ -122.882171630859375, 46.059219360351562 ], [ -122.881050109863281, 46.054061889648438 ], [ -122.880752563476562, 46.052181243896484 ], [ -122.880470275878906, 46.047420501708984 ] ] ] } },
{ "type": "Feature", "properties": { "cluster_id": 86 }, "geometry": { "type": "Polygon", "coordinates": [ [ [ -123.336051940917969, 46.141780853271484 ], [ -123.344779968261719, 46.141998291015625 ], [ -123.352630615234375, 46.142921447753906 ], [ -123.364303588867188, 46.144821166992188 ], [ -123.381599426269531, 46.147769927978516 ], [ -123.38739013671875, 46.148960113525391 ], [ -123.394477844238281, 46.152851104736328 ], [ -123.397377014160156, 46.154609680175781 ], [ -123.406967163085938, 46.161930084228516 ], [ -123.421592712402344, 46.173408508300781 ], [ -123.427528381347656, 46.178348541259766 ], [ -123.430419921875, 46.182159423828125 ], [ -123.43145751953125, 46.185348510742188 ], [ -123.43121337890625, 46.188240051269531 ], [ -123.154716491699219, 46.189571380615234 ], [ -123.151298522949219, 46.189529418945312 ], [ -123.131889343261719, 46.187728881835938 ], [ -123.12744140625, 46.187240600585938 ], [ -123.122512817382812, 46.186458587646484 ], [ -123.119941711425781, 46.185829162597656 ], [ -123.054656982421875, 46.15557861328125 ], [ -123.05352783203125, 46.154708862304688 ], [ -123.053962707519531, 46.154251098632812 ], [ -123.307716369628906, 46.142169952392578 ], [ -123.315338134765625, 46.141998291015625 ], [ -123.317619323730469, 46.141960144042969 ], [ -123.336051940917969, 46.141780853271484 ] ] ] } },
{ "type": "Feature", "properties": { "cluster_id": 121 }, "geometry": { "type": "Polygon", "coordinates": [ [ [ -123.429428100585938, 46.238750457763672 ], [ -123.710159301757812, 46.239128112792969 ], [ -123.701622009277344, 46.243839263916016 ], [ -123.694129943847656, 46.247409820556641 ], [ -123.690231323242188, 46.249259948730469 ], [ -123.68377685546875, 46.251201629638672 ], [ -123.669960021972656, 46.254878997802734 ], [ -123.657119750976562, 46.258190155029297 ], [ -123.65203857421875, 46.259380340576172 ], [ -123.646751403808594, 46.260288238525391 ], [ -123.492683410644531, 46.272998809814453 ], [ -123.48187255859375, 46.272750854492188 ], [ -123.475021362304688, 46.271530151367188 ], [ -123.466400146484375, 46.269020080566406 ], [ -123.457687377929688, 46.263881683349609 ], [ -123.436752319335938, 46.246131896972656 ], [ -123.433380126953125, 46.243270874023438 ], [ -123.431221008300781, 46.241230010986328 ], [ -123.429428100585938, 46.238750457763672 ] ] ] } },
{ "type": "Feature", "properties": { "cluster_id": 19 }, "geometry": { "type": "Polygon", "coordinates": [ [ [ -123.9102783203125, 46.189800262451172 ], [ -124.202438354492188, 46.190620422363281 ], [ -124.361618041992188, 46.239109039306641 ], [ -124.432083129882812, 46.272281646728516 ], [ -124.432426452636719, 46.272750854492188 ], [ -124.435432434082031, 46.300308227539062 ], [ -124.426628112792969, 46.326728820800781 ], [ -124.364067077636719, 46.330780029296875 ], [ -123.746711730957031, 46.2239990234375 ], [ -123.750473022460938, 46.221778869628906 ], [ -123.750709533691406, 46.2216796875 ], [ -123.825813293457031, 46.194969177246094 ], [ -123.829010009765625, 46.194290161132812 ], [ -123.83251953125, 46.193901062011719 ], [ -123.898406982421875, 46.18988037109375 ], [ -123.9102783203125, 46.189800262451172 ] ] ] } },
{ "type": "Feature", "properties": { "cluster_id": 187 }, "geometry": { "type": "Polygon", "coordinates": [ [ [ -124.2957763671875, 46.143451690673828 ], [ -124.388778686523438, 46.143478393554688 ], [ -124.428802490234375, 46.166130065917969 ], [ -124.427757263183594, 46.184211730957031 ], [ -124.284889221191406, 46.189640045166016 ], [ -124.25140380859375, 46.18927001953125 ], [ -124.205909729003906, 46.185279846191406 ], [ -124.218399047851562, 46.160671234130859 ], [ -124.2957763671875, 46.143451690673828 ] ] ] } },
{ "type": "Feature", "properties": { "cluster_id": 120 }, "geometry": { "type": "Polygon", "coordinates": [ [ [ -75.121330261230469, 39.966701507568359 ], [ -75.052581787109375, 40.007579803466797 ], [ -75.050529479980469, 40.008159637451172 ], [ -75.06353759765625, 39.987991333007812 ], [ -75.06494140625, 39.986419677734375 ], [ -75.065879821777344, 39.985389709472656 ], [ -75.07135009765625, 39.980350494384766 ], [ -75.073158264160156, 39.979301452636719 ], [ -75.077430725097656, 39.977241516113281 ], [ -75.121330261230469, 39.966701507568359 ] ] ] } },
{ "type": "Feature", "properties": { "cluster_id": 231 }, "geometry": { "type": "Polygon", "coordinates": [ [ [ -74.835922241210938, 40.104549407958984 ], [ -74.835670471191406, 40.105209350585938 ], [ -74.829971313476562, 40.118659973144531 ], [ -74.827766418457031, 40.123538970947266 ], [ -74.826683044433594, 40.124908447265625 ], [ -74.824569702148438, 40.126449584960938 ], [ -74.819938659667969, 40.127918243408203 ], [ -74.754989624023438, 40.139381408691406 ], [ -74.754898071289062, 40.139389038085938 ], [ -74.754859924316406, 40.139358520507812 ], [ -74.752922058105469, 40.135719299316406 ], [ -74.780998229980469, 40.122039794921875 ], [ -74.781158447265625, 40.121971130371094 ], [ -74.784149169921875, 40.120838165283203 ], [ -74.835922241210938, 40.104549407958984 ] ] ] } },
{ "type": "Feature", "properties": { "cluster_id": 71 }, "geometry": { "type": "Polygon", "coordinates": [ [ [ -81.224998474121094, 30.329669952392578 ], [ -81.62158203125, 30.338949203491211 ], [ -81.629936218261719, 30.375520706176758 ], [ -81.629142761230469, 30.380289077758789 ], [ -81.628303527832031, 30.383089065551758 ], [ -81.624748229980469, 30.393930435180664 ], [ -81.622840881347656, 30.396560668945312 ], [ -81.621116638183594, 30.397680282592773 ], [ -81.617340087890625, 30.399919509887695 ], [ -81.606300354003906, 30.405670166015625 ], [ -81.600578308105469, 30.408340454101562 ], [ -81.598381042480469, 30.409290313720703 ], [ -81.596656799316406, 30.409999847412109 ], [ -81.593406677246094, 30.410589218139648 ], [ -81.283218383789062, 30.444229125976562 ], [ -80.945137023925781, 30.424600601196289 ], [ -80.946136474609375, 30.420160293579102 ], [ -80.95556640625, 30.413799285888672 ], [ -81.009841918945312, 30.377689361572266 ], [ -81.224998474121094, 30.329669952392578 ] ] ] } },
{ "type": "Feature", "properties": { "cluster_id": 169 }, "geometry": { "type": "Polygon", "coordinates": [ [ [ -75.062202453613281, 35.743721008300781 ], [ -75.107498168945312, 35.757831573486328 ], [ -75.114166259765625, 35.768329620361328 ], [ -75.122001647949219, 35.781330108642578 ], [ -75.074981689453125, 35.834709167480469 ], [ -75.048599243164062, 35.838371276855469 ], [ -74.981201171875, 35.835311889648438 ], [ -74.952003479003906, 35.829170227050781 ], [ -74.943367004394531, 35.812801361083984 ], [ -74.958969116210938, 35.745700836181641 ], [ -74.961921691894531, 35.744880676269531 ], [ -75.062202453613281, 35.743721008300781 ] ] ] } },
{ "type": "Feature", "properties": { "cluster_id": 267 }, "geometry": { "type": "Polygon", "coordinates": [ [ [ -74.922470092773438, 35.552120208740234 ], [ -75.041671752929688, 35.553768157958984 ], [ -75.100196838378906, 35.555709838867188 ], [ -75.095703125, 35.580940246582031 ], [ -75.0357666015625, 35.599029541015625 ], [ -75.009536743164062, 35.598628997802734 ], [ -74.910530090332031, 35.596260070800781 ], [ -74.91864013671875, 35.564949035644531 ], [ -74.922470092773438, 35.552120208740234 ] ] ] } },
{ "type": "Feature", "properties": { "cluster_id": 271 }, "geometry": { "type": "Polygon", "coordinates": [ [ [ -78.186073303222656, 33.494411468505859 ], [ -78.287567138671875, 33.502288818359375 ], [ -78.285507202148438, 33.513248443603516 ], [ -78.283088684082031, 33.522830963134766 ], [ -78.201347351074219, 33.537540435791016 ], [ -78.126167297363281, 33.538330078125 ], [ -78.122329711914062, 33.533000946044922 ], [ -78.119819641113281, 33.519420623779297 ], [ -78.127830505371094, 33.499881744384766 ], [ -78.132186889648438, 33.498100280761719 ], [ -78.186073303222656, 33.494411468505859 ] ] ] } },
{ "type": "Feature", "properties": { "cluster_id": 49 }, "geometry": { "type": "Polygon", "coordinates": [ [ [ -78.075408935546875, 33.732089996337891 ], [ -78.106002807617188, 33.732498168945312 ], [ -78.107002258300781, 33.739021301269531 ], [ -78.107757568359375, 33.785240173339844 ], [ -78.106849670410156, 33.79071044921875 ], [ -78.020370483398438, 33.910419464111328 ], [ -77.939773559570312, 34.01702880859375 ], [ -77.939720153808594, 34.016258239746094 ], [ -77.939727783203125, 34.013660430908203 ], [ -77.939826965332031, 34.011341094970703 ], [ -77.948692321777344, 33.971481323242188 ], [ -77.95025634765625, 33.967720031738281 ], [ -78.041641235351562, 33.769229888916016 ], [ -78.042930603027344, 33.766651153564453 ], [ -78.075408935546875, 33.732089996337891 ] ] ] } },
{ "type": "Feature", "properties": { "cluster_id": 133 }, "geometry": { "type": "Polygon", "coordinates": [ [ [ -77.935966491699219, 34.117038726806641 ], [ -77.958641052246094, 34.156818389892578 ], [ -77.960166931152344, 34.159500122070312 ], [ -77.960823059082031, 34.1610107421875 ], [ -77.96099853515625, 34.162330627441406 ], [ -77.960868835449219, 34.165321350097656 ], [ -77.957588195800781, 34.209918975830078 ], [ -77.955909729003906, 34.209980010986328 ], [ -77.935188293457031, 34.125049591064453 ], [ -77.93499755859375, 34.122829437255859 ], [ -77.935020446777344, 34.122440338134766 ], [ -77.935966491699219, 34.117038726806641 ] ] ] } },
{ "type": "Feature", "properties": { "cluster_id": 47 }, "geometry": { "type": "Polygon", "coordinates": [ [ [ -76.229080200195312, 34.114749908447266 ], [ -76.253768920898438, 34.115341186523438 ], [ -76.257408142089844, 34.136959075927734 ], [ -76.259872436523438, 34.184078216552734 ], [ -76.238021850585938, 34.200420379638672 ], [ -76.171180725097656, 34.207500457763672 ], [ -76.074378967285156, 34.209888458251953 ], [ -76.047767639160156, 34.192878723144531 ], [ -76.045196533203125, 34.139900207519531 ], [ -76.054222106933594, 34.131729125976562 ], [ -76.06707763671875, 34.120418548583984 ], [ -76.067672729492188, 34.120010375976562 ], [ -76.099296569824219, 34.116729736328125 ], [ -76.229080200195312, 34.114749908447266 ] ] ] } },
{ "type": "Feature", "properties": { "cluster_id": 8 }, "geometry": { "type": "Polygon", "coordinates": [ [ [ -75.963539123535156, 34.308250427246094 ], [ -76.041893005371094, 34.313438415527344 ], [ -76.021232604980469, 34.330398559570312 ], [ -76.008110046386719, 34.340190887451172 ], [ -75.926826477050781, 34.3489990234375 ], [ -75.889541625976562, 34.352611541748047 ], [ -75.829452514648438, 34.351428985595703 ], [ -75.834091186523438, 34.337760925292969 ], [ -75.841171264648438, 34.330348968505859 ], [ -75.859336853027344, 34.311840057373047 ], [ -75.888587951660156, 34.309238433837891 ], [ -75.963539123535156, 34.308250427246094 ] ] ] } },
{ "type": "Feature", "properties": { "cluster_id": 202 }, "geometry": { "type": "Polygon", "coordinates": [ [ [ -75.722450256347656, 34.497890472412109 ], [ -75.761077880859375, 34.499229431152344 ], [ -75.786201477050781, 34.519069671630859 ], [ -75.808326721191406, 34.580020904541016 ], [ -75.813880920410156, 34.601879119873047 ], [ -75.802230834960938, 34.625480651855469 ], [ -75.785263061523438, 34.638168334960938 ], [ -75.764358520507812, 34.639270782470703 ], [ -75.725311279296875, 34.640190124511719 ], [ -75.616493225097656, 34.634391784667969 ], [ -75.604621887207031, 34.632591247558594 ], [ -75.589607238769531, 34.625358581542969 ], [ -75.586517333984375, 34.608898162841797 ], [ -75.586402893066406, 34.606639862060547 ], [ -75.584388732910156, 34.539180755615234 ], [ -75.601631164550781, 34.512348175048828 ], [ -75.6234130859375, 34.500839233398438 ], [ -75.722450256347656, 34.497890472412109 ] ] ] } },
{ "type": "Feature", "properties": { "cluster_id": 151 }, "geometry": { "type": "Polygon", "coordinates": [ [ [ -117.647666931152344, 32.246330261230469 ], [ -117.696296691894531, 32.251930236816406 ], [ -117.716598510742188, 32.30670166015625 ], [ -117.723396301269531, 32.325901031494141 ], [ -117.728233337402344, 32.340068817138672 ], [ -117.750923156738281, 32.408950805664062 ], [ -117.75244140625, 32.415580749511719 ], [ -117.752670288085938, 32.472499847412109 ], [ -117.750228881835938, 32.529411315917969 ], [ -117.739463806152344, 32.532840728759766 ], [ -117.526161193847656, 32.529850006103516 ], [ -117.523170471191406, 32.259891510009766 ], [ -117.542922973632812, 32.249359130859375 ], [ -117.647666931152344, 32.246330261230469 ] ] ] } },
{ "type": "Feature", "properties": { "cluster_id": 192 }, "geometry": { "type": "Polygon", "coordinates": [ [ [ -123.06170654296875, 37.373138427734375 ], [ -123.097900390625, 37.373859405517578 ], [ -123.265800476074219, 37.381431579589844 ], [ -123.235733032226562, 37.408138275146484 ], [ -123.229141235351562, 37.413860321044922 ], [ -123.083183288574219, 37.414688110351562 ], [ -123.055999755859375, 37.412998199462891 ], [ -123.053672790527344, 37.404830932617188 ], [ -123.055740356445312, 37.384639739990234 ], [ -123.06170654296875, 37.373138427734375 ] ] ] } },
{ "type": "Feature", "properties": { "cluster_id": 159 }, "geometry": { "type": "Polygon", "coordinates": [ [ [ -120.112930297851562, 33.635231018066406 ], [ -120.27130126953125, 33.636249542236328 ], [ -120.277481079101562, 33.655559539794922 ], [ -120.273826599121094, 33.667098999023438 ], [ -120.171173095703125, 33.680999755859375 ], [ -120.071998596191406, 33.679000854492188 ], [ -120.070327758789062, 33.661998748779297 ], [ -120.070953369140625, 33.638118743896484 ], [ -120.085739135742188, 33.635528564453125 ], [ -120.092796325683594, 33.635318756103516 ], [ -120.112930297851562, 33.635231018066406 ] ] ] } },
{ "type": "Feature", "properties": { "cluster_id": 157 }, "geometry": { "type": "Polygon", "coordinates": [ [ [ -80.905403137207031, 29.036539077758789 ], [ -80.931907653808594, 29.059640884399414 ], [ -80.932022094726562, 29.059879302978516 ], [ -80.932258605957031, 29.060609817504883 ], [ -80.918853759765625, 29.077310562133789 ], [ -80.900360107421875, 29.080949783325195 ], [ -80.904830932617188, 29.041170120239258 ], [ -80.905166625976562, 29.038450241088867 ], [ -80.905403137207031, 29.036539077758789 ] ] ] } },
{ "type": "Feature", "properties": { "cluster_id": 94 }, "geometry": { "type": "Polygon", "coordinates": [ [ [ -80.4581298828125, 28.316780090332031 ], [ -80.4752197265625, 28.316940307617188 ], [ -80.724533081054688, 28.370689392089844 ], [ -80.734672546386719, 28.391239166259766 ], [ -80.735557556152344, 28.393999099731445 ], [ -80.735923767089844, 28.407659530639648 ], [ -80.638641357421875, 28.455759048461914 ], [ -80.429496765136719, 28.359830856323242 ], [ -80.422920227050781, 28.330120086669922 ], [ -80.431800842285156, 28.317720413208008 ], [ -80.4581298828125, 28.316780090332031 ] ] ] } },
{ "type": "Feature", "properties": { "cluster_id": 239 }, "geometry": { "type": "Polygon", "coordinates": [ [ [ -91.429153442382812, 27.264860153198242 ], [ -91.450218200683594, 27.266149520874023 ], [ -91.452560424804688, 27.266300201416016 ], [ -91.461952209472656, 27.267610549926758 ], [ -91.47015380859375, 27.275270462036133 ], [ -91.480758666992188, 27.28809928894043 ], [ -91.479393005371094, 27.304849624633789 ], [ -91.452049255371094, 27.305839538574219 ], [ -91.283851623535156, 27.301959991455078 ], [ -91.269577026367188, 27.28904914855957 ], [ -91.387283325195312, 27.267730712890625 ], [ -91.404098510742188, 27.265689849853516 ], [ -91.429153442382812, 27.264860153198242 ] ] ] } },
{ "type": "Feature", "properties": { "cluster_id": 40 }, "geometry": { "type": "Polygon", "coordinates": [ [ [ -151.523696899414062, 59.559440612792969 ], [ -151.525146484375, 59.560218811035156 ], [ -151.391433715820312, 59.621559143066406 ], [ -151.391143798828125, 59.621658325195312 ], [ -151.389144897460938, 59.622261047363281 ], [ -151.387481689453125, 59.62213134765625 ], [ -151.385787963867188, 59.621891021728516 ], [ -151.384262084960938, 59.620861053466797 ], [ -151.384185791015625, 59.620708465576172 ], [ -151.38446044921875, 59.619159698486328 ], [ -151.385086059570312, 59.617378234863281 ], [ -151.397842407226562, 59.600780487060547 ], [ -151.401016235351562, 59.597511291503906 ], [ -151.403915405273438, 59.596031188964844 ], [ -151.406692504882812, 59.59490966796875 ], [ -151.41729736328125, 59.591171264648438 ], [ -151.443084716796875, 59.582180023193359 ], [ -151.465316772460938, 59.574638366699219 ], [ -151.501205444335938, 59.562469482421875 ], [ -151.523696899414062, 59.559440612792969 ] ] ] } },
{ "type": "Feature", "properties": { "cluster_id": 129 }, "geometry": { "type": "Polygon", "coordinates": [ [ [ -164.078826904296875, 54.242710113525391 ], [ -164.12786865234375, 54.244289398193359 ], [ -164.233413696289062, 54.250461578369141 ], [ -164.268768310546875, 54.258110046386719 ], [ -164.271759033203125, 54.261329650878906 ], [ -164.236312866210938, 54.279979705810547 ], [ -164.096908569335938, 54.284019470214844 ], [ -164.078506469726562, 54.282489776611328 ], [ -164.073211669921875, 54.249240875244141 ], [ -164.075820922851562, 54.244678497314453 ], [ -164.078826904296875, 54.242710113525391 ] ] ] } },
{ "type": "Feature", "properties": { "cluster_id": 170 }, "geometry": { "type": "Polygon", "coordinates": [ [ [ -88.114189147949219, 29.75469970703125 ], [ -88.132499694824219, 29.755350112915039 ], [ -88.256843566894531, 29.762500762939453 ], [ -88.257392883300781, 29.779689788818359 ], [ -88.213401794433594, 29.797859191894531 ], [ -88.141387939453125, 29.799350738525391 ], [ -88.115890502929688, 29.767059326171875 ], [ -88.113319396972656, 29.760690689086914 ], [ -88.114189147949219, 29.75469970703125 ] ] ] } },
{ "type": "Feature", "properties": { "cluster_id": 64 }, "geometry": { "type": "Polygon", "coordinates": [ [ [ -88.289581298828125, 29.802650451660156 ], [ -88.353507995605469, 29.803810119628906 ], [ -88.486076354980469, 29.826229095458984 ], [ -88.51708984375, 29.855480194091797 ], [ -88.52691650390625, 29.865659713745117 ], [ -88.527137756347656, 29.866199493408203 ], [ -88.525970458984375, 29.871669769287109 ], [ -88.525718688964844, 29.872390747070312 ], [ -88.447731018066406, 30.037590026855469 ], [ -88.028327941894531, 30.328189849853516 ], [ -87.952018737792969, 30.044380187988281 ], [ -88.276206970214844, 29.810270309448242 ], [ -88.289581298828125, 29.802650451660156 ] ] ] } },
{ "type": "Feature", "properties": { "cluster_id": 178 }, "geometry": { "type": "Polygon", "coordinates": [ [ [ -88.492462158203125, 30.092769622802734 ], [ -88.659942626953125, 30.095249176025391 ], [ -88.931259155273438, 30.124130249023438 ], [ -88.935417175292969, 30.125869750976562 ], [ -88.939781188964844, 30.129610061645508 ], [ -88.944572448730469, 30.135440826416016 ], [ -88.945869445800781, 30.137079238891602 ], [ -88.864189147949219, 30.137119293212891 ], [ -88.531219482421875, 30.135099411010742 ], [ -88.496101379394531, 30.125080108642578 ], [ -88.492500305175781, 30.12384033203125 ], [ -88.488288879394531, 30.119579315185547 ], [ -88.492462158203125, 30.092769622802734 ] ] ] } },
{ "type": "Feature", "properties": { "cluster_id": 255 }, "geometry": { "type": "Polygon", "coordinates": [ [ [ -87.673149108886719, 29.324850082397461 ], [ -87.683822631835938, 29.326910018920898 ], [ -87.70758056640625, 29.357219696044922 ], [ -87.714218139648438, 29.370140075683594 ], [ -87.69622802734375, 29.367919921875 ], [ -87.684928894042969, 29.359790802001953 ], [ -87.680458068847656, 29.356529235839844 ], [ -87.677200317382812, 29.352750778198242 ], [ -87.661827087402344, 29.328100204467773 ], [ -87.673149108886719, 29.324850082397461 ] ] ] } },
{ "type": "Feature", "properties": { "cluster_id": 240 }, "geometry": { "type": "Polygon", "coordinates": [ [ [ -123.971031188964844, 46.961471557617188 ], [ -123.966949462890625, 46.962371826171875 ], [ -123.928672790527344, 46.969280242919922 ], [ -123.924339294433594, 46.969810485839844 ], [ -123.913551330566406, 46.969921112060547 ], [ -123.87255859375, 46.967811584472656 ], [ -123.857780456542969, 46.966030120849609 ], [ -123.8531494140625, 46.964179992675781 ], [ -123.85302734375, 46.963981628417969 ], [ -123.853080749511719, 46.963890075683594 ], [ -123.971031188964844, 46.961471557617188 ] ] ] } },
{ "type": "Feature", "properties": { "cluster_id": 177 }, "geometry": { "type": "Polygon", "coordinates": [ [ [ -124.187911987304688, 46.9085693359375 ], [ -124.193748474121094, 46.908901214599609 ], [ -124.192306518554688, 46.909580230712891 ], [ -123.987396240234375, 46.955348968505859 ], [ -123.993858337402344, 46.949970245361328 ], [ -124.005142211914062, 46.940788269042969 ], [ -124.012008666992188, 46.935470581054688 ], [ -124.018318176269531, 46.931041717529297 ], [ -124.024620056152344, 46.928119659423828 ], [ -124.05413818359375, 46.920791625976562 ], [ -124.143157958984375, 46.909141540527344 ], [ -124.146133422851562, 46.908958435058594 ], [ -124.187911987304688, 46.9085693359375 ] ] ] } },
{ "type": "Feature", "properties": { "cluster_id": 138 }, "geometry": { "type": "Polygon", "coordinates": [ [ [ -83.472679138183594, 27.561040878295898 ], [ -83.474136352539062, 27.561069488525391 ], [ -83.475440979003906, 27.561260223388672 ], [ -83.641693115234375, 27.587270736694336 ], [ -83.647377014160156, 27.59136962890625 ], [ -83.489356994628906, 27.596059799194336 ], [ -83.444801330566406, 27.595769882202148 ], [ -83.43060302734375, 27.590810775756836 ], [ -83.429267883300781, 27.577949523925781 ], [ -83.458480834960938, 27.562889099121094 ], [ -83.461250305175781, 27.562000274658203 ], [ -83.472679138183594, 27.561040878295898 ] ] ] } },
{ "type": "Feature", "properties": { "cluster_id": 199 }, "geometry": { "type": "Polygon", "coordinates": [ [ [ -93.25885009765625, 28.989389419555664 ], [ -93.259178161621094, 28.989419937133789 ], [ -93.259407043457031, 28.989500045776367 ], [ -93.259849548339844, 28.989690780639648 ], [ -93.261260986328125, 28.9906005859375 ], [ -93.324897766113281, 29.033939361572266 ], [ -93.254241943359375, 29.079299926757812 ], [ -93.2158203125, 29.08152961730957 ], [ -93.203117370605469, 29.081550598144531 ], [ -93.200210571289062, 29.080120086669922 ], [ -93.198051452636719, 29.06981086730957 ], [ -93.197456359863281, 29.061119079589844 ], [ -93.197868347167969, 29.047880172729492 ], [ -93.199798583984375, 29.002599716186523 ], [ -93.205482482910156, 28.994909286499023 ], [ -93.212333679199219, 28.989580154418945 ], [ -93.252571105957031, 28.989389419555664 ], [ -93.25885009765625, 28.989389419555664 ] ] ] } },
{ "type": "Feature", "properties": { "cluster_id": 105 }, "geometry": { "type": "Polygon", "coordinates": [ [ [ -93.224647521972656, 29.274810791015625 ], [ -93.235359191894531, 29.27931022644043 ], [ -93.252799987792969, 29.303470611572266 ], [ -93.253662109375, 29.305669784545898 ], [ -93.253959655761719, 29.307960510253906 ], [ -93.253822326660156, 29.325380325317383 ], [ -93.253646850585938, 29.32621955871582 ], [ -93.252571105957031, 29.328500747680664 ], [ -93.229591369628906, 29.362619400024414 ], [ -93.218017578125, 29.37013053894043 ], [ -93.212127685546875, 29.369970321655273 ], [ -93.204452514648438, 29.361719131469727 ], [ -93.203750610351562, 29.33650016784668 ], [ -93.203102111816406, 29.294439315795898 ], [ -93.203277587890625, 29.280990600585938 ], [ -93.21038818359375, 29.278120040893555 ], [ -93.218017578125, 29.275239944458008 ], [ -93.224647521972656, 29.274810791015625 ] ] ] } },
{ "type": "Feature", "properties": { "cluster_id": 225 }, "geometry": { "type": "Polygon", "coordinates": [ [ [ -93.22479248046875, 29.514959335327148 ], [ -93.226730346679688, 29.516469955444336 ], [ -93.323867797851562, 29.610660552978516 ], [ -93.324928283691406, 29.612579345703125 ], [ -93.3271484375, 29.656509399414062 ], [ -93.326828002929688, 29.657419204711914 ], [ -93.278160095214844, 29.63170051574707 ], [ -93.2569580078125, 29.619049072265625 ], [ -93.228866577148438, 29.601730346679688 ], [ -93.228523254394531, 29.601419448852539 ], [ -93.215911865234375, 29.558259963989258 ], [ -93.214508056640625, 29.553260803222656 ], [ -93.209640502929688, 29.531440734863281 ], [ -93.209197998046875, 29.528009414672852 ], [ -93.213630676269531, 29.517480850219727 ], [ -93.220230102539062, 29.515750885009766 ], [ -93.22479248046875, 29.514959335327148 ] ] ] } },
{ "type": "Feature", "properties": { "cluster_id": 69 }, "geometry": { "type": "Polygon", "coordinates": [ [ [ -93.347122192382812, 29.801870346069336 ], [ -93.347862243652344, 29.807489395141602 ], [ -93.348098754882812, 29.810199737548828 ], [ -93.348426818847656, 29.814210891723633 ], [ -93.348793029785156, 29.831060409545898 ], [ -93.348739624023438, 29.831899642944336 ], [ -93.348159790039062, 29.838869094848633 ], [ -93.347061157226562, 29.849409103393555 ], [ -93.346992492675781, 29.802370071411133 ], [ -93.347122192382812, 29.801870346069336 ] ] ] } },
{ "type": "Feature", "properties": { "cluster_id": 140 }, "geometry": { "type": "Polygon", "coordinates": [ [ [ -93.333381652832031, 29.996919631958008 ], [ -93.333503723144531, 29.997840881347656 ], [ -93.33355712890625, 29.999189376831055 ], [ -93.333427429199219, 30.037599563598633 ], [ -93.333137512207031, 30.040229797363281 ], [ -93.329727172851562, 30.041259765625 ], [ -93.33001708984375, 30.035650253295898 ], [ -93.330230712890625, 30.032550811767578 ], [ -93.333381652832031, 29.996919631958008 ] ] ] } },
{ "type": "Feature", "properties": { "cluster_id": 33 }, "geometry": { "type": "Polygon", "coordinates": [ [ [ -93.327369689941406, 30.100360870361328 ], [ -93.334320068359375, 30.110630035400391 ], [ -93.3349609375, 30.112480163574219 ], [ -93.33502197265625, 30.145389556884766 ], [ -93.33502197265625, 30.145509719848633 ], [ -93.332366943359375, 30.153680801391602 ], [ -93.316886901855469, 30.177249908447266 ], [ -93.316757202148438, 30.17742919921875 ], [ -93.315948486328125, 30.178520202636719 ], [ -93.315711975097656, 30.178810119628906 ], [ -93.279617309570312, 30.221250534057617 ], [ -93.278007507324219, 30.222579956054688 ], [ -93.277618408203125, 30.222860336303711 ], [ -93.2767333984375, 30.223390579223633 ], [ -93.246856689453125, 30.232629776000977 ], [ -93.24078369140625, 30.223110198974609 ], [ -93.240272521972656, 30.221839904785156 ], [ -93.240402221679688, 30.220729827880859 ], [ -93.240867614746094, 30.219839096069336 ], [ -93.327369689941406, 30.100360870361328 ] ] ] } },
{ "type": "Feature", "properties": { "cluster_id": 13 }, "geometry": { "type": "Polygon", "coordinates": [ [ [ -93.617202758789062, 28.994060516357422 ], [ -93.715347290039062, 29.021230697631836 ], [ -93.7666015625, 29.04425048828125 ], [ -93.769447326660156, 29.049800872802734 ], [ -94.08831787109375, 30.076370239257812 ], [ -94.087898254394531, 30.076549530029297 ], [ -94.087677001953125, 30.076629638671875 ], [ -94.084617614746094, 30.077569961547852 ], [ -94.079200744628906, 30.077880859375 ], [ -94.06951904296875, 30.078220367431641 ], [ -94.067680358886719, 30.078170776367188 ], [ -94.065132141113281, 30.077749252319336 ], [ -94.061759948730469, 30.076459884643555 ], [ -94.060623168945312, 30.076000213623047 ], [ -93.862632751464844, 29.978420257568359 ], [ -93.860420227050781, 29.977140426635742 ], [ -93.858848571777344, 29.975889205932617 ], [ -93.857498168945312, 29.974079132080078 ], [ -93.85650634765625, 29.972400665283203 ], [ -93.855613708496094, 29.970359802246094 ], [ -93.615058898925781, 29.404029846191406 ], [ -93.614990234375, 29.403640747070312 ], [ -93.558273315429688, 29.012050628662109 ], [ -93.558326721191406, 29.006799697875977 ], [ -93.558937072753906, 29.004150390625 ], [ -93.561721801757812, 29.001729965209961 ], [ -93.617202758789062, 28.994060516357422 ] ] ] } },
{ "type": "Feature", "properties": { "cluster_id": 31 }, "geometry": { "type": "Polygon", "coordinates": [ [ [ -88.026832580566406, 30.336669921875 ], [ -88.103019714355469, 30.528099060058594 ], [ -88.043418884277344, 30.727260589599609 ], [ -88.042449951171875, 30.727739334106445 ], [ -88.040046691894531, 30.726669311523438 ], [ -88.0396728515625, 30.726280212402344 ], [ -88.039260864257812, 30.725749969482422 ], [ -88.039222717285156, 30.725570678710938 ], [ -88.031982421875, 30.684799194335938 ], [ -88.013809204101562, 30.449520111083984 ], [ -88.013023376464844, 30.439149856567383 ], [ -88.013526916503906, 30.428810119628906 ], [ -88.015731811523438, 30.410980224609375 ], [ -88.025291442871094, 30.344350814819336 ], [ -88.026092529296875, 30.339879989624023 ], [ -88.026832580566406, 30.336669921875 ] ] ] } },
{ "type": "Feature", "properties": { "cluster_id": 115 }, "geometry": { "type": "Polygon", "coordinates": [ [ [ -88.478492736816406, 28.843610763549805 ], [ -88.478401184082031, 28.846380233764648 ], [ -88.463493347167969, 28.858009338378906 ], [ -88.457763671875, 28.861160278320312 ], [ -88.450241088867188, 28.862899780273438 ], [ -88.380882263183594, 28.874900817871094 ], [ -88.302276611328125, 28.886299133300781 ], [ -88.286941528320312, 28.888339996337891 ], [ -88.286727905273438, 28.887319564819336 ], [ -88.348716735839844, 28.851720809936523 ], [ -88.478492736816406, 28.843610763549805 ] ] ] } },
{ "type": "Feature", "properties": { "cluster_id": 205 }, "geometry": { "type": "Polygon", "coordinates": [ [ [ -88.451148986816406, 29.613309860229492 ], [ -88.443611145019531, 29.651809692382812 ], [ -88.357803344726562, 29.656009674072266 ], [ -88.355598449707031, 29.654769897460938 ], [ -88.353981018066406, 29.65247917175293 ], [ -88.354141235351562, 29.651639938354492 ], [ -88.355026245117188, 29.650869369506836 ], [ -88.451148986816406, 29.613309860229492 ] ] ] } },
{ "type": "Feature", "properties": { "cluster_id": 217 }, "geometry": { "type": "Polygon", "coordinates": [ [ [ -123.163078308105469, 37.948268890380859 ], [ -123.169921875, 37.948558807373047 ], [ -123.179267883300781, 37.952449798583984 ], [ -123.182296752929688, 37.95404052734375 ], [ -123.185432434082031, 37.956588745117188 ], [ -123.21063232421875, 37.981979370117188 ], [ -123.220230102539062, 37.992019653320312 ], [ -123.169532775878906, 37.994400024414062 ], [ -123.160453796386719, 37.992591857910156 ], [ -123.096549987792969, 37.957820892333984 ], [ -123.083526611328125, 37.948280334472656 ], [ -123.163078308105469, 37.948268890380859 ] ] ] } },
{ "type": "Feature", "properties": { "cluster_id": 241 }, "geometry": { "type": "Polygon", "coordinates": [ [ [ -123.327072143554688, 38.139621734619141 ], [ -123.496749877929688, 38.152500152587891 ], [ -123.508560180664062, 38.166740417480469 ], [ -123.434967041015625, 38.184749603271484 ], [ -123.362548828125, 38.182159423828125 ], [ -123.359306335449219, 38.180999755859375 ], [ -123.322929382324219, 38.143150329589844 ], [ -123.327072143554688, 38.139621734619141 ] ] ] } },
{ "type": "Feature", "properties": { "cluster_id": 48 }, "geometry": { "type": "Polygon", "coordinates": [ [ [ -73.549110412597656, 45.493179321289062 ], [ -73.549209594726562, 45.493251800537109 ], [ -73.548973083496094, 45.497001647949219 ], [ -73.548728942871094, 45.49884033203125 ], [ -73.54852294921875, 45.499980926513672 ], [ -73.5484619140625, 45.500251770019531 ], [ -73.540977478027344, 45.531951904296875 ], [ -73.498672485351562, 45.625408172607422 ], [ -73.4986572265625, 45.625431060791016 ], [ -73.451812744140625, 45.693119049072266 ], [ -73.449302673339844, 45.696590423583984 ], [ -73.438819885253906, 45.709339141845703 ], [ -73.437797546386719, 45.709678649902344 ], [ -73.437820434570312, 45.709201812744141 ], [ -73.501998901367188, 45.579170227050781 ], [ -73.548919677734375, 45.493289947509766 ], [ -73.548927307128906, 45.493278503417969 ], [ -73.548980712890625, 45.493240356445312 ], [ -73.549018859863281, 45.493221282958984 ], [ -73.549110412597656, 45.493179321289062 ] ] ] } },
{ "type": "Feature", "properties": { "cluster_id": 53 }, "geometry": { "type": "Polygon", "coordinates": [ [ [ -123.221687316894531, 37.133399963378906 ], [ -123.234329223632812, 37.134670257568359 ], [ -123.229362487792969, 37.152938842773438 ], [ -123.217330932617188, 37.177669525146484 ], [ -123.205657958984375, 37.180000305175781 ], [ -123.176963806152344, 37.179409027099609 ], [ -123.173988342285156, 37.178089141845703 ], [ -123.17327880859375, 37.161128997802734 ], [ -123.188728332519531, 37.137950897216797 ], [ -123.190238952636719, 37.136440277099609 ], [ -123.191841125488281, 37.135818481445312 ], [ -123.196746826171875, 37.135368347167969 ], [ -123.221687316894531, 37.133399963378906 ] ] ] } },
{ "type": "Feature", "properties": { "cluster_id": 206 }, "geometry": { "type": "Polygon", "coordinates": [ [ [ -75.163299560546875, 36.222949981689453 ], [ -75.319648742675781, 36.225040435791016 ], [ -75.344688415527344, 36.23822021484375 ], [ -75.350898742675781, 36.250129699707031 ], [ -75.350227355957031, 36.297649383544922 ], [ -75.27362060546875, 36.311519622802734 ], [ -75.186721801757812, 36.314380645751953 ], [ -75.142082214355469, 36.267589569091797 ], [ -75.161079406738281, 36.223201751708984 ], [ -75.163299560546875, 36.222949981689453 ] ] ] } },
{ "type": "Feature", "properties": { "cluster_id": 184 }, "geometry": { "type": "Polygon", "coordinates": [ [ [ -77.432701110839844, 33.251888275146484 ], [ -77.596908569335938, 33.253719329833984 ], [ -77.634429931640625, 33.264339447021484 ], [ -77.642898559570312, 33.280879974365234 ], [ -77.607048034667969, 33.293670654296875 ], [ -77.536460876464844, 33.299400329589844 ], [ -77.484092712402344, 33.296241760253906 ], [ -77.430259704589844, 33.291130065917969 ], [ -77.432701110839844, 33.251888275146484 ] ] ] } },
{ "type": "Feature", "properties": { "cluster_id": 264 }, "geometry": { "type": "Polygon", "coordinates": [ [ [ -79.522796630859375, 32.149909973144531 ], [ -79.650932312011719, 32.149971008300781 ], [ -79.703079223632812, 32.154018402099609 ], [ -79.713172912597656, 32.187168121337891 ], [ -79.712699890136719, 32.195690155029297 ], [ -79.6961669921875, 32.196498870849609 ], [ -79.672798156738281, 32.196979522705078 ], [ -79.5107421875, 32.190589904785156 ], [ -79.511650085449219, 32.15625 ], [ -79.522796630859375, 32.149909973144531 ] ] ] } },
{ "type": "Feature", "properties": { "cluster_id": 1 }, "geometry": { "type": "Polygon", "coordinates": [ [ [ -126.032508850097656, 48.394809722900391 ], [ -126.0325927734375, 48.394828796386719 ], [ -126.271369934082031, 48.478488922119141 ], [ -126.275718688964844, 48.498100280761719 ], [ -126.159347534179688, 48.534881591796875 ], [ -125.826606750488281, 48.478111267089844 ], [ -125.926513671875, 48.419761657714844 ], [ -125.928291320800781, 48.418941497802734 ], [ -126.019813537597656, 48.395050048828125 ], [ -126.032508850097656, 48.394809722900391 ] ] ] } },
{ "type": "Feature", "properties": { "cluster_id": 46 }, "geometry": { "type": "Polygon", "coordinates": [ [ [ -80.406173706054688, 31.576000213623047 ], [ -80.3905029296875, 31.601829528808594 ], [ -80.360328674316406, 31.651330947875977 ], [ -80.255828857421875, 31.669830322265625 ], [ -80.23760986328125, 31.669460296630859 ], [ -80.196769714355469, 31.667600631713867 ], [ -80.195823669433594, 31.655849456787109 ], [ -80.206832885742188, 31.576330184936523 ], [ -80.406173706054688, 31.576000213623047 ] ] ] } },
{ "type": "Feature", "properties": { "cluster_id": 191 }, "geometry": { "type": "Polygon", "coordinates": [ [ [ -65.873329162597656, 16.818670272827148 ], [ -66.044708251953125, 16.840969085693359 ], [ -66.122833251953125, 16.856500625610352 ], [ -66.1351318359375, 16.862270355224609 ], [ -66.024078369140625, 16.862789154052734 ], [ -65.68212890625, 16.846790313720703 ], [ -65.676582336425781, 16.84568977355957 ], [ -65.690330505371094, 16.833169937133789 ], [ -65.873329162597656, 16.818670272827148 ] ] ] } },
{ "type": "Feature", "properties": { "cluster_id": 210 }, "geometry": { "type": "Polygon", "coordinates": [ [ [ -64.840049743652344, 17.586219787597656 ], [ -64.97796630859375, 17.589780807495117 ], [ -64.97418212890625, 17.597040176391602 ], [ -64.919059753417969, 17.629039764404297 ], [ -64.865852355957031, 17.630529403686523 ], [ -64.781356811523438, 17.629949569702148 ], [ -64.762283325195312, 17.628559112548828 ], [ -64.763763427734375, 17.619960784912109 ], [ -64.791030883789062, 17.600620269775391 ], [ -64.840049743652344, 17.586219787597656 ] ] ] } },
{ "type": "Feature", "properties": { "cluster_id": 247 }, "geometry": { "type": "Polygon", "coordinates": [ [ [ -73.080329895019531, 40.362998962402344 ], [ -73.088996887207031, 40.363170623779297 ], [ -73.193962097167969, 40.368179321289062 ], [ -73.198982238769531, 40.368499755859375 ], [ -73.205657958984375, 40.369010925292969 ], [ -73.232017517089844, 40.371608734130859 ], [ -73.252998352050781, 40.37384033203125 ], [ -73.271141052246094, 40.376060485839844 ], [ -73.277999877929688, 40.382671356201172 ], [ -73.215461730957031, 40.386070251464844 ], [ -73.133926391601562, 40.378818511962891 ], [ -73.062736511230469, 40.368011474609375 ], [ -73.052169799804688, 40.364830017089844 ], [ -73.053672790527344, 40.363670349121094 ], [ -73.080329895019531, 40.362998962402344 ] ] ] } },
{ "type": "Feature", "properties": { "cluster_id": 36 }, "geometry": { "type": "Polygon", "coordinates": [ [ [ -67.871620178222656, 18.541360855102539 ], [ -68.0189208984375, 18.541990280151367 ], [ -68.100326538085938, 18.544830322265625 ], [ -68.186813354492188, 18.550510406494141 ], [ -68.204841613769531, 18.600540161132812 ], [ -68.195632934570312, 18.634540557861328 ], [ -68.000907897949219, 18.636739730834961 ], [ -67.767829895019531, 18.634330749511719 ], [ -67.824333190917969, 18.544000625610352 ], [ -67.871620178222656, 18.541360855102539 ] ] ] } },
{ "type": "Feature", "properties": { "cluster_id": 102 }, "geometry": { "type": "Polygon", "coordinates": [ [ [ -68.178703308105469, 18.399469375610352 ], [ -68.184318542480469, 18.399639129638672 ], [ -68.207839965820312, 18.418790817260742 ], [ -68.208450317382812, 18.426040649414062 ], [ -68.207160949707031, 18.438240051269531 ], [ -68.202400207519531, 18.467140197753906 ], [ -68.197929382324219, 18.490829467773438 ], [ -68.118751525878906, 18.493099212646484 ], [ -67.99053955078125, 18.491069793701172 ], [ -67.986923217773438, 18.477359771728516 ], [ -67.982460021972656, 18.459249496459961 ], [ -67.985397338867188, 18.423530578613281 ], [ -67.998130798339844, 18.401359558105469 ], [ -68.04400634765625, 18.399980545043945 ], [ -68.178703308105469, 18.399469375610352 ] ] ] } },
{ "type": "Feature", "properties": { "cluster_id": 112 }, "geometry": { "type": "Polygon", "coordinates": [ [ [ -75.170303344726562, 35.935329437255859 ], [ -75.214347839355469, 35.937980651855469 ], [ -75.219833374023438, 35.939170837402344 ], [ -75.228279113769531, 35.941181182861328 ], [ -75.24462890625, 35.949420928955078 ], [ -75.246170043945312, 35.981330871582031 ], [ -75.148696899414062, 35.982620239257812 ], [ -75.132820129394531, 35.961391448974609 ], [ -75.132949829101562, 35.943401336669922 ], [ -75.170303344726562, 35.935329437255859 ] ] ] } },
{ "type": "Feature", "properties": { "cluster_id": 162 }, "geometry": { "type": "Polygon", "coordinates": [ [ [ -66.553703308105469, 16.863960266113281 ], [ -66.676773071289062, 16.86669921875 ], [ -66.693527221679688, 16.867410659790039 ], [ -66.714523315429688, 16.869010925292969 ], [ -66.730979919433594, 16.870439529418945 ], [ -66.753242492675781, 16.873329162597656 ], [ -66.769340515136719, 16.875949859619141 ], [ -66.801856994628906, 16.886989593505859 ], [ -66.815261840820312, 16.891660690307617 ], [ -66.8214111328125, 16.8939208984375 ], [ -66.824508666992188, 16.895540237426758 ], [ -66.816688537597656, 16.898040771484375 ], [ -66.262832641601562, 16.91132926940918 ], [ -66.244499206542969, 16.907499313354492 ], [ -66.240669250488281, 16.906669616699219 ], [ -66.191329956054688, 16.894830703735352 ], [ -66.141502380371094, 16.881999969482422 ], [ -66.144859313964844, 16.865169525146484 ], [ -66.20086669921875, 16.864170074462891 ], [ -66.227996826171875, 16.86400032043457 ], [ -66.553703308105469, 16.863960266113281 ] ] ] } },
{ "type": "Feature", "properties": { "cluster_id": 80 }, "geometry": { "type": "Polygon", "coordinates": [ [ [ -117.098533630371094, 31.766979217529297 ], [ -117.200508117675781, 31.76848030090332 ], [ -117.289497375488281, 31.778770446777344 ], [ -117.291419982910156, 31.794189453125 ], [ -117.288970947265625, 31.823310852050781 ], [ -117.286598205566406, 31.833250045776367 ], [ -117.277442932128906, 31.845590591430664 ], [ -117.225471496582031, 31.856019973754883 ], [ -116.830169677734375, 31.897300720214844 ], [ -116.625473022460938, 31.855440139770508 ], [ -116.625190734863281, 31.855350494384766 ], [ -116.620269775390625, 31.846410751342773 ], [ -116.626869201660156, 31.821399688720703 ], [ -116.628089904785156, 31.818790435791016 ], [ -116.630378723144531, 31.816650390625 ], [ -116.631187438964844, 31.816169738769531 ], [ -116.650947570800781, 31.805780410766602 ], [ -116.655349731445312, 31.803689956665039 ], [ -116.7177734375, 31.782140731811523 ], [ -116.777717590332031, 31.767599105834961 ], [ -117.098533630371094, 31.766979217529297 ] ] ] } },
{ "type": "Feature", "properties": { "cluster_id": 244 }, "geometry": { "type": "Polygon", "coordinates": [ [ [ -117.156463623046875, 31.574840545654297 ], [ -117.267463684082031, 31.575450897216797 ], [ -117.275169372558594, 31.57819938659668 ], [ -117.289863586425781, 31.603500366210938 ], [ -117.280158996582031, 31.667919158935547 ], [ -117.174697875976562, 31.67034912109375 ], [ -117.139266967773438, 31.669290542602539 ], [ -117.087333679199219, 31.667200088500977 ], [ -117.071853637695312, 31.666160583496094 ], [ -117.064498901367188, 31.594249725341797 ], [ -117.156463623046875, 31.574840545654297 ] ] ] } },
{ "type": "Feature", "properties": { "cluster_id": 45 }, "geometry": { "type": "Polygon", "coordinates": [ [ [ -94.917900085449219, 28.844699859619141 ], [ -94.921318054199219, 28.848550796508789 ], [ -94.93572998046875, 28.921260833740234 ], [ -94.925437927246094, 28.933290481567383 ], [ -94.921539306640625, 28.935480117797852 ], [ -94.890098571777344, 28.93671989440918 ], [ -94.765800476074219, 28.933599472045898 ], [ -94.7156982421875, 28.930490493774414 ], [ -94.836746215820312, 28.858680725097656 ], [ -94.917900085449219, 28.844699859619141 ] ] ] } },
{ "type": "Feature", "properties": { "cluster_id": 81 }, "geometry": { "type": "Polygon", "coordinates": [ [ [ -95.113739013671875, 28.69965934753418 ], [ -95.168159484863281, 28.702720642089844 ], [ -95.341262817382812, 28.940229415893555 ], [ -95.3411865234375, 28.940370559692383 ], [ -95.33062744140625, 28.942419052124023 ], [ -95.33056640625, 28.94243049621582 ], [ -95.330451965332031, 28.942449569702148 ], [ -95.30841064453125, 28.944580078125 ], [ -94.945419311523438, 28.834810256958008 ], [ -94.944007873535156, 28.83180046081543 ], [ -94.953292846679688, 28.816850662231445 ], [ -95.042808532714844, 28.700490951538086 ], [ -95.066329956054688, 28.699760437011719 ], [ -95.113739013671875, 28.69965934753418 ] ] ] } },
{ "type": "Feature", "properties": { "cluster_id": 78 }, "geometry": { "type": "Polygon", "coordinates": [ [ [ -96.226600646972656, 28.36421012878418 ], [ -96.228378295898438, 28.364370346069336 ], [ -96.229202270507812, 28.364519119262695 ], [ -96.229667663574219, 28.364789962768555 ], [ -96.229789733886719, 28.364959716796875 ], [ -96.230422973632812, 28.365850448608398 ], [ -96.230369567871094, 28.366239547729492 ], [ -96.230361938476562, 28.366270065307617 ], [ -96.230148315429688, 28.366949081420898 ], [ -96.229682922363281, 28.367589950561523 ], [ -96.2293701171875, 28.368000030517578 ], [ -96.228858947753906, 28.36829948425293 ], [ -96.228683471679688, 28.368389129638672 ], [ -96.228500366210938, 28.368339538574219 ], [ -96.225288391113281, 28.364559173583984 ], [ -96.225357055664062, 28.364429473876953 ], [ -96.22589111328125, 28.364259719848633 ], [ -96.226600646972656, 28.36421012878418 ] ] ] } },
{ "type": "Feature", "properties": { "cluster_id": 156 }, "geometry": { "type": "Polygon", "coordinates": [ [ [ -68.108497619628906, 18.15802001953125 ], [ -68.157997131347656, 18.158500671386719 ], [ -68.194831848144531, 18.164779663085938 ], [ -68.202629089355469, 18.170740127563477 ], [ -68.205108642578125, 18.177879333496094 ], [ -68.208038330078125, 18.194330215454102 ], [ -68.2071533203125, 18.311370849609375 ], [ -68.185958862304688, 18.348529815673828 ], [ -67.818008422851562, 18.349039077758789 ], [ -67.761642456054688, 18.343379974365234 ], [ -67.753890991210938, 18.330909729003906 ], [ -67.755409240722656, 18.263769149780273 ], [ -68.040092468261719, 18.166149139404297 ], [ -68.087623596191406, 18.159690856933594 ], [ -68.108497619628906, 18.15802001953125 ] ] ] } },
{ "type": "Feature", "properties": { "cluster_id": 132 }, "geometry": { "type": "Polygon", "coordinates": [ [ [ -117.142936706542969, 32.342208862304688 ], [ -117.2386474609375, 32.342269897460938 ], [ -117.160438537597656, 32.382820129394531 ], [ -117.097953796386719, 32.351951599121094 ], [ -117.096672058105469, 32.351081848144531 ], [ -117.096046447753906, 32.349029541015625 ], [ -117.095901489257812, 32.345050811767578 ], [ -117.099983215332031, 32.344181060791016 ], [ -117.142936706542969, 32.342208862304688 ] ] ] } },
{ "type": "Feature", "properties": { "cluster_id": 270 }, "geometry": { "type": "Polygon", "coordinates": [ [ [ -80.002731323242188, 27.74247932434082 ], [ -80.019767761230469, 27.742649078369141 ], [ -80.091133117675781, 27.748079299926758 ], [ -80.126129150390625, 27.765180587768555 ], [ -80.077178955078125, 27.787069320678711 ], [ -80.023666381835938, 27.785280227661133 ], [ -80.010452270507812, 27.784650802612305 ], [ -79.982521057128906, 27.781070709228516 ], [ -79.966400146484375, 27.759979248046875 ], [ -79.978073120117188, 27.749029159545898 ], [ -79.984489440917969, 27.746259689331055 ], [ -80.002731323242188, 27.74247932434082 ] ] ] } },
{ "type": "Feature", "properties": { "cluster_id": 122 }, "geometry": { "type": "Polygon", "coordinates": [ [ [ -125.428916931152344, 48.587791442871094 ], [ -125.515487670898438, 48.593219757080078 ], [ -125.542518615722656, 48.606460571289062 ], [ -125.570632934570312, 48.620891571044922 ], [ -125.566139221191406, 48.627941131591797 ], [ -125.550262451171875, 48.630439758300781 ], [ -125.545402526855469, 48.630958557128906 ], [ -125.501609802246094, 48.632968902587891 ], [ -125.478302001953125, 48.633220672607422 ], [ -125.467178344726562, 48.632190704345703 ], [ -125.442649841308594, 48.623748779296875 ], [ -125.4234619140625, 48.616451263427734 ], [ -125.39971923828125, 48.607170104980469 ], [ -125.37274169921875, 48.596431732177734 ], [ -125.373283386230469, 48.594581604003906 ], [ -125.401817321777344, 48.588119506835938 ], [ -125.428916931152344, 48.587791442871094 ] ] ] } },
{ "type": "Feature", "properties": { "cluster_id": 131 }, "geometry": { "type": "Polygon", "coordinates": [ [ [ -125.653312683105469, 48.681621551513672 ], [ -125.798469543457031, 48.683731079101562 ], [ -125.80078125, 48.684329986572266 ], [ -125.814216613769531, 48.688938140869141 ], [ -125.798477172851562, 48.729038238525391 ], [ -125.709068298339844, 48.728828430175781 ], [ -125.652122497558594, 48.7275390625 ], [ -125.636619567871094, 48.724941253662109 ], [ -125.591361999511719, 48.698089599609375 ], [ -125.597198486328125, 48.684139251708984 ], [ -125.653312683105469, 48.681621551513672 ] ] ] } },
{ "type": "Feature", "properties": { "cluster_id": 237 }, "geometry": { "type": "Polygon", "coordinates": [ [ [ -89.957893371582031, 27.934600830078125 ], [ -90.085189819335938, 27.937219619750977 ], [ -90.088333129882812, 27.980609893798828 ], [ -90.022598266601562, 27.980520248413086 ], [ -89.900672912597656, 27.979999542236328 ], [ -89.875831604003906, 27.975500106811523 ], [ -89.882736206054688, 27.967399597167969 ], [ -89.90032958984375, 27.947500228881836 ], [ -89.908889770507812, 27.942159652709961 ], [ -89.957893371582031, 27.934600830078125 ] ] ] } },
{ "type": "Feature", "properties": { "cluster_id": 200 }, "geometry": { "type": "Polygon", "coordinates": [ [ [ -117.265800476074219, 32.006191253662109 ], [ -117.406936645507812, 32.008640289306641 ], [ -117.482147216796875, 32.013351440429688 ], [ -117.496620178222656, 32.050979614257812 ], [ -117.362449645996094, 32.053279876708984 ], [ -117.275596618652344, 32.053699493408203 ], [ -117.222969055175781, 32.052711486816406 ], [ -117.105056762695312, 32.049659729003906 ], [ -117.103462219238281, 32.04541015625 ], [ -117.096000671386719, 32.019969940185547 ], [ -117.126487731933594, 32.00701904296875 ], [ -117.265800476074219, 32.006191253662109 ] ] ] } },
{ "type": "Feature", "properties": { "cluster_id": 180 }, "geometry": { "type": "Polygon", "coordinates": [ [ [ -117.27105712890625, 30.377799987792969 ], [ -117.282272338867188, 30.391170501708984 ], [ -117.281723022460938, 30.417200088500977 ], [ -117.281562805175781, 30.417449951171875 ], [ -117.252792358398438, 30.416969299316406 ], [ -117.103073120117188, 30.410720825195312 ], [ -117.092697143554688, 30.381170272827148 ], [ -117.271003723144531, 30.377799987792969 ], [ -117.27105712890625, 30.377799987792969 ] ] ] } },
{ "type": "Feature", "properties": { "cluster_id": 5 }, "geometry": { "type": "Polygon", "coordinates": [ [ [ -70.923988342285156, 42.309650421142578 ], [ -71.039680480957031, 42.356868743896484 ], [ -71.042121887207031, 42.35955810546875 ], [ -71.043228149414062, 42.361038208007812 ], [ -71.063186645507812, 42.388179779052734 ], [ -71.063247680664062, 42.38848876953125 ], [ -70.770660400390625, 42.439949035644531 ], [ -70.768951416015625, 42.440200805664062 ], [ -70.767196655273438, 42.440219879150391 ], [ -70.765480041503906, 42.439998626708984 ], [ -70.762321472167969, 42.439079284667969 ], [ -70.759376525878906, 42.437648773193359 ], [ -70.758079528808594, 42.436809539794922 ], [ -70.756988525390625, 42.435829162597656 ], [ -70.745246887207031, 42.422199249267578 ], [ -70.745491027832031, 42.408969879150391 ], [ -70.753761291503906, 42.346488952636719 ], [ -70.864356994628906, 42.321868896484375 ], [ -70.923988342285156, 42.309650421142578 ] ] ] } },
{ "type": "Feature", "properties": { "cluster_id": 96 }, "geometry": { "type": "Polygon", "coordinates": [ [ [ -96.127471923828125, 27.408130645751953 ], [ -96.249259948730469, 27.409320831298828 ], [ -96.269699096679688, 27.412700653076172 ], [ -96.305099487304688, 27.428499221801758 ], [ -96.31207275390625, 27.43218994140625 ], [ -96.317489624023438, 27.438999176025391 ], [ -96.224769592285156, 27.452430725097656 ], [ -96.197433471679688, 27.450700759887695 ], [ -96.096183776855469, 27.420669555664062 ], [ -96.111671447753906, 27.410209655761719 ], [ -96.127471923828125, 27.408130645751953 ] ] ] } },
{ "type": "Feature", "properties": { "cluster_id": 222 }, "geometry": { "type": "Polygon", "coordinates": [ [ [ 144.5899658203125, 13.449230194091797 ], [ 144.5872802734375, 13.450139999389648 ], [ 144.585723876953125, 13.451990127563477 ], [ 144.585433959960938, 13.454250335693359 ], [ 144.585830688476562, 13.456689834594727 ], [ 144.668243408203125, 13.46045970916748 ], [ 144.668487548828125, 13.460410118103027 ], [ 144.66851806640625, 13.46028995513916 ], [ 144.66827392578125, 13.459890365600586 ], [ 144.668014526367188, 13.459779739379883 ], [ 144.65863037109375, 13.456379890441895 ], [ 144.655319213867188, 13.455400466918945 ], [ 144.636215209960938, 13.453029632568359 ], [ 144.62567138671875, 13.451740264892578 ], [ 144.5899658203125, 13.449230194091797 ] ] ] } },
{ "type": "Feature", "properties": { "cluster_id": 58 }, "geometry": { "type": "Polygon", "coordinates": [ [ [ 145.033233642578125, 14.136369705200195 ], [ 145.0474853515625, 14.149959564208984 ], [ 145.071853637695312, 14.172499656677246 ], [ 145.109146118164062, 14.170700073242188 ], [ 145.133468627929688, 14.145299911499023 ], [ 145.134124755859375, 14.14391040802002 ], [ 145.13409423828125, 14.143549919128418 ], [ 145.133316040039062, 14.142109870910645 ], [ 145.120010375976562, 14.138739585876465 ], [ 145.033233642578125, 14.136369705200195 ] ] ] } },
{ "type": "Feature", "properties": { "cluster_id": 89 }, "geometry": { "type": "Polygon", "coordinates": [ [ [ -70.040802001953125, 40.547161102294922 ], [ -70.053001403808594, 40.552330017089844 ], [ -70.048271179199219, 40.55780029296875 ], [ -69.98602294921875, 40.581859588623047 ], [ -69.871963500976562, 40.578418731689453 ], [ -69.832450866699219, 40.565128326416016 ], [ -69.826332092285156, 40.555328369140625 ], [ -69.871833801269531, 40.553001403808594 ], [ -70.040802001953125, 40.547161102294922 ] ] ] } },
{ "type": "Feature", "properties": { "cluster_id": 114 }, "geometry": { "type": "Polygon", "coordinates": [ [ [ -72.276046752929688, 40.488929748535156 ], [ -72.575172424316406, 40.490951538085938 ], [ -72.586692810058594, 40.506820678710938 ], [ -72.585853576660156, 40.526569366455078 ], [ -72.579566955566406, 40.526771545410156 ], [ -72.57318115234375, 40.526931762695312 ], [ -72.209037780761719, 40.533870697021484 ], [ -71.842170715332031, 40.535331726074219 ], [ -71.729667663574219, 40.535331726074219 ], [ -71.668701171875, 40.534198760986328 ], [ -71.691947937011719, 40.504318237304688 ], [ -71.820419311523438, 40.499130249023438 ], [ -71.907203674316406, 40.495681762695312 ], [ -71.9415283203125, 40.494380950927734 ], [ -72.276046752929688, 40.488929748535156 ] ] ] } },
{ "type": "Feature", "properties": { "cluster_id": 107 }, "geometry": { "type": "Polygon", "coordinates": [ [ [ -73.26300048828125, 40.487499237060547 ], [ -73.277740478515625, 40.488651275634766 ], [ -73.276786804199219, 40.502170562744141 ], [ -73.2557373046875, 40.507339477539062 ], [ -73.246528625488281, 40.508670806884766 ], [ -73.227081298828125, 40.510829925537109 ], [ -73.0438232421875, 40.530208587646484 ], [ -72.999526977539062, 40.534679412841797 ], [ -72.844169616699219, 40.517169952392578 ], [ -72.826080322265625, 40.504119873046875 ], [ -72.864410400390625, 40.499469757080078 ], [ -73.168533325195312, 40.488079071044922 ], [ -73.26300048828125, 40.487499237060547 ] ] ] } },
{ "type": "Feature", "properties": { "cluster_id": 228 }, "geometry": { "type": "Polygon", "coordinates": [ [ [ -63.099998474121094, 17.967330932617188 ], [ -63.121898651123047, 17.981849670410156 ], [ -63.140331268310547, 18.006130218505859 ], [ -63.139389038085938, 18.010570526123047 ], [ -63.139129638671875, 18.011310577392578 ], [ -63.133739471435547, 18.023420333862305 ], [ -63.108119964599609, 18.036439895629883 ], [ -63.10546875, 18.037189483642578 ], [ -63.089839935302734, 18.039709091186523 ], [ -63.045501708984375, 18.01283073425293 ], [ -63.044891357421875, 18.007150650024414 ], [ -63.084278106689453, 17.968660354614258 ], [ -63.099998474121094, 17.967330932617188 ] ] ] } },
{ "type": "Feature", "properties": { "cluster_id": 55 }, "geometry": { "type": "Polygon", "coordinates": [ [ [ -64.528419494628906, 18.989799499511719 ], [ -64.744232177734375, 19.060970306396484 ], [ -64.7059326171875, 19.144680023193359 ], [ -64.694038391113281, 19.157970428466797 ], [ -64.598716735839844, 19.162809371948242 ], [ -64.529258728027344, 19.054019927978516 ], [ -64.527732849121094, 19.039220809936523 ], [ -64.527999877929688, 19.002130508422852 ], [ -64.528419494628906, 18.989799499511719 ] ] ] } },
{ "type": "Feature", "properties": { "cluster_id": 260 }, "geometry": { "type": "Polygon", "coordinates": [ [ [ -81.412391662597656, 19.264619827270508 ], [ -81.464630126953125, 19.276599884033203 ], [ -81.391990661621094, 19.307060241699219 ], [ -81.3895263671875, 19.303579330444336 ], [ -81.387649536132812, 19.298700332641602 ], [ -81.387680053710938, 19.298149108886719 ], [ -81.389480590820312, 19.293170928955078 ], [ -81.412391662597656, 19.264619827270508 ] ] ] } },
{ "type": "Feature", "properties": { "cluster_id": 163 }, "geometry": { "type": "Polygon", "coordinates": [ [ [ -126.6934814453125, 49.11328125 ], [ -126.73626708984375, 49.151149749755859 ], [ -126.739067077636719, 49.2081298828125 ], [ -126.529098510742188, 49.207801818847656 ], [ -126.527801513671875, 49.204021453857422 ], [ -126.513847351074219, 49.161998748779297 ], [ -126.519180297851562, 49.116378784179688 ], [ -126.530517578125, 49.116001129150391 ], [ -126.6934814453125, 49.11328125 ] ] ] } },
{ "type": "Feature", "properties": { "cluster_id": 190 }, "geometry": { "type": "Polygon", "coordinates": [ [ [ -71.079483032226562, 41.0625 ], [ -71.416450500488281, 41.115161895751953 ], [ -71.419090270996094, 41.1197509765625 ], [ -71.423919677734375, 41.156639099121094 ], [ -71.14959716796875, 41.249279022216797 ], [ -71.116302490234375, 41.251480102539062 ], [ -71.067367553710938, 41.241508483886719 ], [ -71.000701904296875, 41.221439361572266 ], [ -70.992637634277344, 41.219009399414062 ], [ -70.989723205566406, 41.217800140380859 ], [ -70.814918518066406, 41.120861053466797 ], [ -70.813812255859375, 41.119831085205078 ], [ -70.810653686523438, 41.116531372070312 ], [ -70.810127258300781, 41.115730285644531 ], [ -70.810111999511719, 41.114608764648438 ], [ -70.811943054199219, 41.112621307373047 ], [ -71.058387756347656, 41.063201904296875 ], [ -71.079483032226562, 41.0625 ] ] ] } },
{ "type": "Feature", "properties": { "cluster_id": 110 }, "geometry": { "type": "Polygon", "coordinates": [ [ [ -71.361259460449219, 41.30255126953125 ], [ -71.418952941894531, 41.309120178222656 ], [ -71.420692443847656, 41.313869476318359 ], [ -71.420272827148438, 41.361019134521484 ], [ -71.417282104492188, 41.378578186035156 ], [ -71.416419982910156, 41.381118774414062 ], [ -71.409202575683594, 41.395378112792969 ], [ -71.357032775878906, 41.395900726318359 ], [ -71.332046508789062, 41.393299102783203 ], [ -71.327438354492188, 41.390541076660156 ], [ -71.324562072753906, 41.388660430908203 ], [ -71.21466064453125, 41.309181213378906 ], [ -71.361259460449219, 41.30255126953125 ] ] ] } },
{ "type": "Feature", "properties": { "cluster_id": 198 }, "geometry": { "type": "Polygon", "coordinates": [ [ [ -71.37493896484375, 41.447761535644531 ], [ -71.381988525390625, 41.449760437011719 ], [ -71.355583190917969, 41.519161224365234 ], [ -71.352546691894531, 41.52178955078125 ], [ -71.329498291015625, 41.53961181640625 ], [ -71.327606201171875, 41.540138244628906 ], [ -71.348579406738281, 41.479770660400391 ], [ -71.348701477050781, 41.479469299316406 ], [ -71.349411010742188, 41.47808837890625 ], [ -71.35247802734375, 41.473281860351562 ], [ -71.372222900390625, 41.448299407958984 ], [ -71.37493896484375, 41.447761535644531 ] ] ] } },
{ "type": "Feature", "properties": { "cluster_id": 103 }, "geometry": { "type": "Polygon", "coordinates": [ [ [ -71.373817443847656, 41.781478881835938 ], [ -71.398971557617188, 41.807979583740234 ], [ -71.399017333984375, 41.808071136474609 ], [ -71.397010803222656, 41.809490203857422 ], [ -71.39678955078125, 41.809398651123047 ], [ -71.38616943359375, 41.799049377441406 ], [ -71.383628845214844, 41.796421051025391 ], [ -71.378250122070312, 41.789840698242188 ], [ -71.375556945800781, 41.786319732666016 ], [ -71.373847961425781, 41.783538818359375 ], [ -71.373817443847656, 41.781478881835938 ] ] ] } },
{ "type": "Feature", "properties": { "cluster_id": 97 }, "geometry": { "type": "Polygon", "coordinates": [ [ [ -76.042976379394531, 37.518520355224609 ], [ -76.043479919433594, 37.520030975341797 ], [ -76.044197082519531, 37.523700714111328 ], [ -76.044143676757812, 37.563819885253906 ], [ -76.042976379394531, 37.563690185546875 ], [ -76.042060852050781, 37.563411712646484 ], [ -76.038002014160156, 37.5606689453125 ], [ -76.035667419433594, 37.555500030517578 ], [ -76.034751892089844, 37.550651550292969 ], [ -76.035003662109375, 37.544998168945312 ], [ -76.037002563476562, 37.528331756591797 ], [ -76.03900146484375, 37.523330688476562 ], [ -76.042030334472656, 37.519458770751953 ], [ -76.042976379394531, 37.518520355224609 ] ] ] } },
{ "type": "Feature", "properties": { "cluster_id": 207 }, "geometry": { "type": "Polygon", "coordinates": [ [ [ -119.435417175292969, 32.151348114013672 ], [ -119.438720703125, 32.152011871337891 ], [ -119.590896606445312, 32.187980651855469 ], [ -119.549057006835938, 32.196571350097656 ], [ -119.375640869140625, 32.196701049804688 ], [ -119.375389099121094, 32.171588897705078 ], [ -119.435417175292969, 32.151348114013672 ] ] ] } },
{ "type": "Feature", "properties": { "cluster_id": 101 }, "geometry": { "type": "Polygon", "coordinates": [ [ [ -76.680419921875, 34.805278778076172 ], [ -76.680473327636719, 34.805309295654297 ], [ -76.6805419921875, 34.805351257324219 ], [ -76.6805419921875, 34.805450439453125 ], [ -76.680450439453125, 34.805549621582031 ], [ -76.680328369140625, 34.805438995361328 ], [ -76.68035888671875, 34.805339813232422 ], [ -76.680366516113281, 34.805328369140625 ], [ -76.680419921875, 34.805278778076172 ] ] ] } },
{ "type": "Feature", "properties": { "cluster_id": 221 }, "geometry": { "type": "Polygon", "coordinates": [ [ [ -95.858253479003906, 27.597820281982422 ], [ -96.014846801757812, 27.599369049072266 ], [ -96.09027099609375, 27.601850509643555 ], [ -96.088546752929688, 27.602479934692383 ], [ -95.97418212890625, 27.619449615478516 ], [ -95.968582153320312, 27.620199203491211 ], [ -95.805328369140625, 27.639520645141602 ], [ -95.646369934082031, 27.638280868530273 ], [ -95.636520385742188, 27.637950897216797 ], [ -95.634269714355469, 27.630229949951172 ], [ -95.640899658203125, 27.603620529174805 ], [ -95.858253479003906, 27.597820281982422 ] ] ] } },
{ "type": "Feature", "properties": { "cluster_id": 60 }, "geometry": { "type": "Polygon", "coordinates": [ [ [ -76.150230407714844, 37.565059661865234 ], [ -76.152420043945312, 37.573051452636719 ], [ -76.1890869140625, 37.707340240478516 ], [ -76.275016784667969, 38.189601898193359 ], [ -76.274467468261719, 38.196529388427734 ], [ -76.26702880859375, 38.232730865478516 ], [ -76.263221740722656, 38.234691619873047 ], [ -76.255691528320312, 38.234268188476562 ], [ -76.253608703613281, 38.231430053710938 ], [ -76.242591857910156, 38.215599060058594 ], [ -76.239410400390625, 38.210899353027344 ], [ -76.236869812011719, 38.205970764160156 ], [ -76.045173645019531, 37.569000244140625 ], [ -76.044998168945312, 37.565670013427734 ], [ -76.077568054199219, 37.565380096435547 ], [ -76.150230407714844, 37.565059661865234 ] ] ] } },
{ "type": "Feature", "properties": { "cluster_id": 186 }, "geometry": { "type": "Polygon", "coordinates": [ [ [ -71.055946350097656, 40.971359252929688 ], [ -71.05712890625, 40.971538543701172 ], [ -71.057907104492188, 40.971981048583984 ], [ -71.058319091796875, 40.973201751708984 ], [ -71.060707092285156, 40.987091064453125 ], [ -71.040603637695312, 41.005851745605469 ], [ -71.039688110351562, 41.006290435791016 ], [ -71.038497924804688, 41.006378173828125 ], [ -71.033241271972656, 41.0052490234375 ], [ -71.023452758789062, 40.995269775390625 ], [ -71.018341064453125, 40.987819671630859 ], [ -71.010452270507812, 40.973850250244141 ], [ -71.010978698730469, 40.972648620605469 ], [ -71.013069152832031, 40.97161865234375 ], [ -71.055946350097656, 40.971359252929688 ] ] ] } },
{ "type": "Feature", "properties": { "cluster_id": 104 }, "geometry": { "type": "Polygon", "coordinates": [ [ [ -88.256767272949219, 28.463020324707031 ], [ -88.239540100097656, 28.494930267333984 ], [ -88.175788879394531, 28.50105094909668 ], [ -88.146209716796875, 28.503509521484375 ], [ -88.13775634765625, 28.504049301147461 ], [ -88.084999084472656, 28.506320953369141 ], [ -88.21160888671875, 28.468000411987305 ], [ -88.216567993164062, 28.46735954284668 ], [ -88.256767272949219, 28.463020324707031 ] ] ] } },
{ "type": "Feature", "properties": { "cluster_id": 173 }, "geometry": { "type": "Polygon", "coordinates": [ [ [ -93.317939758300781, 27.797130584716797 ], [ -93.322799682617188, 27.804529190063477 ], [ -93.165817260742188, 27.817350387573242 ], [ -93.107948303222656, 27.82135009765625 ], [ -93.10137939453125, 27.812110900878906 ], [ -93.131629943847656, 27.809530258178711 ], [ -93.177093505859375, 27.805879592895508 ], [ -93.202880859375, 27.803810119628906 ], [ -93.208740234375, 27.803390502929688 ], [ -93.317939758300781, 27.797130584716797 ] ] ] } },
{ "type": "Feature", "properties": { "cluster_id": 161 }, "geometry": { "type": "Polygon", "coordinates": [ [ [ -93.907707214355469, 27.750310897827148 ], [ -93.970756530761719, 27.751129150390625 ], [ -94.001243591308594, 27.751529693603516 ], [ -94.0101318359375, 27.751649856567383 ], [ -94.015228271484375, 27.764560699462891 ], [ -93.891433715820312, 27.773090362548828 ], [ -93.602119445800781, 27.786840438842773 ], [ -93.567878723144531, 27.787580490112305 ], [ -93.560432434082031, 27.786420822143555 ], [ -93.55999755859375, 27.782279968261719 ], [ -93.582672119140625, 27.777130126953125 ], [ -93.790496826171875, 27.75786018371582 ], [ -93.81610107421875, 27.755510330200195 ], [ -93.825408935546875, 27.754800796508789 ], [ -93.907707214355469, 27.750310897827148 ] ] ] } },
{ "type": "Feature", "properties": { "cluster_id": 182 }, "geometry": { "type": "Polygon", "coordinates": [ [ [ -66.046180725097656, 18.876499176025391 ], [ -66.060966491699219, 18.877429962158203 ], [ -66.100578308105469, 18.900270462036133 ], [ -66.12017822265625, 18.919090270996094 ], [ -66.026832580566406, 18.923000335693359 ], [ -65.962867736816406, 18.921819686889648 ], [ -65.929107666015625, 18.914609909057617 ], [ -65.924591064453125, 18.880020141601562 ], [ -65.956832885742188, 18.877170562744141 ], [ -66.046180725097656, 18.876499176025391 ] ] ] } },
{ "type": "Feature", "properties": { "cluster_id": 70 }, "geometry": { "type": "Polygon", "coordinates": [ [ [ -118.34967041015625, 32.584331512451172 ], [ -118.356399536132812, 32.586448669433594 ], [ -118.43829345703125, 32.616168975830078 ], [ -118.444221496582031, 32.622200012207031 ], [ -118.435089111328125, 32.624259948730469 ], [ -118.425056457519531, 32.624778747558594 ], [ -118.380348205566406, 32.625839233398438 ], [ -118.332847595214844, 32.626808166503906 ], [ -118.255531311035156, 32.62786865234375 ], [ -118.224212646484375, 32.626579284667969 ], [ -118.252967834472656, 32.590850830078125 ], [ -118.34967041015625, 32.584331512451172 ] ] ] } },
{ "type": "Feature", "properties": { "cluster_id": 236 }, "geometry": { "type": "Polygon", "coordinates": [ [ [ -118.449333190917969, 32.485828399658203 ], [ -118.45172119140625, 32.485908508300781 ], [ -118.6033935546875, 32.493221282958984 ], [ -118.573806762695312, 32.541229248046875 ], [ -118.571449279785156, 32.544258117675781 ], [ -118.499641418457031, 32.578880310058594 ], [ -118.4954833984375, 32.580730438232422 ], [ -118.454376220703125, 32.578071594238281 ], [ -118.445167541503906, 32.545249938964844 ], [ -118.444976806640625, 32.539329528808594 ], [ -118.446502685546875, 32.498001098632812 ], [ -118.448173522949219, 32.490329742431641 ], [ -118.449333190917969, 32.485828399658203 ] ] ] } },
{ "type": "Feature", "properties": { "cluster_id": 195 }, "geometry": { "type": "Polygon", "coordinates": [ [ [ -118.689430236816406, 31.73362922668457 ], [ -118.7440185546875, 31.734750747680664 ], [ -118.860420227050781, 31.812759399414062 ], [ -118.85906982421875, 31.812910079956055 ], [ -118.68463134765625, 31.775129318237305 ], [ -118.682098388671875, 31.774379730224609 ], [ -118.680412292480469, 31.773550033569336 ], [ -118.678932189941406, 31.772619247436523 ], [ -118.677757263183594, 31.771450042724609 ], [ -118.676872253417969, 31.770139694213867 ], [ -118.676399230957031, 31.768680572509766 ], [ -118.676361083984375, 31.768009185791016 ], [ -118.679046630859375, 31.737190246582031 ], [ -118.684959411621094, 31.734659194946289 ], [ -118.687919616699219, 31.733829498291016 ], [ -118.689430236816406, 31.73362922668457 ] ] ] } },
{ "type": "Feature", "properties": { "cluster_id": 212 }, "geometry": { "type": "Polygon", "coordinates": [ [ [ -64.424453735351562, 18.686330795288086 ], [ -64.436500549316406, 18.686830520629883 ], [ -64.413131713867188, 18.720149993896484 ], [ -64.411880493164062, 18.7216796875 ], [ -64.407600402832031, 18.725269317626953 ], [ -64.407546997070312, 18.725179672241211 ], [ -64.40753173828125, 18.725000381469727 ], [ -64.408027648925781, 18.72344970703125 ], [ -64.424453735351562, 18.686330795288086 ] ] ] } },
{ "type": "Feature", "properties": { "cluster_id": 262 }, "geometry": { "type": "Polygon", "coordinates": [ [ [ -72.06317138671875, 40.631881713867188 ], [ -72.004478454589844, 40.671089172363281 ], [ -71.933952331542969, 40.663978576660156 ], [ -71.932579040527344, 40.663539886474609 ], [ -71.932563781738281, 40.661350250244141 ], [ -71.932746887207031, 40.660560607910156 ], [ -71.9368896484375, 40.649658203125 ], [ -71.937820434570312, 40.648681640625 ], [ -71.939620971679688, 40.647930145263672 ], [ -71.9539794921875, 40.644458770751953 ], [ -71.960060119628906, 40.643070220947266 ], [ -71.968070983886719, 40.6414794921875 ], [ -72.010406494140625, 40.636249542236328 ], [ -72.039741516113281, 40.632930755615234 ], [ -72.044113159179688, 40.632518768310547 ], [ -72.06317138671875, 40.631881713867188 ] ] ] } },
{ "type": "Feature", "properties": { "cluster_id": 26 }, "geometry": { "type": "Polygon", "coordinates": [ [ [ -90.007667541503906, 27.503570556640625 ], [ -90.066596984863281, 27.509939193725586 ], [ -90.086067199707031, 27.549589157104492 ], [ -90.062141418457031, 27.549459457397461 ], [ -89.900436401367188, 27.547260284423828 ], [ -89.876670837402344, 27.535669326782227 ], [ -89.875999450683594, 27.530170440673828 ], [ -89.874496459960938, 27.514169692993164 ], [ -89.89459228515625, 27.510940551757812 ], [ -89.963706970214844, 27.504310607910156 ], [ -90.007667541503906, 27.503570556640625 ] ] ] } },
{ "type": "Feature", "properties": { "cluster_id": 153 }, "geometry": { "type": "Polygon", "coordinates": [ [ [ -90.210479736328125, 28.892040252685547 ], [ -90.261993408203125, 28.894599914550781 ], [ -90.276870727539062, 28.89600944519043 ], [ -90.303558349609375, 28.919170379638672 ], [ -90.302352905273438, 29.022129058837891 ], [ -90.221122741699219, 29.142969131469727 ], [ -90.220420837402344, 29.143360137939453 ], [ -90.219810485839844, 29.143650054931641 ], [ -90.210899353027344, 29.147039413452148 ], [ -90.209663391113281, 29.147489547729492 ], [ -90.209228515625, 29.14763069152832 ], [ -90.20892333984375, 29.147720336914062 ], [ -90.208412170410156, 29.147819519042969 ], [ -90.204002380371094, 29.148649215698242 ], [ -90.199073791503906, 29.149530410766602 ], [ -90.199043273925781, 29.149499893188477 ], [ -90.1202392578125, 29.018449783325195 ], [ -90.180908203125, 28.905899047851562 ], [ -90.191062927246094, 28.898880004882812 ], [ -90.210479736328125, 28.892040252685547 ] ] ] } },
{ "type": "Feature", "properties": { "cluster_id": 171 }, "geometry": { "type": "Polygon", "coordinates": [ [ [ -117.513099670410156, 31.910360336303711 ], [ -117.514717102050781, 31.910820007324219 ], [ -117.516578674316406, 31.912220001220703 ], [ -117.522453308105469, 31.918220520019531 ], [ -117.522422790527344, 31.919340133666992 ], [ -117.514678955078125, 31.941059112548828 ], [ -117.510368347167969, 31.952400207519531 ], [ -117.401176452636719, 31.957450866699219 ], [ -117.35565185546875, 31.953960418701172 ], [ -117.314567565917969, 31.940179824829102 ], [ -117.314376831054688, 31.927650451660156 ], [ -117.340713500976562, 31.918359756469727 ], [ -117.513099670410156, 31.910360336303711 ] ] ] } },
{ "type": "Feature", "properties": { "cluster_id": 149 }, "geometry": { "type": "Polygon", "coordinates": [ [ [ -82.373626708984375, 24.053489685058594 ], [ -82.462959289550781, 24.054269790649414 ], [ -82.47119140625, 24.056209564208984 ], [ -82.459419250488281, 24.085470199584961 ], [ -82.421852111816406, 24.094369888305664 ], [ -82.343948364257812, 24.098270416259766 ], [ -82.309249877929688, 24.097799301147461 ], [ -82.29815673828125, 24.096340179443359 ], [ -82.294548034667969, 24.085029602050781 ], [ -82.285919189453125, 24.056619644165039 ], [ -82.373626708984375, 24.053489685058594 ] ] ] } },
{ "type": "Feature", "properties": { "cluster_id": 246 }, "geometry": { "type": "Polygon", "coordinates": [ [ [ -78.217681884765625, 26.498680114746094 ], [ -78.26104736328125, 26.502069473266602 ], [ -78.331809997558594, 26.525449752807617 ], [ -78.345809936523438, 26.533119201660156 ], [ -78.312400817871094, 26.542970657348633 ], [ -78.240829467773438, 26.54109001159668 ], [ -78.210151672363281, 26.540239334106445 ], [ -78.191032409667969, 26.539390563964844 ], [ -78.18853759765625, 26.539199829101562 ], [ -78.182777404785156, 26.538450241088867 ], [ -78.180931091308594, 26.538080215454102 ], [ -78.178909301757812, 26.53734016418457 ], [ -78.177833557128906, 26.536609649658203 ], [ -78.160003662109375, 26.512250900268555 ], [ -78.190948486328125, 26.501920700073242 ], [ -78.217681884765625, 26.498680114746094 ] ] ] } },
{ "type": "Feature", "properties": { "cluster_id": 248 }, "geometry": { "type": "Polygon", "coordinates": [ [ [ -82.151229858398438, 24.196229934692383 ], [ -82.261962890625, 24.232820510864258 ], [ -82.254798889160156, 24.240940093994141 ], [ -82.21929931640625, 24.243240356445312 ], [ -82.045539855957031, 24.239879608154297 ], [ -82.04248046875, 24.234270095825195 ], [ -82.044570922851562, 24.205770492553711 ], [ -82.151229858398438, 24.196229934692383 ] ] ] } },
{ "type": "Feature", "properties": { "cluster_id": 77 }, "geometry": { "type": "Polygon", "coordinates": [ [ [ -82.496612548828125, 42.701141357421875 ], [ -82.496742248535156, 42.702041625976562 ], [ -82.496780395507812, 42.702560424804688 ], [ -82.483543395996094, 42.824359893798828 ], [ -82.472808837890625, 42.888900756835938 ], [ -82.47216796875, 42.891330718994141 ], [ -82.471061706542969, 42.894050598144531 ], [ -82.416419982910156, 43.026939392089844 ], [ -82.357398986816406, 42.959510803222656 ], [ -82.48712158203125, 42.718238830566406 ], [ -82.496612548828125, 42.701141357421875 ] ] ] } },
{ "type": "Feature", "properties": { "cluster_id": 95 }, "geometry": { "type": "Polygon", "coordinates": [ [ [ -82.706642150878906, 42.503238677978516 ], [ -82.705673217773438, 42.504669189453125 ], [ -82.501502990722656, 42.691169738769531 ], [ -82.509468078613281, 42.64208984375 ], [ -82.510986328125, 42.635231018066406 ], [ -82.513069152832031, 42.626361846923828 ], [ -82.514778137207031, 42.621410369873047 ], [ -82.51715087890625, 42.615730285644531 ], [ -82.520309448242188, 42.610378265380859 ], [ -82.52252197265625, 42.607730865478516 ], [ -82.523323059082031, 42.606960296630859 ], [ -82.58709716796875, 42.552520751953125 ], [ -82.590316772460938, 42.550491333007812 ], [ -82.706642150878906, 42.503238677978516 ] ] ] } },
{ "type": "Feature", "properties": { "cluster_id": 139 }, "geometry": { "type": "Polygon", "coordinates": [ [ [ -82.770957946777344, 42.452098846435547 ], [ -82.768829345703125, 42.453830718994141 ], [ -82.729049682617188, 42.484409332275391 ], [ -82.729682922363281, 42.483619689941406 ], [ -82.734512329101562, 42.47930908203125 ], [ -82.740547180175781, 42.474018096923828 ], [ -82.74688720703125, 42.468460083007812 ], [ -82.750503540039062, 42.465499877929688 ], [ -82.754859924316406, 42.461959838867188 ], [ -82.766380310058594, 42.454078674316406 ], [ -82.770217895507812, 42.452350616455078 ], [ -82.770957946777344, 42.452098846435547 ] ] ] } },
{ "type": "Feature", "properties": { "cluster_id": 65 }, "geometry": { "type": "Polygon", "coordinates": [ [ [ -83.125968933105469, 42.117328643798828 ], [ -83.136611938476562, 42.173469543457031 ], [ -83.136741638183594, 42.283340454101562 ], [ -83.082351684570312, 42.3094482421875 ], [ -83.066230773925781, 42.316631317138672 ], [ -83.061813354492188, 42.318519592285156 ], [ -82.842170715332031, 42.404018402099609 ], [ -82.842399597167969, 42.402931213378906 ], [ -83.125968933105469, 42.117328643798828 ] ] ] } },
{ "type": "Feature", "properties": { "cluster_id": 150 }, "geometry": { "type": "Polygon", "coordinates": [ [ [ -83.55499267578125, 43.988258361816406 ], [ -83.632591247558594, 43.988838195800781 ], [ -83.633041381835938, 43.990230560302734 ], [ -83.632682800292969, 43.991291046142578 ], [ -83.632621765136719, 43.991439819335938 ], [ -83.632133483886719, 43.991630554199219 ], [ -83.52459716796875, 44.030109405517578 ], [ -83.527702331542969, 44.018699645996094 ], [ -83.530120849609375, 44.014019012451172 ], [ -83.546127319335938, 43.996829986572266 ], [ -83.553230285644531, 43.989528656005859 ], [ -83.55499267578125, 43.988258361816406 ] ] ] } },
{ "type": "Feature", "properties": { "cluster_id": 35 }, "geometry": { "type": "Polygon", "coordinates": [ [ [ -115.856582641601562, 28.173179626464844 ], [ -115.891952514648438, 28.178230285644531 ], [ -115.906913757324219, 28.214950561523438 ], [ -115.899421691894531, 28.220310211181641 ], [ -115.851249694824219, 28.219829559326172 ], [ -115.821037292480469, 28.20713996887207 ], [ -115.815750122070312, 28.193540573120117 ], [ -115.835296630859375, 28.173349380493164 ], [ -115.856582641601562, 28.173179626464844 ] ] ] } },
{ "type": "Feature", "properties": { "cluster_id": 158 }, "geometry": { "type": "Polygon", "coordinates": [ [ [ -73.942138671875, 41.733959197998047 ], [ -73.951408386230469, 41.771690368652344 ], [ -73.952217102050781, 41.775901794433594 ], [ -73.952651977539062, 41.781051635742188 ], [ -73.95343017578125, 41.791530609130859 ], [ -73.961288452148438, 41.90203857421875 ], [ -73.960746765136719, 41.910129547119141 ], [ -73.95831298828125, 41.923839569091797 ], [ -73.957878112792969, 41.923969268798828 ], [ -73.939773559570312, 41.874629974365234 ], [ -73.939056396484375, 41.872360229492188 ], [ -73.939010620117188, 41.872180938720703 ], [ -73.938079833984375, 41.868499755859375 ], [ -73.937850952148438, 41.867420196533203 ], [ -73.940589904785156, 41.7447509765625 ], [ -73.941169738769531, 41.734439849853516 ], [ -73.942138671875, 41.733959197998047 ] ] ] } },
{ "type": "Feature", "properties": { "cluster_id": 92 }, "geometry": { "type": "Polygon", "coordinates": [ [ [ -73.926589965820312, 42.069080352783203 ], [ -73.927032470703125, 42.070461273193359 ], [ -73.928863525390625, 42.078060150146484 ], [ -73.930076599121094, 42.084171295166016 ], [ -73.930366516113281, 42.087680816650391 ], [ -73.929527282714844, 42.094261169433594 ], [ -73.929397583007812, 42.095001220703125 ], [ -73.928520202636719, 42.098838806152344 ], [ -73.924270629882812, 42.111690521240234 ], [ -73.922286987304688, 42.115680694580078 ], [ -73.921829223632812, 42.114971160888672 ], [ -73.926589965820312, 42.069080352783203 ] ] ] } },
{ "type": "Feature", "properties": { "cluster_id": 123 }, "geometry": { "type": "Polygon", "coordinates": [ [ [ -73.886009216308594, 42.164939880371094 ], [ -73.849746704101562, 42.229408264160156 ], [ -73.848823547363281, 42.230911254882812 ], [ -73.847023010253906, 42.233180999755859 ], [ -73.781707763671875, 42.308040618896484 ], [ -73.781532287597656, 42.307460784912109 ], [ -73.7813720703125, 42.306388854980469 ], [ -73.781181335449219, 42.303981781005859 ], [ -73.781143188476562, 42.300689697265625 ], [ -73.781898498535156, 42.294521331787109 ], [ -73.783317565917969, 42.285499572753906 ], [ -73.784149169921875, 42.280670166015625 ], [ -73.786048889160156, 42.274440765380859 ], [ -73.789360046386719, 42.268119812011719 ], [ -73.79229736328125, 42.263839721679688 ], [ -73.793418884277344, 42.262428283691406 ], [ -73.857498168945312, 42.188259124755859 ], [ -73.86090087890625, 42.18505859375 ], [ -73.885269165039062, 42.165149688720703 ], [ -73.886009216308594, 42.164939880371094 ] ] ] } },
{ "type": "Feature", "properties": { "cluster_id": 11 }, "geometry": { "type": "Polygon", "coordinates": [ [ [ -73.782562255859375, 42.406570434570312 ], [ -73.787109375, 42.479488372802734 ], [ -73.786186218261719, 42.486419677734375 ], [ -73.761192321777344, 42.611309051513672 ], [ -73.760658264160156, 42.613151550292969 ], [ -73.760353088378906, 42.613990783691406 ], [ -73.759391784667969, 42.616500854492188 ], [ -73.754562377929688, 42.628768920898438 ], [ -73.754119873046875, 42.629749298095703 ], [ -73.752761840820312, 42.631259918212891 ], [ -73.752021789550781, 42.631500244140625 ], [ -73.751693725585938, 42.572151184082031 ], [ -73.75177001953125, 42.570209503173828 ], [ -73.751869201660156, 42.569499969482422 ], [ -73.756446838378906, 42.538539886474609 ], [ -73.779861450195312, 42.413570404052734 ], [ -73.781761169433594, 42.408100128173828 ], [ -73.782211303710938, 42.407100677490234 ], [ -73.782562255859375, 42.406570434570312 ] ] ] } },
{ "type": "Feature", "properties": { "cluster_id": 113 }, "geometry": { "type": "Polygon", "coordinates": [ [ [ -73.990623474121094, 41.448150634765625 ], [ -73.998687744140625, 41.453048706054688 ], [ -73.999786376953125, 41.454410552978516 ], [ -74.010040283203125, 41.471969604492188 ], [ -74.007339477539062, 41.484718322753906 ], [ -74.006683349609375, 41.486129760742188 ], [ -74.006111145019531, 41.486919403076172 ], [ -74.004150390625, 41.489551544189453 ], [ -74.000038146972656, 41.490768432617188 ], [ -73.990623474121094, 41.448150634765625 ] ] ] } },
{ "type": "Feature", "properties": { "cluster_id": 193 }, "geometry": { "type": "Polygon", "coordinates": [ [ [ -73.970413208007812, 41.25537109375 ], [ -73.970420837402344, 41.255821228027344 ], [ -73.970252990722656, 41.257888793945312 ], [ -73.965370178222656, 41.301441192626953 ], [ -73.954811096191406, 41.294120788574219 ], [ -73.949836730957031, 41.289478302001953 ], [ -73.948760986328125, 41.287761688232422 ], [ -73.94921875, 41.283401489257812 ], [ -73.950668334960938, 41.280719757080078 ], [ -73.9517822265625, 41.278728485107422 ], [ -73.970413208007812, 41.25537109375 ] ] ] } },
{ "type": "Feature", "properties": { "cluster_id": 259 }, "geometry": { "type": "Polygon", "coordinates": [ [ [ -73.9136962890625, 40.921958923339844 ], [ -73.911239624023438, 40.944671630859375 ], [ -73.910888671875, 40.946460723876953 ], [ -73.910621643066406, 40.947101593017578 ], [ -73.901870727539062, 40.965789794921875 ], [ -73.903358459472656, 40.953670501708984 ], [ -73.907081604003906, 40.937679290771484 ], [ -73.911293029785156, 40.923160552978516 ], [ -73.9136962890625, 40.921958923339844 ] ] ] } },
{ "type": "Feature", "properties": { "cluster_id": 155 }, "geometry": { "type": "Polygon", "coordinates": [ [ [ -85.291358947753906, 29.523090362548828 ], [ -85.299232482910156, 29.531400680541992 ], [ -85.302848815917969, 29.537479400634766 ], [ -85.303169250488281, 29.538240432739258 ], [ -85.302787780761719, 29.538669586181641 ], [ -85.291450500488281, 29.54010009765625 ], [ -85.289909362792969, 29.540239334106445 ], [ -85.28875732421875, 29.539920806884766 ], [ -85.281417846679688, 29.535469055175781 ], [ -85.280403137207031, 29.534719467163086 ], [ -85.280769348144531, 29.533769607543945 ], [ -85.282028198242188, 29.53230094909668 ], [ -85.291358947753906, 29.523090362548828 ] ] ] } },
{ "type": "Feature", "properties": { "cluster_id": 42 }, "geometry": { "type": "Polygon", "coordinates": [ [ [ -66.350181579589844, 17.630970001220703 ], [ -66.355499267578125, 17.658000946044922 ], [ -66.119476318359375, 17.721759796142578 ], [ -66.083793640136719, 17.72528076171875 ], [ -66.056709289550781, 17.725719451904297 ], [ -65.994056701660156, 17.72327995300293 ], [ -65.925872802734375, 17.717050552368164 ], [ -65.916061401367188, 17.698520660400391 ], [ -65.913169860839844, 17.660329818725586 ], [ -65.998992919921875, 17.632759094238281 ], [ -66.350181579589844, 17.630970001220703 ] ] ] } },
{ "type": "Feature", "properties": { "cluster_id": 268 }, "geometry": { "type": "Polygon", "coordinates": [ [ [ -81.493949890136719, 23.956520080566406 ], [ -81.565521240234375, 23.95758056640625 ], [ -81.569122314453125, 23.985960006713867 ], [ -81.496780395507812, 24.001680374145508 ], [ -81.409927368164062, 24.002880096435547 ], [ -81.346977233886719, 24.001150131225586 ], [ -81.346298217773438, 23.976020812988281 ], [ -81.348876953125, 23.965019226074219 ], [ -81.420501708984375, 23.958000183105469 ], [ -81.493949890136719, 23.956520080566406 ] ] ] } },
{ "type": "Feature", "properties": { "cluster_id": 147 }, "geometry": { "type": "Polygon", "coordinates": [ [ [ -90.097770690917969, 28.748020172119141 ], [ -90.031929016113281, 28.791130065917969 ], [ -89.997871398925781, 28.795120239257812 ], [ -89.918937683105469, 28.787700653076172 ], [ -89.914649963378906, 28.78727912902832 ], [ -89.911842346191406, 28.786630630493164 ], [ -89.909149169921875, 28.785640716552734 ], [ -89.906486511230469, 28.784139633178711 ], [ -89.903892517089844, 28.781679153442383 ], [ -89.902252197265625, 28.778999328613281 ], [ -89.89691162109375, 28.763200759887695 ], [ -89.896148681640625, 28.759939193725586 ], [ -89.895668029785156, 28.752109527587891 ], [ -90.05474853515625, 28.748180389404297 ], [ -90.097770690917969, 28.748020172119141 ] ] ] } },
{ "type": "Feature", "properties": { "cluster_id": 145 }, "geometry": { "type": "Polygon", "coordinates": [ [ [ -77.332443237304688, 25.078170776367188 ], [ -77.346031188964844, 25.081750869750977 ], [ -77.349067687988281, 25.083080291748047 ], [ -77.353286743164062, 25.08612060546875 ], [ -77.355827331542969, 25.088310241699219 ], [ -77.360740661621094, 25.092870712280273 ], [ -77.372032165527344, 25.103630065917969 ], [ -77.361839294433594, 25.104700088500977 ], [ -77.359771728515625, 25.103969573974609 ], [ -77.332443237304688, 25.078170776367188 ] ] ] } },
{ "type": "Feature", "properties": { "cluster_id": 90 }, "geometry": { "type": "Polygon", "coordinates": [ [ [ -91.115249633789062, 29.638280868530273 ], [ -91.253257751464844, 29.655569076538086 ], [ -91.212760925292969, 29.687070846557617 ], [ -91.2091064453125, 29.688310623168945 ], [ -91.203628540039062, 29.688970565795898 ], [ -91.0985107421875, 29.691669464111328 ], [ -91.097358703613281, 29.691059112548828 ], [ -91.099601745605469, 29.656520843505859 ], [ -91.103248596191406, 29.648569107055664 ], [ -91.105216979980469, 29.644340515136719 ], [ -91.105758666992188, 29.643270492553711 ], [ -91.106468200683594, 29.641979217529297 ], [ -91.109519958496094, 29.639699935913086 ], [ -91.110710144042969, 29.638959884643555 ], [ -91.111686706542969, 29.638669967651367 ], [ -91.115249633789062, 29.638280868530273 ] ] ] } },
{ "type": "Feature", "properties": { "cluster_id": 109 }, "geometry": { "type": "Polygon", "coordinates": [ [ [ -71.479469299316406, 41.257770538330078 ], [ -71.498741149902344, 41.259971618652344 ], [ -71.649887084960938, 41.282730102539062 ], [ -71.650970458984375, 41.287929534912109 ], [ -71.609977722167969, 41.293750762939453 ], [ -71.568557739257812, 41.298690795898438 ], [ -71.564079284667969, 41.299110412597656 ], [ -71.532157897949219, 41.29949951171875 ], [ -71.528556823730469, 41.299289703369141 ], [ -71.525138854980469, 41.298759460449219 ], [ -71.521949768066406, 41.297920227050781 ], [ -71.501953125, 41.290981292724609 ], [ -71.500137329101562, 41.289810180664062 ], [ -71.498733520507812, 41.287830352783203 ], [ -71.479469299316406, 41.257770538330078 ] ] ] } },
{ "type": "Feature", "properties": { "cluster_id": 57 }, "geometry": { "type": "Polygon", "coordinates": [ [ [ -71.999969482421875, 41.22589111328125 ], [ -72.004020690917969, 41.225978851318359 ], [ -72.114959716796875, 41.231918334960938 ], [ -72.121246337890625, 41.234260559082031 ], [ -72.118820190429688, 41.253959655761719 ], [ -72.079360961914062, 41.299591064453125 ], [ -71.919151306152344, 41.249458312988281 ], [ -71.908447265625, 41.245891571044922 ], [ -71.911048889160156, 41.239879608154297 ], [ -71.924118041992188, 41.237400054931641 ], [ -71.982162475585938, 41.227169036865234 ], [ -71.986427307128906, 41.226551055908203 ], [ -71.999969482421875, 41.22589111328125 ] ] ] } },
{ "type": "Feature", "properties": { "cluster_id": 223 }, "geometry": { "type": "Polygon", "coordinates": [ [ [ -72.913482666015625, 41.254890441894531 ], [ -72.912109375, 41.278739929199219 ], [ -72.912017822265625, 41.280208587646484 ], [ -72.911849975585938, 41.282131195068359 ], [ -72.910476684570312, 41.290641784667969 ], [ -72.910392761230469, 41.290908813476562 ], [ -72.910079956054688, 41.291130065917969 ], [ -72.907966613769531, 41.291790008544922 ], [ -72.907852172851562, 41.291790008544922 ], [ -72.907890319824219, 41.289890289306641 ], [ -72.913482666015625, 41.254890441894531 ] ] ] } },
{ "type": "Feature", "properties": { "cluster_id": 137 }, "geometry": { "type": "Polygon", "coordinates": [ [ [ -81.189842224121094, 31.001850128173828 ], [ -81.281890869140625, 31.015600204467773 ], [ -81.288253784179688, 31.01732063293457 ], [ -81.289260864257812, 31.018569946289062 ], [ -81.32586669921875, 31.095510482788086 ], [ -81.325141906738281, 31.095439910888672 ], [ -81.123916625976562, 31.036670684814453 ], [ -81.120262145996094, 31.03495979309082 ], [ -81.132553100585938, 31.024349212646484 ], [ -81.174606323242188, 31.002870559692383 ], [ -81.189842224121094, 31.001850128173828 ] ] ] } },
{ "type": "Feature", "properties": { "cluster_id": 167 }, "geometry": { "type": "Polygon", "coordinates": [ [ [ -81.439598083496094, 31.098360061645508 ], [ -81.532386779785156, 31.13092041015625 ], [ -81.535476684570312, 31.132030487060547 ], [ -81.538352966308594, 31.134319305419922 ], [ -81.538101196289062, 31.134689331054688 ], [ -81.497917175292969, 31.143430709838867 ], [ -81.403602600097656, 31.132329940795898 ], [ -81.399391174316406, 31.131729125976562 ], [ -81.39202880859375, 31.130420684814453 ], [ -81.387809753417969, 31.129619598388672 ], [ -81.387031555175781, 31.129379272460938 ], [ -81.3834228515625, 31.128219604492188 ], [ -81.376602172851562, 31.124959945678711 ], [ -81.374076843261719, 31.123680114746094 ], [ -81.372787475585938, 31.122980117797852 ], [ -81.368759155273438, 31.12074089050293 ], [ -81.365898132324219, 31.119150161743164 ], [ -81.356239318847656, 31.113580703735352 ], [ -81.345413208007812, 31.107030868530273 ], [ -81.344947814941406, 31.106710433959961 ], [ -81.34588623046875, 31.106569290161133 ], [ -81.439598083496094, 31.098360061645508 ] ] ] } },
{ "type": "Feature", "properties": { "cluster_id": 141 }, "geometry": { "type": "Polygon", "coordinates": [ [ [ -125.276206970214844, 48.2027587890625 ], [ -125.337188720703125, 48.221149444580078 ], [ -125.331741333007812, 48.225929260253906 ], [ -125.320236206054688, 48.235408782958984 ], [ -125.237457275390625, 48.248279571533203 ], [ -125.186653137207031, 48.249298095703125 ], [ -125.171150207519531, 48.240329742431641 ], [ -125.128799438476562, 48.205448150634766 ], [ -125.213493347167969, 48.203670501708984 ], [ -125.276206970214844, 48.2027587890625 ] ] ] } },
{ "type": "Feature", "properties": { "cluster_id": 148 }, "geometry": { "type": "Polygon", "coordinates": [ [ [ -70.067092895507812, 43.615760803222656 ], [ -70.149787902832031, 43.618999481201172 ], [ -70.161186218261719, 43.619590759277344 ], [ -70.168678283691406, 43.620220184326172 ], [ -70.177261352539062, 43.621551513671875 ], [ -70.183700561523438, 43.622749328613281 ], [ -70.191993713378906, 43.624649047851562 ], [ -70.195510864257812, 43.625579833984375 ], [ -70.205451965332031, 43.628768920898438 ], [ -70.257682800292969, 43.646888732910156 ], [ -70.257530212402344, 43.647331237792969 ], [ -70.257171630859375, 43.647689819335938 ], [ -70.256690979003906, 43.647930145263672 ], [ -70.251411437988281, 43.650020599365234 ], [ -70.218650817871094, 43.648368835449219 ], [ -70.059898376464844, 43.617290496826172 ], [ -70.067092895507812, 43.615760803222656 ] ] ] } },
{ "type": "Feature", "properties": { "cluster_id": 258 }, "geometry": { "type": "Polygon", "coordinates": [ [ [ -76.664810180664062, 34.596061706542969 ], [ -76.689811706542969, 34.632419586181641 ], [ -76.685317993164062, 34.641258239746094 ], [ -76.649497985839844, 34.638530731201172 ], [ -76.649307250976562, 34.638500213623047 ], [ -76.649169921875, 34.638469696044922 ], [ -76.649070739746094, 34.638431549072266 ], [ -76.648910522460938, 34.638359069824219 ], [ -76.648849487304688, 34.638278961181641 ], [ -76.648780822753906, 34.638111114501953 ], [ -76.661270141601562, 34.604118347167969 ], [ -76.664810180664062, 34.596061706542969 ] ] ] } },
{ "type": "Feature", "properties": { "cluster_id": 22 }, "geometry": { "type": "Polygon", "coordinates": [ [ [ -156.678955078125, 20.842899322509766 ], [ -156.696640014648438, 20.845869064331055 ], [ -156.6871337890625, 20.863130569458008 ], [ -156.686752319335938, 20.863460540771484 ], [ -156.473800659179688, 20.934200286865234 ], [ -156.4722900390625, 20.92864990234375 ], [ -156.46624755859375, 20.896230697631836 ], [ -156.466476440429688, 20.894929885864258 ], [ -156.678955078125, 20.842899322509766 ] ] ] } },
{ "type": "Feature", "properties": { "cluster_id": 88 }, "geometry": { "type": "Polygon", "coordinates": [ [ [ -79.252090454101562, 25.464780807495117 ], [ -79.258262634277344, 25.466779708862305 ], [ -79.268287658691406, 25.470560073852539 ], [ -79.265937805175781, 25.473669052124023 ], [ -79.249076843261719, 25.473690032958984 ], [ -79.243637084960938, 25.472620010375977 ], [ -79.242599487304688, 25.471080780029297 ], [ -79.250907897949219, 25.464990615844727 ], [ -79.252090454101562, 25.464780807495117 ] ] ] } },
{ "type": "Feature", "properties": { "cluster_id": 269 }, "geometry": { "type": "Polygon", "coordinates": [ [ [ -125.930389404296875, 48.299850463867188 ], [ -125.940589904785156, 48.300300598144531 ], [ -125.941970825195312, 48.301750183105469 ], [ -125.972030639648438, 48.344329833984375 ], [ -125.850997924804688, 48.345928192138672 ], [ -125.845046997070312, 48.342601776123047 ], [ -125.821823120117188, 48.32794189453125 ], [ -125.862297058105469, 48.303470611572266 ], [ -125.878898620605469, 48.299850463867188 ], [ -125.930389404296875, 48.299850463867188 ] ] ] } },
{ "type": "Feature", "properties": { "cluster_id": 38 }, "geometry": { "type": "Polygon", "coordinates": [ [ [ -91.221572875976562, 27.359159469604492 ], [ -91.248626708984375, 27.362009048461914 ], [ -91.252899169921875, 27.371820449829102 ], [ -91.168769836425781, 27.398910522460938 ], [ -91.103797912597656, 27.379640579223633 ], [ -91.070663452148438, 27.369020462036133 ], [ -91.221572875976562, 27.359159469604492 ] ] ] } },
{ "type": "Feature", "properties": { "cluster_id": 7 }, "geometry": { "type": "Polygon", "coordinates": [ [ [ -91.993667602539062, 29.399890899658203 ], [ -92.379310607910156, 29.418619155883789 ], [ -92.243202209472656, 29.728300094604492 ], [ -92.242080688476562, 29.729909896850586 ], [ -92.240318298339844, 29.731729507446289 ], [ -92.188140869140625, 29.781150817871094 ], [ -92.144088745117188, 29.791990280151367 ], [ -92.14404296875, 29.791999816894531 ], [ -92.143608093261719, 29.792079925537109 ], [ -92.141372680664062, 29.792449951171875 ], [ -92.11248779296875, 29.792779922485352 ], [ -92.003982543945312, 29.618579864501953 ], [ -92.003250122070312, 29.617170333862305 ], [ -92.002700805664062, 29.615299224853516 ], [ -92.002388000488281, 29.612480163574219 ], [ -91.985832214355469, 29.408380508422852 ], [ -91.993667602539062, 29.399890899658203 ] ] ] } },
{ "type": "Feature", "properties": { "cluster_id": 79 }, "geometry": { "type": "Polygon", "coordinates": [ [ [ -91.879890441894531, 28.988189697265625 ], [ -91.877227783203125, 29.002029418945312 ], [ -91.876411437988281, 29.002050399780273 ], [ -91.875892639160156, 29.001829147338867 ], [ -91.864189147949219, 28.990100860595703 ], [ -91.864089965820312, 28.989700317382812 ], [ -91.864059448242188, 28.989469528198242 ], [ -91.864082336425781, 28.989450454711914 ], [ -91.874977111816406, 28.988410949707031 ], [ -91.879890441894531, 28.988189697265625 ] ] ] } },
{ "type": "Feature", "properties": { "cluster_id": 28 }, "geometry": { "type": "Polygon", "coordinates": [ [ [ -166.5325927734375, 53.876651763916016 ], [ -166.54913330078125, 53.877468109130859 ], [ -166.500762939453125, 53.93511962890625 ], [ -166.486572265625, 53.94879150390625 ], [ -166.471694946289062, 53.949440002441406 ], [ -166.459060668945312, 53.949699401855469 ], [ -166.481826782226562, 53.913970947265625 ], [ -166.483978271484375, 53.911201477050781 ], [ -166.489456176757812, 53.906780242919922 ], [ -166.495101928710938, 53.902469635009766 ], [ -166.508529663085938, 53.892230987548828 ], [ -166.5198974609375, 53.884288787841797 ], [ -166.528533935546875, 53.878791809082031 ], [ -166.5325927734375, 53.876651763916016 ] ] ] } },
{ "type": "Feature", "properties": { "cluster_id": 166 }, "geometry": { "type": "Polygon", "coordinates": [ [ [ -125.013877868652344, 49.880031585693359 ], [ -125.066719055175781, 49.881099700927734 ], [ -125.122261047363281, 49.941951751708984 ], [ -125.118721008300781, 49.943790435791016 ], [ -125.085403442382812, 49.953601837158203 ], [ -124.922637939453125, 49.920101165771484 ], [ -125.013877868652344, 49.880031585693359 ] ] ] } },
{ "type": "Feature", "properties": { "cluster_id": 136 }, "geometry": { "type": "Polygon", "coordinates": [ [ [ -152.518600463867188, 57.712070465087891 ], [ -152.52301025390625, 57.712581634521484 ], [ -152.5269775390625, 57.713771820068359 ], [ -152.529296875, 57.714900970458984 ], [ -152.530242919921875, 57.715389251708984 ], [ -152.532073974609375, 57.717540740966797 ], [ -152.532302856445312, 57.719871520996094 ], [ -152.523651123046875, 57.731521606445312 ], [ -152.425613403320312, 57.783699035644531 ], [ -152.32110595703125, 57.8125 ], [ -152.320465087890625, 57.812118530273438 ], [ -152.343765258789062, 57.735061645507812 ], [ -152.514144897460938, 57.712398529052734 ], [ -152.518600463867188, 57.712070465087891 ] ] ] } },
{ "type": "Feature", "properties": { "cluster_id": 72 }, "geometry": { "type": "Polygon", "coordinates": [ [ [ -152.861785888671875, 57.856460571289062 ], [ -153.000747680664062, 57.967731475830078 ], [ -153.002853393554688, 57.969898223876953 ], [ -152.580352783203125, 57.929241180419922 ], [ -152.499282836914062, 57.920791625976562 ], [ -152.42236328125, 57.882888793945312 ], [ -152.861785888671875, 57.856460571289062 ] ] ] } },
{ "type": "Feature", "properties": { "cluster_id": 164 }, "geometry": { "type": "Polygon", "coordinates": [ [ [ -151.722274780273438, 59.438228607177734 ], [ -151.723114013671875, 59.438270568847656 ], [ -151.857086181640625, 59.448631286621094 ], [ -151.852066040039062, 59.462139129638672 ], [ -151.813034057617188, 59.475479125976562 ], [ -151.7293701171875, 59.500858306884766 ], [ -151.70037841796875, 59.509548187255859 ], [ -151.6552734375, 59.507381439208984 ], [ -151.720611572265625, 59.438709259033203 ], [ -151.72125244140625, 59.438339233398438 ], [ -151.722274780273438, 59.438228607177734 ] ] ] } },
{ "type": "Feature", "properties": { "cluster_id": 118 }, "geometry": { "type": "Polygon", "coordinates": [ [ [ -120.148590087890625, 31.52692985534668 ], [ -120.189712524414062, 31.531530380249023 ], [ -120.197998046875, 31.533939361572266 ], [ -120.194633483886719, 31.572650909423828 ], [ -120.158927917480469, 31.573070526123047 ], [ -120.141441345214844, 31.543230056762695 ], [ -120.13427734375, 31.527050018310547 ], [ -120.148590087890625, 31.52692985534668 ] ] ] } },
{ "type": "Feature", "properties": { "cluster_id": 142 }, "geometry": { "type": "Polygon", "coordinates": [ [ [ -120.892562866210938, 30.904390335083008 ], [ -121.364639282226562, 30.977039337158203 ], [ -121.368476867675781, 30.980859756469727 ], [ -121.367538452148438, 30.981260299682617 ], [ -121.348442077636719, 30.985809326171875 ], [ -121.329803466796875, 30.989229202270508 ], [ -121.235450744628906, 30.99962043762207 ], [ -121.000389099121094, 30.999639511108398 ], [ -121.000282287597656, 30.999639511108398 ], [ -120.837623596191406, 30.970039367675781 ], [ -120.868263244628906, 30.906259536743164 ], [ -120.869583129882812, 30.905620574951172 ], [ -120.892562866210938, 30.904390335083008 ] ] ] } },
{ "type": "Feature", "properties": { "cluster_id": 208 }, "geometry": { "type": "Polygon", "coordinates": [ [ [ -134.355377197265625, 58.265819549560547 ], [ -134.360122680664062, 58.266441345214844 ], [ -134.443984985351562, 58.305419921875 ], [ -134.444122314453125, 58.305538177490234 ], [ -134.46240234375, 58.3226318359375 ], [ -134.46380615234375, 58.324108123779297 ], [ -134.463775634765625, 58.324371337890625 ], [ -134.463729858398438, 58.32440185546875 ], [ -134.463592529296875, 58.324420928955078 ], [ -134.463546752929688, 58.32440185546875 ], [ -134.357513427734375, 58.267200469970703 ], [ -134.355377197265625, 58.265819549560547 ] ] ] } },
{ "type": "Feature", "properties": { "cluster_id": 194 }, "geometry": { "type": "Polygon", "coordinates": [ [ [ -147.476348876953125, 60.640110015869141 ], [ -147.4552001953125, 60.644481658935547 ], [ -147.450576782226562, 60.644699096679688 ], [ -147.450485229492188, 60.644649505615234 ], [ -147.450393676757812, 60.64453125 ], [ -147.4503173828125, 60.644401550292969 ], [ -147.450271606445312, 60.644309997558594 ], [ -147.450241088867188, 60.644218444824219 ], [ -147.450393676757812, 60.643840789794922 ], [ -147.451553344726562, 60.643280029296875 ], [ -147.452651977539062, 60.643108367919922 ], [ -147.476348876953125, 60.640110015869141 ] ] ] } },
{ "type": "Feature", "properties": { "cluster_id": 245 }, "geometry": { "type": "Polygon", "coordinates": [ [ [ -146.882064819335938, 60.805210113525391 ], [ -146.9676513671875, 60.809310913085938 ], [ -147.014205932617188, 60.818889617919922 ], [ -147.00518798828125, 60.851791381835938 ], [ -146.915664672851562, 60.850669860839844 ], [ -146.879898071289062, 60.806461334228516 ], [ -146.882064819335938, 60.805210113525391 ] ] ] } },
{ "type": "Feature", "properties": { "cluster_id": 91 }, "geometry": { "type": "Polygon", "coordinates": [ [ [ -146.745681762695312, 60.998321533203125 ], [ -146.75848388671875, 60.999729156494141 ], [ -146.77392578125, 61.002899169921875 ], [ -146.667465209960938, 61.069080352783203 ], [ -146.633468627929688, 61.085338592529297 ], [ -146.62469482421875, 61.089279174804688 ], [ -146.6195068359375, 61.091388702392578 ], [ -146.543624877929688, 61.106891632080078 ], [ -146.342803955078125, 61.122051239013672 ], [ -146.3427734375, 61.122051239013672 ], [ -146.306808471679688, 61.121658325195312 ], [ -146.283584594726562, 61.112178802490234 ], [ -146.283172607421875, 61.111740112304688 ], [ -146.284133911132812, 61.110408782958984 ], [ -146.284393310546875, 61.110118865966797 ], [ -146.745681762695312, 60.998321533203125 ] ] ] } },
{ "type": "Feature", "properties": { "cluster_id": 56 }, "geometry": { "type": "Polygon", "coordinates": [ [ [ -146.676559448242188, 60.197849273681641 ], [ -146.718612670898438, 60.200889587402344 ], [ -146.734146118164062, 60.205848693847656 ], [ -146.738616943359375, 60.208358764648438 ], [ -146.781524658203125, 60.247169494628906 ], [ -146.781784057617188, 60.268039703369141 ], [ -146.768890380859375, 60.274269104003906 ], [ -146.734176635742188, 60.276020050048828 ], [ -146.7247314453125, 60.276378631591797 ], [ -146.654312133789062, 60.207550048828125 ], [ -146.65386962890625, 60.206619262695312 ], [ -146.653915405273438, 60.204341888427734 ], [ -146.656845092773438, 60.202018737792969 ], [ -146.6619873046875, 60.199779510498047 ], [ -146.669296264648438, 60.198318481445312 ], [ -146.676559448242188, 60.197849273681641 ] ] ] } },
{ "type": "Feature", "properties": { "cluster_id": 30 }, "geometry": { "type": "Polygon", "coordinates": [ [ [ -163.381866455078125, 54.833389282226562 ], [ -163.383682250976562, 54.834590911865234 ], [ -163.38494873046875, 54.835750579833984 ], [ -163.406051635742188, 54.856498718261719 ], [ -163.410690307617188, 54.862049102783203 ], [ -163.410690307617188, 54.862079620361328 ], [ -163.408309936523438, 54.867118835449219 ], [ -163.373626708984375, 54.905941009521484 ], [ -163.36846923828125, 54.910549163818359 ], [ -163.3228759765625, 54.910511016845703 ], [ -163.322494506835938, 54.910331726074219 ], [ -163.322418212890625, 54.910221099853516 ], [ -163.3333740234375, 54.879199981689453 ], [ -163.3795166015625, 54.83367919921875 ], [ -163.381866455078125, 54.833389282226562 ] ] ] } },
{ "type": "Feature", "properties": { "cluster_id": 196 }, "geometry": { "type": "Polygon", "coordinates": [ [ [ -163.160736083984375, 54.776340484619141 ], [ -163.299911499023438, 54.783100128173828 ], [ -163.311676025390625, 54.784038543701172 ], [ -163.31585693359375, 54.784641265869141 ], [ -163.3427734375, 54.789340972900391 ], [ -163.3463134765625, 54.790279388427734 ], [ -163.349533081054688, 54.791568756103516 ], [ -163.352493286132812, 54.793178558349609 ], [ -163.35504150390625, 54.794971466064453 ], [ -163.357955932617188, 54.797260284423828 ], [ -163.359527587890625, 54.798820495605469 ], [ -163.364593505859375, 54.806980133056641 ], [ -163.365493774414062, 54.808948516845703 ], [ -163.365921020507812, 54.811759948730469 ], [ -163.366256713867188, 54.814369201660156 ], [ -163.179641723632812, 54.788288116455078 ], [ -163.163894653320312, 54.785449981689453 ], [ -163.152587890625, 54.783248901367188 ], [ -163.150497436523438, 54.779911041259766 ], [ -163.160736083984375, 54.776340484619141 ] ] ] } },
{ "type": "Feature", "properties": { "cluster_id": 125 }, "geometry": { "type": "Polygon", "coordinates": [ [ [ -72.789192199707031, 40.731960296630859 ], [ -72.686233520507812, 40.774200439453125 ], [ -72.564773559570312, 40.806629180908203 ], [ -72.561981201171875, 40.806968688964844 ], [ -72.550361633300781, 40.806549072265625 ], [ -72.549552917480469, 40.806240081787109 ], [ -72.549110412597656, 40.806049346923828 ], [ -72.543777465820312, 40.800739288330078 ], [ -72.543617248535156, 40.800540924072266 ], [ -72.542518615722656, 40.798301696777344 ], [ -72.547073364257812, 40.779689788818359 ], [ -72.550491333007812, 40.775409698486328 ], [ -72.550880432128906, 40.775161743164062 ], [ -72.634567260742188, 40.737720489501953 ], [ -72.635536193847656, 40.737499237060547 ], [ -72.789192199707031, 40.731960296630859 ] ] ] } },
{ "type": "Feature", "properties": { "cluster_id": 174 }, "geometry": { "type": "Polygon", "coordinates": [ [ [ -163.429412841796875, 55.008060455322266 ], [ -163.430282592773438, 55.008148193359375 ], [ -163.43170166015625, 55.01348876953125 ], [ -163.432205200195312, 55.016708374023438 ], [ -163.436920166015625, 55.054428100585938 ], [ -163.427093505859375, 55.054298400878906 ], [ -163.425796508789062, 55.054218292236328 ], [ -163.422698974609375, 55.052799224853516 ], [ -163.419021606445312, 55.04827880859375 ], [ -163.41827392578125, 55.045989990234375 ], [ -163.418212890625, 55.043281555175781 ], [ -163.418609619140625, 55.040668487548828 ], [ -163.429412841796875, 55.008060455322266 ] ] ] } },
{ "type": "Feature", "properties": { "cluster_id": 83 }, "geometry": { "type": "Polygon", "coordinates": [ [ [ -160.500885009765625, 55.33203125 ], [ -160.501922607421875, 55.332340240478516 ], [ -160.5025634765625, 55.332660675048828 ], [ -160.506317138671875, 55.335430145263672 ], [ -160.507232666015625, 55.337398529052734 ], [ -160.505111694335938, 55.341670989990234 ], [ -160.496444702148438, 55.333248138427734 ], [ -160.496322631835938, 55.333049774169922 ], [ -160.496353149414062, 55.332969665527344 ], [ -160.496414184570312, 55.332889556884766 ], [ -160.49652099609375, 55.332801818847656 ], [ -160.4967041015625, 55.332759857177734 ], [ -160.50042724609375, 55.332080841064453 ], [ -160.500885009765625, 55.33203125 ] ] ] } },
{ "type": "Feature", "properties": { "cluster_id": 130 }, "geometry": { "type": "Polygon", "coordinates": [ [ [ -165.796676635742188, 54.125511169433594 ], [ -165.797210693359375, 54.125709533691406 ], [ -165.796173095703125, 54.128078460693359 ], [ -165.794784545898438, 54.129341125488281 ], [ -165.790206909179688, 54.132900238037109 ], [ -165.717864990234375, 54.143878936767578 ], [ -165.7071533203125, 54.142528533935547 ], [ -165.70953369140625, 54.140949249267578 ], [ -165.720077514648438, 54.136119842529297 ], [ -165.724090576171875, 54.134838104248047 ], [ -165.732757568359375, 54.132720947265625 ], [ -165.740966796875, 54.131538391113281 ], [ -165.796676635742188, 54.125511169433594 ] ] ] } },
{ "type": "Feature", "properties": { "cluster_id": 98 }, "geometry": { "type": "Polygon", "coordinates": [ [ [ -84.918678283691406, 46.767280578613281 ], [ -85.017616271972656, 46.789741516113281 ], [ -85.014076232910156, 46.810718536376953 ], [ -85.003952026367188, 46.811798095703125 ], [ -84.844711303710938, 46.805110931396484 ], [ -84.838348388671875, 46.789558410644531 ], [ -84.903846740722656, 46.767971038818359 ], [ -84.918678283691406, 46.767280578613281 ] ] ] } },
{ "type": "Feature", "properties": { "cluster_id": 185 }, "geometry": { "type": "Polygon", "coordinates": [ [ [ -84.704719543457031, 46.573429107666016 ], [ -84.727279663085938, 46.574661254882812 ], [ -84.785018920898438, 46.606998443603516 ], [ -84.788429260253906, 46.609970092773438 ], [ -84.79730224609375, 46.620891571044922 ], [ -84.762298583984375, 46.620731353759766 ], [ -84.706016540527344, 46.620071411132812 ], [ -84.674140930175781, 46.619411468505859 ], [ -84.671127319335938, 46.61920166015625 ], [ -84.657241821289062, 46.574661254882812 ], [ -84.704719543457031, 46.573429107666016 ] ] ] } },
{ "type": "Feature", "properties": { "cluster_id": 124 }, "geometry": { "type": "Polygon", "coordinates": [ [ [ -83.891860961914062, 45.903209686279297 ], [ -83.925849914550781, 45.910148620605469 ], [ -84.105842590332031, 46.185768127441406 ], [ -84.098068237304688, 46.185691833496094 ], [ -84.020561218261719, 46.139331817626953 ], [ -83.881576538085938, 46.026958465576172 ], [ -83.880928039550781, 46.02178955078125 ], [ -83.879730224609375, 45.923568725585938 ], [ -83.891860961914062, 45.903209686279297 ] ] ] } },
{ "type": "Feature", "properties": { "cluster_id": 128 }, "geometry": { "type": "Polygon", "coordinates": [ [ [ -83.116661071777344, 45.087650299072266 ], [ -83.139816284179688, 45.088600158691406 ], [ -83.18670654296875, 45.174900054931641 ], [ -83.154487609863281, 45.182338714599609 ], [ -83.019172668457031, 45.178829193115234 ], [ -82.961700439453125, 45.164920806884766 ], [ -82.975830078125, 45.091999053955078 ], [ -83.116661071777344, 45.087650299072266 ] ] ] } },
{ "type": "Feature", "properties": { "cluster_id": 201 }, "geometry": { "type": "Polygon", "coordinates": [ [ [ -83.128562927246094, 41.974220275878906 ], [ -83.135169982910156, 41.991710662841797 ], [ -83.138420104980469, 42.000568389892578 ], [ -83.141899108886719, 42.010669708251953 ], [ -83.140289306640625, 42.01824951171875 ], [ -83.137252807617188, 42.019458770751953 ], [ -83.128562927246094, 41.974220275878906 ] ] ] } },
{ "type": "Feature", "properties": { "cluster_id": 172 }, "geometry": { "type": "Polygon", "coordinates": [ [ [ -82.774169921875, 41.877998352050781 ], [ -83.10968017578125, 41.892318725585938 ], [ -83.10833740234375, 41.923599243164062 ], [ -82.828117370605469, 41.914508819580078 ], [ -82.825447082519531, 41.914150238037109 ], [ -82.749732971191406, 41.896049499511719 ], [ -82.738487243652344, 41.892288208007812 ], [ -82.728630065917969, 41.888710021972656 ], [ -82.729652404785156, 41.885150909423828 ], [ -82.774169921875, 41.877998352050781 ] ] ] } },
{ "type": "Feature", "properties": { "cluster_id": 204 }, "geometry": { "type": "Polygon", "coordinates": [ [ [ -82.413970947265625, 43.077571868896484 ], [ -82.415977478027344, 43.111759185791016 ], [ -82.409660339355469, 43.118938446044922 ], [ -82.362327575683594, 43.097721099853516 ], [ -82.362106323242188, 43.096218109130859 ], [ -82.36376953125, 43.095321655273438 ], [ -82.404060363769531, 43.080890655517578 ], [ -82.413970947265625, 43.077571868896484 ] ] ] } },
{ "type": "Feature", "properties": { "cluster_id": 215 }, "geometry": { "type": "Polygon", "coordinates": [ [ [ -83.446426391601562, 44.221298217773438 ], [ -83.447410583496094, 44.221649169921875 ], [ -83.449043273925781, 44.222999572753906 ], [ -83.449020385742188, 44.223049163818359 ], [ -83.44830322265625, 44.223949432373047 ], [ -83.447563171386719, 44.224441528320312 ], [ -83.446701049804688, 44.224788665771484 ], [ -83.441131591796875, 44.224529266357422 ], [ -83.437118530273438, 44.223861694335938 ], [ -83.445060729980469, 44.221630096435547 ], [ -83.446426391601562, 44.221298217773438 ] ] ] } },
{ "type": "Feature", "properties": { "cluster_id": 39 }, "geometry": { "type": "Polygon", "coordinates": [ [ [ -156.67352294921875, 21.033050537109375 ], [ -156.692642211914062, 21.059839248657227 ], [ -156.675613403320312, 21.066970825195312 ], [ -156.672897338867188, 21.06804084777832 ], [ -156.655563354492188, 21.074089050292969 ], [ -156.651763916015625, 21.075359344482422 ], [ -156.648544311523438, 21.076179504394531 ], [ -156.640823364257812, 21.077899932861328 ], [ -156.636566162109375, 21.078659057617188 ], [ -156.626998901367188, 21.080089569091797 ], [ -156.623779296875, 21.080280303955078 ], [ -156.60015869140625, 21.080049514770508 ], [ -156.517532348632812, 21.079240798950195 ], [ -156.488357543945312, 21.036819458007812 ], [ -156.498077392578125, 21.03462028503418 ], [ -156.67352294921875, 21.033050537109375 ] ] ] } },
{ "type": "Feature", "properties": { "cluster_id": 168 }, "geometry": { "type": "Polygon", "coordinates": [ [ [ -156.959274291992188, 20.986419677734375 ], [ -157.0328369140625, 20.994119644165039 ], [ -157.041015625, 20.99506950378418 ], [ -157.148239135742188, 21.011699676513672 ], [ -157.155349731445312, 21.012849807739258 ], [ -157.15252685546875, 21.019529342651367 ], [ -157.140777587890625, 21.01991081237793 ], [ -157.117767333984375, 21.019880294799805 ], [ -157.045166015625, 21.013250350952148 ], [ -156.98614501953125, 21.007570266723633 ], [ -156.965484619140625, 21.005239486694336 ], [ -156.934707641601562, 21.000480651855469 ], [ -156.959274291992188, 20.986419677734375 ] ] ] } },
{ "type": "Feature", "properties": { "cluster_id": 238 }, "geometry": { "type": "Polygon", "coordinates": [ [ [ -157.670013427734375, 21.129819869995117 ], [ -157.725173950195312, 21.136220932006836 ], [ -157.752853393554688, 21.143880844116211 ], [ -157.838211059570312, 21.168350219726562 ], [ -157.84765625, 21.172689437866211 ], [ -157.8319091796875, 21.175590515136719 ], [ -157.77410888671875, 21.16703987121582 ], [ -157.772323608398438, 21.166509628295898 ], [ -157.660690307617188, 21.130729675292969 ], [ -157.670013427734375, 21.129819869995117 ] ] ] } },
{ "type": "Feature", "properties": { "cluster_id": 106 }, "geometry": { "type": "Polygon", "coordinates": [ [ [ -155.82958984375, 20.034990310668945 ], [ -155.866561889648438, 20.039140701293945 ], [ -155.869293212890625, 20.039699554443359 ], [ -155.871826171875, 20.040639877319336 ], [ -155.878372192382812, 20.046009063720703 ], [ -155.889129638671875, 20.055379867553711 ], [ -155.889175415039062, 20.068080902099609 ], [ -155.86358642578125, 20.055309295654297 ], [ -155.8287353515625, 20.035739898681641 ], [ -155.828643798828125, 20.03557014465332 ], [ -155.828781127929688, 20.035419464111328 ], [ -155.829010009765625, 20.035179138183594 ], [ -155.82958984375, 20.034990310668945 ] ] ] } },
{ "type": "Feature", "properties": { "cluster_id": 216 }, "geometry": { "type": "Polygon", "coordinates": [ [ [ -71.193428039550781, 41.690868377685547 ], [ -71.188468933105469, 41.694290161132812 ], [ -71.183189392089844, 41.697231292724609 ], [ -71.164199829101562, 41.706920623779297 ], [ -71.163970947265625, 41.706611633300781 ], [ -71.163787841796875, 41.706050872802734 ], [ -71.163963317871094, 41.705780029296875 ], [ -71.193428039550781, 41.690868377685547 ] ] ] } },
{ "type": "Feature", "properties": { "cluster_id": 224 }, "geometry": { "type": "Polygon", "coordinates": [ [ [ -64.654083251953125, 19.403680801391602 ], [ -64.667327880859375, 19.404369354248047 ], [ -64.699722290039062, 19.413339614868164 ], [ -64.678901672363281, 19.441429138183594 ], [ -64.617301940917969, 19.451240539550781 ], [ -64.616767883300781, 19.448530197143555 ], [ -64.616737365722656, 19.448270797729492 ], [ -64.617073059082031, 19.447719573974609 ], [ -64.627479553222656, 19.434530258178711 ], [ -64.632949829101562, 19.428129196166992 ], [ -64.654083251953125, 19.403680801391602 ] ] ] } },
{ "type": "Feature", "properties": { "cluster_id": 52 }, "geometry": { "type": "Polygon", "coordinates": [ [ [ -76.668663024902344, 34.692100524902344 ], [ -76.705062866210938, 34.713981628417969 ], [ -76.704177856445312, 34.716281890869141 ], [ -76.703750610351562, 34.716461181640625 ], [ -76.696868896484375, 34.714511871337891 ], [ -76.694297790527344, 34.713218688964844 ], [ -76.672943115234375, 34.698661804199219 ], [ -76.670921325683594, 34.696628570556641 ], [ -76.669540405273438, 34.694469451904297 ], [ -76.668663024902344, 34.692100524902344 ] ] ] } },
{ "type": "Feature", "properties": { "cluster_id": 263 }, "geometry": { "type": "Polygon", "coordinates": [ [ [ -89.068489074707031, 30.333469390869141 ], [ -89.08837890625, 30.349889755249023 ], [ -89.0885009765625, 30.350009918212891 ], [ -89.08856201171875, 30.350070953369141 ], [ -89.091796875, 30.354169845581055 ], [ -89.093002319335938, 30.356170654296875 ], [ -89.092597961425781, 30.356470108032227 ], [ -89.090431213378906, 30.355690002441406 ], [ -89.089706420898438, 30.355400085449219 ], [ -89.082588195800781, 30.350030899047852 ], [ -89.080230712890625, 30.347679138183594 ], [ -89.071220397949219, 30.336990356445312 ], [ -89.069221496582031, 30.334529876708984 ], [ -89.068656921386719, 30.333820343017578 ], [ -89.068489074707031, 30.333469390869141 ] ] ] } },
{ "type": "Feature", "properties": { "cluster_id": 227 }, "geometry": { "type": "Polygon", "coordinates": [ [ [ -81.464752197265625, 30.677009582519531 ], [ -81.46478271484375, 30.677030563354492 ], [ -81.464950561523438, 30.677160263061523 ], [ -81.462860107421875, 30.704189300537109 ], [ -81.459671020507812, 30.711599349975586 ], [ -81.348709106445312, 30.712150573730469 ], [ -81.366798400878906, 30.679140090942383 ], [ -81.464752197265625, 30.677009582519531 ] ] ] } },
{ "type": "Feature", "properties": { "cluster_id": 183 }, "geometry": { "type": "Polygon", "coordinates": [ [ [ -119.68475341796875, 34.357151031494141 ], [ -119.683967590332031, 34.394088745117188 ], [ -119.683723449707031, 34.396659851074219 ], [ -119.683601379394531, 34.397018432617188 ], [ -119.683479309082031, 34.397220611572266 ], [ -119.683021545410156, 34.397251129150391 ], [ -119.682853698730469, 34.397171020507812 ], [ -119.68267822265625, 34.397029876708984 ], [ -119.6815185546875, 34.390640258789062 ], [ -119.680267333984375, 34.378238677978516 ], [ -119.682090759277344, 34.363151550292969 ], [ -119.68475341796875, 34.357151031494141 ] ] ] } },
{ "type": "Feature", "properties": { "cluster_id": 229 }, "geometry": { "type": "Polygon", "coordinates": [ [ [ -121.884201049804688, 36.6126708984375 ], [ -121.88604736328125, 36.612930297851562 ], [ -121.886268615722656, 36.613021850585938 ], [ -121.8980712890625, 36.647171020507812 ], [ -121.898490905761719, 36.649120330810547 ], [ -121.895309448242188, 36.646568298339844 ], [ -121.892486572265625, 36.643661499023438 ], [ -121.888046264648438, 36.638290405273438 ], [ -121.8856201171875, 36.628490447998047 ], [ -121.884376525878906, 36.620620727539062 ], [ -121.883872985839844, 36.613418579101562 ], [ -121.883949279785156, 36.612869262695312 ], [ -121.884048461914062, 36.612751007080078 ], [ -121.884147644042969, 36.612678527832031 ], [ -121.884201049804688, 36.6126708984375 ] ] ] } },
{ "type": "Feature", "properties": { "cluster_id": 211 }, "geometry": { "type": "Polygon", "coordinates": [ [ [ -70.969467163085938, 42.242919921875 ], [ -70.970077514648438, 42.242969512939453 ], [ -70.969528198242188, 42.243511199951172 ], [ -70.965827941894531, 42.246940612792969 ], [ -70.965530395507812, 42.247161865234375 ], [ -70.943122863769531, 42.256061553955078 ], [ -70.944633483886719, 42.254711151123047 ], [ -70.946548461914062, 42.253631591796875 ], [ -70.967559814453125, 42.243450164794922 ], [ -70.968208312988281, 42.243160247802734 ], [ -70.969467163085938, 42.242919921875 ] ] ] } },
{ "type": "Feature", "properties": { "cluster_id": 251 }, "geometry": { "type": "Polygon", "coordinates": [ [ [ -79.787757873535156, 43.266960144042969 ], [ -79.8509521484375, 43.271659851074219 ], [ -79.860710144042969, 43.278400421142578 ], [ -79.768951416015625, 43.312450408935547 ], [ -79.765556335449219, 43.313289642333984 ], [ -79.755668640136719, 43.313331604003906 ], [ -79.744171142578125, 43.31317138671875 ], [ -79.747322082519531, 43.302730560302734 ], [ -79.787567138671875, 43.266971588134766 ], [ -79.787757873535156, 43.266960144042969 ] ] ] } },
{ "type": "Feature", "properties": { "cluster_id": 24 }, "geometry": { "type": "Polygon", "coordinates": [ [ [ -124.454673767089844, 49.747280120849609 ], [ -124.893142700195312, 49.844100952148438 ], [ -124.895759582519531, 49.847370147705078 ], [ -124.844978332519531, 49.875270843505859 ], [ -124.844047546386719, 49.875431060791016 ], [ -124.618148803710938, 49.878818511962891 ], [ -124.602958679199219, 49.877548217773438 ], [ -124.582527160644531, 49.872261047363281 ], [ -124.566810607910156, 49.865921020507812 ], [ -124.546211242675781, 49.852210998535156 ], [ -124.442787170410156, 49.763690948486328 ], [ -124.438766479492188, 49.75238037109375 ], [ -124.454673767089844, 49.747280120849609 ] ] ] } },
{ "type": "Feature", "properties": { "cluster_id": 14 }, "geometry": { "type": "Polygon", "coordinates": [ [ [ -79.210502624511719, 43.07550048828125 ], [ -79.231468200683594, 43.258968353271484 ], [ -79.232002258300781, 43.266170501708984 ], [ -79.2109375, 43.265769958496094 ], [ -79.196998596191406, 43.183330535888672 ], [ -79.19635009765625, 43.178691864013672 ], [ -79.192596435546875, 43.14923095703125 ], [ -79.192283630371094, 43.146198272705078 ], [ -79.192001342773438, 43.143169403076172 ], [ -79.19183349609375, 43.141170501708984 ], [ -79.19183349609375, 43.138328552246094 ], [ -79.192001342773438, 43.135669708251953 ], [ -79.192497253417969, 43.128829956054688 ], [ -79.192672729492188, 43.127670288085938 ], [ -79.195167541503906, 43.116168975830078 ], [ -79.195671081542969, 43.114498138427734 ], [ -79.210502624511719, 43.07550048828125 ] ] ] } },
{ "type": "Feature", "properties": { "cluster_id": 93 }, "geometry": { "type": "Polygon", "coordinates": [ [ [ -79.267349243164062, 42.838371276855469 ], [ -79.263496398925781, 42.852668762207031 ], [ -79.239250183105469, 42.929428100585938 ], [ -79.23883056640625, 42.930698394775391 ], [ -79.248123168945312, 42.879608154296875 ], [ -79.249832153320312, 42.872829437255859 ], [ -79.251502990722656, 42.868171691894531 ], [ -79.252166748046875, 42.866329193115234 ], [ -79.252830505371094, 42.864498138427734 ], [ -79.260841369628906, 42.842609405517578 ], [ -79.267349243164062, 42.838371276855469 ] ] ] } },
{ "type": "Feature", "properties": { "cluster_id": 254 }, "geometry": { "type": "Polygon", "coordinates": [ [ [ -123.898712158203125, 49.745491027832031 ], [ -123.921096801757812, 49.753398895263672 ], [ -123.960853576660156, 49.776111602783203 ], [ -123.954536437988281, 49.779708862304688 ], [ -123.947883605957031, 49.780841827392578 ], [ -123.945793151855469, 49.781078338623047 ], [ -123.892440795898438, 49.747970581054688 ], [ -123.891921997070312, 49.746959686279297 ], [ -123.893608093261719, 49.746250152587891 ], [ -123.89752197265625, 49.745658874511719 ], [ -123.898712158203125, 49.745491027832031 ] ] ] } },
{ "type": "Feature", "properties": { "cluster_id": 220 }, "geometry": { "type": "Polygon", "coordinates": [ [ [ -125.55670166015625, 48.87322998046875 ], [ -125.571731567382812, 48.879501342773438 ], [ -125.58489990234375, 48.921798706054688 ], [ -125.545501708984375, 48.943851470947266 ], [ -125.545089721679688, 48.944011688232422 ], [ -125.544273376464844, 48.944229125976562 ], [ -125.535697937011719, 48.940048217773438 ], [ -125.488739013671875, 48.905971527099609 ], [ -125.486968994140625, 48.897850036621094 ], [ -125.490989685058594, 48.895858764648438 ], [ -125.55670166015625, 48.87322998046875 ] ] ] } },
{ "type": "Feature", "properties": { "cluster_id": 235 }, "geometry": { "type": "Polygon", "coordinates": [ [ [ -81.484092712402344, 42.4056396484375 ], [ -81.549209594726562, 42.422821044921875 ], [ -81.546127319335938, 42.436168670654297 ], [ -81.5460205078125, 42.436420440673828 ], [ -81.544906616210938, 42.436698913574219 ], [ -81.484092712402344, 42.4056396484375 ] ] ] } },
{ "type": "Feature", "properties": { "cluster_id": 154 }, "geometry": { "type": "Polygon", "coordinates": [ [ [ -82.427932739257812, 41.483451843261719 ], [ -82.429100036621094, 41.483798980712891 ], [ -82.429862976074219, 41.48419189453125 ], [ -82.430473327636719, 41.484928131103516 ], [ -82.430549621582031, 41.485950469970703 ], [ -82.429939270019531, 41.486850738525391 ], [ -82.428817749023438, 41.487739562988281 ], [ -82.420913696289062, 41.493141174316406 ], [ -82.421722412109375, 41.487621307373047 ], [ -82.423362731933594, 41.485801696777344 ], [ -82.424697875976562, 41.484661102294922 ], [ -82.427932739257812, 41.483451843261719 ] ] ] } },
{ "type": "Feature", "properties": { "cluster_id": 27 }, "geometry": { "type": "Polygon", "coordinates": [ [ [ -82.445030212402344, 41.80194091796875 ], [ -82.458999633789062, 41.802669525146484 ], [ -82.463829040527344, 41.803501129150391 ], [ -82.476829528808594, 41.810169219970703 ], [ -82.491889953613281, 41.821220397949219 ], [ -82.494270324707031, 41.82666015625 ], [ -82.334999084472656, 41.828830718994141 ], [ -82.286109924316406, 41.82537841796875 ], [ -82.279380798339844, 41.809871673583984 ], [ -82.445030212402344, 41.80194091796875 ] ] ] } },
{ "type": "Feature", "properties": { "cluster_id": 257 }, "geometry": { "type": "Polygon", "coordinates": [ [ [ -82.496986389160156, 41.830291748046875 ], [ -82.520126342773438, 41.832271575927734 ], [ -82.725326538085938, 41.874500274658203 ], [ -82.605377197265625, 41.876869201660156 ], [ -82.599861145019531, 41.875728607177734 ], [ -82.594383239746094, 41.873920440673828 ], [ -82.585220336914062, 41.870441436767578 ], [ -82.571800231933594, 41.865291595458984 ], [ -82.565048217773438, 41.862579345703125 ], [ -82.544517517089844, 41.854179382324219 ], [ -82.540359497070312, 41.852291107177734 ], [ -82.496986389160156, 41.830291748046875 ] ] ] } },
{ "type": "Feature", "properties": { "cluster_id": 233 }, "geometry": { "type": "Polygon", "coordinates": [ [ [ -80.483497619628906, 42.308998107910156 ], [ -80.647529602050781, 42.312999725341797 ], [ -80.622230529785156, 42.339088439941406 ], [ -80.58245849609375, 42.351348876953125 ], [ -80.475799560546875, 42.347949981689453 ], [ -80.47332763671875, 42.347751617431641 ], [ -80.442306518554688, 42.342311859130859 ], [ -80.432502746582031, 42.322330474853516 ], [ -80.468170166015625, 42.312999725341797 ], [ -80.483497619628906, 42.308998107910156 ] ] ] } },
{ "type": "Feature", "properties": { "cluster_id": 66 }, "geometry": { "type": "Polygon", "coordinates": [ [ [ -89.044883728027344, 48.299808502197266 ], [ -89.230926513671875, 48.353988647460938 ], [ -89.231521606445312, 48.354221343994141 ], [ -89.232452392578125, 48.354690551757812 ], [ -89.232368469238281, 48.356399536132812 ], [ -89.223831176757812, 48.414161682128906 ], [ -89.189178466796875, 48.447319030761719 ], [ -89.18096923828125, 48.447269439697266 ], [ -89.180221557617188, 48.446941375732422 ], [ -89.134536743164062, 48.418350219726562 ], [ -89.129936218261719, 48.414440155029297 ], [ -89.013786315917969, 48.314960479736328 ], [ -88.997329711914062, 48.300529479980469 ], [ -89.044883728027344, 48.299808502197266 ] ] ] } },
{ "type": "Feature", "properties": { "cluster_id": 261 }, "geometry": { "type": "Polygon", "coordinates": [ [ [ -88.739509582519531, 48.253330230712891 ], [ -88.945320129394531, 48.270618438720703 ], [ -88.940223693847656, 48.284999847412109 ], [ -88.935897827148438, 48.286701202392578 ], [ -88.796302795410156, 48.297931671142578 ], [ -88.778068542480469, 48.295028686523438 ], [ -88.73193359375, 48.269748687744141 ], [ -88.726119995117188, 48.257869720458984 ], [ -88.739509582519531, 48.253330230712891 ] ] ] } },
{ "type": "Feature", "properties": { "cluster_id": 249 }, "geometry": { "type": "Polygon", "coordinates": [ [ [ -87.1588134765625, 41.635711669921875 ], [ -87.158866882324219, 41.635730743408203 ], [ -87.158950805664062, 41.635780334472656 ], [ -87.158981323242188, 41.635890960693359 ], [ -87.158973693847656, 41.636058807373047 ], [ -87.158958435058594, 41.6361083984375 ], [ -87.158790588378906, 41.636028289794922 ], [ -87.158760070800781, 41.635898590087891 ], [ -87.15875244140625, 41.635829925537109 ], [ -87.15875244140625, 41.635818481445312 ], [ -87.1588134765625, 41.635711669921875 ] ] ] } },
{ "type": "Feature", "properties": { "cluster_id": 146 }, "geometry": { "type": "Polygon", "coordinates": [ [ [ -125.138587951660156, 48.835929870605469 ], [ -125.139228820800781, 48.836029052734375 ], [ -125.147087097167969, 48.839950561523438 ], [ -125.147789001464844, 48.856651306152344 ], [ -125.140533447265625, 48.861919403076172 ], [ -125.128189086914062, 48.870201110839844 ], [ -125.1273193359375, 48.866878509521484 ], [ -125.130096435546875, 48.850971221923828 ], [ -125.135108947753906, 48.837421417236328 ], [ -125.138282775878906, 48.835990905761719 ], [ -125.138587951660156, 48.835929870605469 ] ] ] } },
{ "type": "Feature", "properties": { "cluster_id": 253 }, "geometry": { "type": "Polygon", "coordinates": [ [ [ -80.784721374511719, 41.906349182128906 ], [ -80.877082824707031, 41.922050476074219 ], [ -80.852157592773438, 41.923591613769531 ], [ -80.798072814941406, 41.924209594726562 ], [ -80.795257568359375, 41.922908782958984 ], [ -80.785980224609375, 41.915691375732422 ], [ -80.784812927246094, 41.914390563964844 ], [ -80.784156799316406, 41.913501739501953 ], [ -80.784477233886719, 41.909061431884766 ], [ -80.784721374511719, 41.906349182128906 ] ] ] } },
{ "type": "Feature", "properties": { "cluster_id": 242 }, "geometry": { "type": "Polygon", "coordinates": [ [ [ -87.8433837890625, 47.342430114746094 ], [ -87.908912658691406, 47.384620666503906 ], [ -87.909393310546875, 47.385391235351562 ], [ -87.908416748046875, 47.385700225830078 ], [ -87.908248901367188, 47.385719299316406 ], [ -87.832618713378906, 47.371559143066406 ], [ -87.8433837890625, 47.342430114746094 ] ] ] } },
{ "type": "Feature", "properties": { "cluster_id": 116 }, "geometry": { "type": "Polygon", "coordinates": [ [ [ -125.933128356933594, 49.113548278808594 ], [ -125.972602844238281, 49.132511138916016 ], [ -126.010063171386719, 49.154361724853516 ], [ -125.909599304199219, 49.160221099853516 ], [ -125.897392272949219, 49.157741546630859 ], [ -125.884193420410156, 49.150901794433594 ], [ -125.901359558105469, 49.114250183105469 ], [ -125.90496826171875, 49.113590240478516 ], [ -125.933128356933594, 49.113548278808594 ] ] ] } },
{ "type": "Feature", "properties": { "cluster_id": 99 }, "geometry": { "type": "Polygon", "coordinates": [ [ [ -80.075912475585938, 42.695701599121094 ], [ -80.138442993164062, 42.716220855712891 ], [ -80.14031982421875, 42.717578887939453 ], [ -80.153068542480469, 42.730110168457031 ], [ -80.152397155761719, 42.731220245361328 ], [ -80.143302917480469, 42.736740112304688 ], [ -80.13995361328125, 42.738658905029297 ], [ -80.102149963378906, 42.739181518554688 ], [ -80.095466613769531, 42.73876953125 ], [ -80.075912475585938, 42.695701599121094 ] ] ] } }
]
}
