{
"type": "FeatureCollection",
"name": "boundaries",
"crs": { "type": "name", "properties": { "name": "urn:ogc:def:crs:OGC:1.3:CRS84" } },
"features": [
{ "type": "Feature", "properties": { "cluster_id": 5 }, "geometry": { "type": "Polygon", "coordinates": [ [ [ -122.378547668457031, 47.253829956054688 ], [ -122.378883361816406, 47.253868103027344 ], [ -122.431716918945312, 47.261451721191406 ], [ -125.354423522949219, 48.475570678710938 ], [ -125.356170654296875, 48.518051147460938 ], [ -125.122261047363281, 49.941951751708984 ], [ -125.085403442382812, 49.953601837158203 ], [ -124.672538757324219, 49.892578125 ], [ -123.945793151855469, 49.781078338623047 ], [ -122.862312316894531, 49.443931579589844 ], [ -122.397987365722656, 49.153141021728516 ], [ -122.369392395019531, 49.134548187255859 ], [ -122.218399047851562, 47.982769012451172 ], [ -122.362846374511719, 47.263469696044922 ], [ -122.378227233886719, 47.253898620605469 ], [ -122.378547668457031, 47.253829956054688 ] ] ] } },
{ "type": "Feature", "properties": { "cluster_id": 16 }, "geometry": { "type": "Polygon", "coordinates": [ [ [ -96.822738647460938, 27.361879348754883 ], [ -96.836433410644531, 27.363529205322266 ], [ -96.876029968261719, 27.37006950378418 ], [ -96.886680603027344, 27.37401008605957 ], [ -96.888877868652344, 27.37483024597168 ], [ -96.959831237792969, 27.425710678100586 ], [ -97.474479675292969, 27.818639755249023 ], [ -97.285873413085938, 27.878730773925781 ], [ -97.276016235351562, 27.880279541015625 ], [ -97.270942687988281, 27.880680084228516 ], [ -96.799301147460938, 27.872299194335938 ], [ -96.601242065429688, 27.745670318603516 ], [ -96.349876403808594, 27.572769165039062 ], [ -96.331626892089844, 27.509550094604492 ], [ -96.338600158691406, 27.50684928894043 ], [ -96.789352416992188, 27.363580703735352 ], [ -96.807868957519531, 27.362009048461914 ], [ -96.822738647460938, 27.361879348754883 ] ] ] } },
{ "type": "Feature", "properties": { "cluster_id": 167 }, "geometry": { "type": "Polygon", "coordinates": [ [ [ -64.840049743652344, 17.586219787597656 ], [ -64.959297180175781, 17.589870452880859 ], [ -64.945030212402344, 17.704189300537109 ], [ -64.934921264648438, 17.72252082824707 ], [ -64.555732727050781, 17.694259643554688 ], [ -64.619163513183594, 17.666860580444336 ], [ -64.791030883789062, 17.600620269775391 ], [ -64.840049743652344, 17.586219787597656 ] ] ] } },
{ "type": "Feature", "properties": { "cluster_id": 82 }, "geometry": { "type": "Polygon", "coordinates": [ [ [ -157.90118408203125, 21.178840637207031 ], [ -158.2703857421875, 21.225030899047852 ], [ -158.279220581054688, 21.234420776367188 ], [ -158.1783447265625, 21.314590454101562 ], [ -158.175735473632812, 21.315479278564453 ], [ -157.967132568359375, 21.367769241333008 ], [ -157.965927124023438, 21.367700576782227 ], [ -157.942794799804688, 21.364360809326172 ], [ -157.8665771484375, 21.303829193115234 ], [ -157.8653564453125, 21.301780700683594 ], [ -157.8519287109375, 21.227809906005859 ], [ -157.875823974609375, 21.180719375610352 ], [ -157.892913818359375, 21.179410934448242 ], [ -157.90118408203125, 21.178840637207031 ] ] ] } },
{ "type": "Feature", "properties": { "cluster_id": 20 }, "geometry": { "type": "Polygon", "coordinates": [ [ [ -75.608352661132812, 36.70281982421875 ], [ -75.6617431640625, 36.705638885498047 ], [ -76.290756225585938, 36.798030853271484 ], [ -76.292381286621094, 36.798450469970703 ], [ -76.432640075683594, 36.964420318603516 ], [ -76.435066223144531, 36.968021392822266 ], [ -76.1409912109375, 37.494770050048828 ], [ -76.044143676757812, 37.563819885253906 ], [ -76.042976379394531, 37.563690185546875 ], [ -76.042060852050781, 37.563411712646484 ], [ -76.038002014160156, 37.5606689453125 ], [ -75.1385498046875, 36.937980651855469 ], [ -75.176666259765625, 36.773330688476562 ], [ -75.193260192871094, 36.763801574707031 ], [ -75.608352661132812, 36.70281982421875 ] ] ] } },
{ "type": "Feature", "properties": { "cluster_id": 33 }, "geometry": { "type": "Polygon", "coordinates": [ [ [ -117.223159790039062, 32.534111022949219 ], [ -117.290512084960938, 32.539581298828125 ], [ -117.49920654296875, 32.633399963378906 ], [ -117.507423400878906, 32.644809722900391 ], [ -117.46185302734375, 32.702510833740234 ], [ -117.223670959472656, 32.723781585693359 ], [ -117.191551208496094, 32.723121643066406 ], [ -117.174400329589844, 32.718189239501953 ], [ -117.132957458496094, 32.686408996582031 ], [ -117.123779296875, 32.675800323486328 ], [ -117.123641967773438, 32.675548553466797 ], [ -117.123619079589844, 32.675498962402344 ], [ -117.119400024414062, 32.662181854248047 ], [ -117.223159790039062, 32.534111022949219 ] ] ] } },
{ "type": "Feature", "properties": { "cluster_id": 2 }, "geometry": { "type": "Polygon", "coordinates": [ [ [ -80.587799072265625, 24.153280258178711 ], [ -80.642448425292969, 24.164680480957031 ], [ -81.338249206542969, 24.444679260253906 ], [ -81.332481384277344, 24.465259552001953 ], [ -79.95697021484375, 26.993429183959961 ], [ -79.47705078125, 27.114500045776367 ], [ -79.332061767578125, 27.117700576782227 ], [ -79.288528442382812, 27.117279052734375 ], [ -78.146781921386719, 26.107820510864258 ], [ -78.119926452636719, 25.969699859619141 ], [ -79.518211364746094, 24.541980743408203 ], [ -80.476707458496094, 24.160900115966797 ], [ -80.587799072265625, 24.153280258178711 ] ] ] } },
{ "type": "Feature", "properties": { "cluster_id": 24 }, "geometry": { "type": "Polygon", "coordinates": [ [ [ -89.880409240722656, 27.358449935913086 ], [ -89.924331665039062, 27.369770050048828 ], [ -89.983497619628906, 27.400669097900391 ], [ -90.057060241699219, 27.445560455322266 ], [ -90.089767456054688, 27.553159713745117 ], [ -90.0909423828125, 27.557989120483398 ], [ -89.899681091308594, 27.57151985168457 ], [ -89.80859375, 27.392429351806641 ], [ -89.807426452636719, 27.367349624633789 ], [ -89.866401672363281, 27.359319686889648 ], [ -89.880409240722656, 27.358449935913086 ] ] ] } },
{ "type": "Feature", "properties": { "cluster_id": 8 }, "geometry": { "type": "Polygon", "coordinates": [ [ [ -88.973098754882812, 28.078880310058594 ], [ -89.11309814453125, 28.085369110107422 ], [ -89.346832275390625, 28.152669906616211 ], [ -91.164688110351562, 30.188180923461914 ], [ -91.230796813964844, 30.292829513549805 ], [ -91.232032775878906, 30.2947998046875 ], [ -91.233551025390625, 30.300069808959961 ], [ -91.246566772460938, 30.354339599609375 ], [ -91.246658325195312, 30.357500076293945 ], [ -91.24658203125, 30.358400344848633 ], [ -91.246337890625, 30.360479354858398 ], [ -91.24603271484375, 30.361909866333008 ], [ -91.24542236328125, 30.363580703735352 ], [ -91.198257446289062, 30.469430923461914 ], [ -89.925010681152344, 29.920890808105469 ], [ -89.922119140625, 29.919519424438477 ], [ -89.918266296386719, 29.917179107666016 ], [ -89.2940673828125, 29.231529235839844 ], [ -89.283699035644531, 29.218179702758789 ], [ -89.278953552246094, 29.211729049682617 ], [ -89.002540588378906, 28.774030685424805 ], [ -88.824668884277344, 28.291669845581055 ], [ -88.959243774414062, 28.086999893188477 ], [ -88.969673156738281, 28.080329895019531 ], [ -88.973098754882812, 28.078880310058594 ] ] ] } },
{ "type": "Feature", "properties": { "cluster_id": 14 }, "geometry": { "type": "Polygon", "coordinates": [ [ [ -117.783203125, 32.534469604492188 ], [ -117.821151733398438, 32.542270660400391 ], [ -118.20098876953125, 32.682140350341797 ], [ -118.892997741699219, 33.737331390380859 ], [ -118.905143737792969, 33.869869232177734 ], [ -118.463432312011719, 33.909248352050781 ], [ -118.462028503417969, 33.909130096435547 ], [ -118.114891052246094, 33.755889892578125 ], [ -118.092247009277344, 33.735809326171875 ], [ -117.563858032226562, 32.841098785400391 ], [ -117.7689208984375, 32.538608551025391 ], [ -117.783203125, 32.534469604492188 ] ] ] } },
{ "type": "Feature", "properties": { "cluster_id": 130 }, "geometry": { "type": "Polygon", "coordinates": [ [ [ -122.214210510253906, 37.505790710449219 ], [ -122.214546203613281, 37.506111145019531 ], [ -122.201950073242188, 37.559551239013672 ], [ -122.197349548339844, 37.556648254394531 ], [ -122.1961669921875, 37.555019378662109 ], [ -122.19451904296875, 37.552570343017578 ], [ -122.192947387695312, 37.533828735351562 ], [ -122.193977355957031, 37.530799865722656 ], [ -122.211952209472656, 37.507160186767578 ], [ -122.211967468261719, 37.50714111328125 ], [ -122.214210510253906, 37.505790710449219 ] ] ] } },
{ "type": "Feature", "properties": { "cluster_id": 40 }, "geometry": { "type": "Polygon", "coordinates": [ [ [ -123.121330261230469, 37.471828460693359 ], [ -123.228569030761719, 37.480289459228516 ], [ -123.276199340820312, 37.4918212890625 ], [ -122.819473266601562, 37.791770935058594 ], [ -122.381607055664062, 38.028858184814453 ], [ -122.373039245605469, 38.033008575439453 ], [ -122.332237243652344, 38.050579071044922 ], [ -122.325531005859375, 38.052448272705078 ], [ -122.321037292480469, 38.053428649902344 ], [ -122.299003601074219, 38.056880950927734 ], [ -122.265922546386719, 38.061561584472656 ], [ -122.255218505859375, 38.062969207763672 ], [ -122.249946594238281, 38.063480377197266 ], [ -121.613616943359375, 38.104499816894531 ], [ -121.60906982421875, 38.104129791259766 ], [ -121.580421447753906, 38.097328186035156 ], [ -121.507369995117188, 38.051319122314453 ], [ -121.506271362304688, 38.05059814453125 ], [ -121.506103515625, 38.050449371337891 ], [ -121.500099182128906, 38.043731689453125 ], [ -122.336311340332031, 37.710128784179688 ], [ -123.121330261230469, 37.471828460693359 ] ] ] } },
{ "type": "Feature", "properties": { "cluster_id": 3 }, "geometry": { "type": "Polygon", "coordinates": [ [ [ -64.303001403808594, 18.081939697265625 ], [ -64.856208801269531, 18.110200881958008 ], [ -64.983673095703125, 18.125810623168945 ], [ -66.5400390625, 18.544160842895508 ], [ -66.594398498535156, 18.560049057006836 ], [ -66.5784912109375, 18.649410247802734 ], [ -66.493423461914062, 18.679229736328125 ], [ -66.135643005371094, 18.72344970703125 ], [ -66.101020812988281, 18.727680206298828 ], [ -66.058700561523438, 18.731969833374023 ], [ -66.020339965820312, 18.730470657348633 ], [ -64.58447265625, 18.587770462036133 ], [ -64.474021911621094, 18.574459075927734 ], [ -64.422172546386719, 18.565929412841797 ], [ -64.311668395996094, 18.53849983215332 ], [ -64.293670654296875, 18.526330947875977 ], [ -64.065170288085938, 18.324499130249023 ], [ -64.064498901367188, 18.16016960144043 ], [ -64.303001403808594, 18.081939697265625 ] ] ] } },
{ "type": "Feature", "properties": { "cluster_id": 63 }, "geometry": { "type": "Polygon", "coordinates": [ [ [ -76.296463012695312, 38.246730804443359 ], [ -76.384788513183594, 38.403980255126953 ], [ -76.432029724121094, 38.531288146972656 ], [ -76.602760314941406, 39.262588500976562 ], [ -76.599327087402344, 39.263999938964844 ], [ -76.579887390136719, 39.271770477294922 ], [ -76.536376953125, 39.253868103027344 ], [ -76.311416625976562, 39.156829833984375 ], [ -76.275947570800781, 38.267169952392578 ], [ -76.279556274414062, 38.260471343994141 ], [ -76.296463012695312, 38.246730804443359 ] ] ] } },
{ "type": "Feature", "properties": { "cluster_id": 38 }, "geometry": { "type": "Polygon", "coordinates": [ [ [ -84.111396789550781, 46.19683837890625 ], [ -84.152030944824219, 46.210990905761719 ], [ -84.156829833984375, 46.213668823242188 ], [ -84.158821105957031, 46.214801788330078 ], [ -84.167800903320312, 46.219940185546875 ], [ -84.545372009277344, 46.450641632080078 ], [ -84.552726745605469, 46.455459594726562 ], [ -84.567543029785156, 46.467948913574219 ], [ -84.37774658203125, 46.519180297851562 ], [ -84.327407836914062, 46.503730773925781 ], [ -84.307518005371094, 46.494171142578125 ], [ -84.304618835449219, 46.492179870605469 ], [ -84.120643615722656, 46.313449859619141 ], [ -84.120307922363281, 46.312370300292969 ], [ -84.119163513183594, 46.307949066162109 ], [ -84.110618591308594, 46.26470947265625 ], [ -84.111396789550781, 46.19683837890625 ] ] ] } },
{ "type": "Feature", "properties": { "cluster_id": 215 }, "geometry": { "type": "Polygon", "coordinates": [ [ [ -88.51177978515625, 30.329059600830078 ], [ -88.561988830566406, 30.336690902709961 ], [ -88.580146789550781, 30.348770141601562 ], [ -88.580131530761719, 30.348789215087891 ], [ -88.565879821777344, 30.366039276123047 ], [ -88.511077880859375, 30.340370178222656 ], [ -88.510353088378906, 30.336729049682617 ], [ -88.510910034179688, 30.329620361328125 ], [ -88.51177978515625, 30.329059600830078 ] ] ] } },
{ "type": "Feature", "properties": { "cluster_id": 67 }, "geometry": { "type": "Polygon", "coordinates": [ [ [ -79.244003295898438, 27.503280639648438 ], [ -79.252082824707031, 27.507280349731445 ], [ -79.256492614746094, 27.522380828857422 ], [ -79.251136779785156, 27.538900375366211 ], [ -79.206130981445312, 27.547500610351562 ], [ -79.087211608886719, 27.548660278320312 ], [ -79.061073303222656, 27.547889709472656 ], [ -79.042617797851562, 27.522930145263672 ], [ -79.040672302246094, 27.508779525756836 ], [ -79.244003295898438, 27.503280639648438 ] ] ] } },
{ "type": "Feature", "properties": { "cluster_id": 185 }, "geometry": { "type": "Polygon", "coordinates": [ [ [ -118.938179016113281, 33.881500244140625 ], [ -119.059860229492188, 33.905368804931641 ], [ -119.128379821777344, 33.929649353027344 ], [ -119.132003784179688, 33.931861877441406 ], [ -119.133453369140625, 34.013351440429688 ], [ -119.129081726074219, 34.012279510498047 ], [ -119.099250793457031, 34.001758575439453 ], [ -118.925636291503906, 33.923828125 ], [ -118.910202026367188, 33.908931732177734 ], [ -118.934219360351562, 33.882129669189453 ], [ -118.938179016113281, 33.881500244140625 ] ] ] } },
{ "type": "Feature", "properties": { "cluster_id": 34 }, "geometry": { "type": "Polygon", "coordinates": [ [ [ -119.221969604492188, 34.019760131835938 ], [ -119.444976806640625, 34.068531036376953 ], [ -120.249778747558594, 34.261749267578125 ], [ -120.266098022460938, 34.267120361328125 ], [ -120.280616760253906, 34.275150299072266 ], [ -120.282203674316406, 34.304950714111328 ], [ -119.208320617675781, 34.149650573730469 ], [ -119.207901000976562, 34.149570465087891 ], [ -119.205307006835938, 34.148571014404297 ], [ -119.203712463378906, 34.147781372070312 ], [ -119.143928527832031, 34.02069091796875 ], [ -119.221969604492188, 34.019760131835938 ] ] ] } },
{ "type": "Feature", "properties": { "cluster_id": 21 }, "geometry": { "type": "Polygon", "coordinates": [ [ [ -120.4359130859375, 34.306060791015625 ], [ -120.519981384277344, 34.314479827880859 ], [ -121.409599304199219, 34.407680511474609 ], [ -121.428520202636719, 34.440288543701172 ], [ -120.915046691894531, 34.496208190917969 ], [ -120.32269287109375, 34.322971343994141 ], [ -120.291816711425781, 34.312480926513672 ], [ -120.29443359375, 34.307308197021484 ], [ -120.4359130859375, 34.306060791015625 ] ] ] } },
{ "type": "Feature", "properties": { "cluster_id": 114 }, "geometry": { "type": "Polygon", "coordinates": [ [ [ -121.393013000488281, 34.504768371582031 ], [ -121.421592712402344, 34.505168914794922 ], [ -121.396202087402344, 34.539890289306641 ], [ -121.224800109863281, 34.544921875 ], [ -121.222328186035156, 34.533279418945312 ], [ -121.393013000488281, 34.504768371582031 ] ] ] } },
{ "type": "Feature", "properties": { "cluster_id": 73 }, "geometry": { "type": "Polygon", "coordinates": [ [ [ -122.623809814453125, 37.133590698242188 ], [ -122.767471313476562, 37.137359619140625 ], [ -122.761306762695312, 37.205051422119141 ], [ -122.728469848632812, 37.317031860351562 ], [ -122.7230224609375, 37.320968627929688 ], [ -122.664390563964844, 37.322071075439453 ], [ -122.658981323242188, 37.321029663085938 ], [ -122.65570068359375, 37.314571380615234 ], [ -122.623809814453125, 37.133590698242188 ] ] ] } },
{ "type": "Feature", "properties": { "cluster_id": 266 }, "geometry": { "type": "Polygon", "coordinates": [ [ [ -121.326217651367188, 37.950828552246094 ], [ -121.335456848144531, 37.950969696044922 ], [ -121.348541259765625, 37.954498291015625 ], [ -121.355117797851562, 37.957000732421875 ], [ -121.358222961425781, 37.958229064941406 ], [ -121.439598083496094, 37.994831085205078 ], [ -121.41912841796875, 37.995429992675781 ], [ -121.417930603027344, 37.995269775390625 ], [ -121.414093017578125, 37.994369506835938 ], [ -121.410881042480469, 37.993179321289062 ], [ -121.395301818847656, 37.987350463867188 ], [ -121.392372131347656, 37.986068725585938 ], [ -121.318702697753906, 37.953178405761719 ], [ -121.318199157714844, 37.952129364013672 ], [ -121.319847106933594, 37.951480865478516 ], [ -121.326026916503906, 37.950828552246094 ], [ -121.326217651367188, 37.950828552246094 ] ] ] } },
{ "type": "Feature", "properties": { "cluster_id": 58 }, "geometry": { "type": "Polygon", "coordinates": [ [ [ -92.581581115722656, 27.693519592285156 ], [ -92.591361999511719, 27.731109619140625 ], [ -92.635238647460938, 27.919839859008789 ], [ -92.631980895996094, 27.932519912719727 ], [ -92.625503540039062, 27.931999206542969 ], [ -92.225067138671875, 27.883150100708008 ], [ -92.2164306640625, 27.881820678710938 ], [ -92.183502197265625, 27.871669769287109 ], [ -92.203269958496094, 27.742530822753906 ], [ -92.406120300292969, 27.695880889892578 ], [ -92.581581115722656, 27.693519592285156 ] ] ] } },
{ "type": "Feature", "properties": { "cluster_id": 13 }, "geometry": { "type": "Polygon", "coordinates": [ [ [ -92.649658203125, 27.933130264282227 ], [ -92.666397094726562, 27.940650939941406 ], [ -92.699348449707031, 27.961969375610352 ], [ -93.254852294921875, 28.322429656982422 ], [ -93.763633728027344, 28.667600631713867 ], [ -93.78436279296875, 28.775289535522461 ], [ -93.785621643066406, 28.78223991394043 ], [ -93.778953552246094, 28.795459747314453 ], [ -93.544181823730469, 28.978799819946289 ], [ -93.535873413085938, 28.984720230102539 ], [ -93.418670654296875, 28.978189468383789 ], [ -93.210151672363281, 28.842880249023438 ], [ -92.867149353027344, 28.415170669555664 ], [ -92.640480041503906, 27.953220367431641 ], [ -92.636260986328125, 27.941989898681641 ], [ -92.640640258789062, 27.934219360351562 ], [ -92.649658203125, 27.933130264282227 ] ] ] } },
{ "type": "Feature", "properties": { "cluster_id": 1 }, "geometry": { "type": "Polygon", "coordinates": [ [ [ -94.417037963867188, 27.455659866333008 ], [ -94.474601745605469, 27.462909698486328 ], [ -95.021186828613281, 28.440309524536133 ], [ -95.021522521972656, 28.441640853881836 ], [ -95.288887023925781, 29.749460220336914 ], [ -95.288566589355469, 29.749860763549805 ], [ -95.288078308105469, 29.750089645385742 ], [ -95.085006713867188, 29.764259338378906 ], [ -95.08258056640625, 29.764320373535156 ], [ -95.080551147460938, 29.764249801635742 ], [ -95.078453063964844, 29.763420104980469 ], [ -95.077171325683594, 29.76283073425293 ], [ -95.074470520019531, 29.761550903320312 ], [ -95.071586608886719, 29.760049819946289 ], [ -95.022079467773438, 29.729690551757812 ], [ -94.257598876953125, 29.247200012207031 ], [ -93.811782836914062, 28.92340087890625 ], [ -93.792472839355469, 28.805629730224609 ], [ -94.250709533691406, 27.46619987487793 ], [ -94.374603271484375, 27.455680847167969 ], [ -94.417037963867188, 27.455659866333008 ] ] ] } },
{ "type": "Feature", "properties": { "cluster_id": 81 }, "geometry": { "type": "Polygon", "coordinates": [ [ [ -92.127151489257812, 27.885520935058594 ], [ -92.160850524902344, 27.886390686035156 ], [ -92.093467712402344, 27.899280548095703 ], [ -92.083473205566406, 27.900600433349609 ], [ -91.852569580078125, 27.922140121459961 ], [ -91.592430114746094, 27.932859420776367 ], [ -91.517326354980469, 27.932470321655273 ], [ -91.4844970703125, 27.931669235229492 ], [ -91.48895263671875, 27.926639556884766 ], [ -91.492813110351562, 27.924720764160156 ], [ -91.760749816894531, 27.900150299072266 ], [ -91.848068237304688, 27.894720077514648 ], [ -91.967491149902344, 27.889339447021484 ], [ -92.059280395507812, 27.886430740356445 ], [ -92.127151489257812, 27.885520935058594 ] ] ] } },
{ "type": "Feature", "properties": { "cluster_id": 45 }, "geometry": { "type": "Polygon", "coordinates": [ [ [ -91.341392517089844, 27.933919906616211 ], [ -91.410911560058594, 27.934099197387695 ], [ -91.47705078125, 27.936010360717773 ], [ -91.470138549804688, 27.951120376586914 ], [ -91.426490783691406, 27.976020812988281 ], [ -90.885551452636719, 27.980670928955078 ], [ -90.820579528808594, 27.979879379272461 ], [ -90.80169677734375, 27.977970123291016 ], [ -90.7957763671875, 27.976310729980469 ], [ -90.816886901855469, 27.945890426635742 ], [ -91.341392517089844, 27.933919906616211 ] ] ] } },
{ "type": "Feature", "properties": { "cluster_id": 57 }, "geometry": { "type": "Polygon", "coordinates": [ [ [ -90.72479248046875, 27.980890274047852 ], [ -90.787567138671875, 27.981790542602539 ], [ -90.791557312011719, 27.987619400024414 ], [ -90.789291381835938, 28.00486946105957 ], [ -90.690818786621094, 28.020929336547852 ], [ -90.110969543457031, 28.073299407958984 ], [ -90.1083984375, 28.068439483642578 ], [ -90.112678527832031, 28.009159088134766 ], [ -90.6719970703125, 27.982120513916016 ], [ -90.691818237304688, 27.981609344482422 ], [ -90.72479248046875, 27.980890274047852 ] ] ] } },
{ "type": "Feature", "properties": { "cluster_id": 124 }, "geometry": { "type": "Polygon", "coordinates": [ [ [ -89.914688110351562, 28.125019073486328 ], [ -90.06640625, 28.126010894775391 ], [ -90.099517822265625, 28.168970108032227 ], [ -90.065521240234375, 28.281179428100586 ], [ -89.903480529785156, 28.313419342041016 ], [ -89.891937255859375, 28.315710067749023 ], [ -89.888168334960938, 28.314670562744141 ], [ -89.882942199707031, 28.306179046630859 ], [ -89.871673583984375, 28.260610580444336 ], [ -89.890228271484375, 28.144550323486328 ], [ -89.903419494628906, 28.129270553588867 ], [ -89.914688110351562, 28.125019073486328 ] ] ] } },
{ "type": "Feature", "properties": { "cluster_id": 164 }, "geometry": { "type": "Polygon", "coordinates": [ [ [ -89.846412658691406, 28.365940093994141 ], [ -89.84832763671875, 28.367809295654297 ], [ -89.854179382324219, 28.374780654907227 ], [ -89.823631286621094, 28.40117073059082 ], [ -89.791107177734375, 28.411100387573242 ], [ -89.690200805664062, 28.38330078125 ], [ -89.649848937988281, 28.366060256958008 ], [ -89.846412658691406, 28.365940093994141 ] ] ] } },
{ "type": "Feature", "properties": { "cluster_id": 231 }, "geometry": { "type": "Polygon", "coordinates": [ [ [ -89.721702575683594, 28.508829116821289 ], [ -89.837867736816406, 28.533260345458984 ], [ -89.850921630859375, 28.545700073242188 ], [ -89.829887390136719, 28.586099624633789 ], [ -89.643699645996094, 28.599969863891602 ], [ -89.656196594238281, 28.542160034179688 ], [ -89.70037841796875, 28.512310028076172 ], [ -89.721702575683594, 28.508829116821289 ] ] ] } },
{ "type": "Feature", "properties": { "cluster_id": 210 }, "geometry": { "type": "Polygon", "coordinates": [ [ [ -90.014816284179688, 27.219860076904297 ], [ -90.039192199707031, 27.252519607543945 ], [ -90.035499572753906, 27.258989334106445 ], [ -90.032379150390625, 27.259550094604492 ], [ -89.999221801757812, 27.261550903320312 ], [ -89.945648193359375, 27.256999969482422 ], [ -89.910980224609375, 27.252840042114258 ], [ -89.900787353515625, 27.248790740966797 ], [ -89.897003173828125, 27.245639801025391 ], [ -89.9500732421875, 27.222719192504883 ], [ -89.964958190917969, 27.220159530639648 ], [ -90.014816284179688, 27.219860076904297 ] ] ] } },
{ "type": "Feature", "properties": { "cluster_id": 136 }, "geometry": { "type": "Polygon", "coordinates": [ [ [ -88.659767150878906, 27.502170562744141 ], [ -88.665573120117188, 27.513580322265625 ], [ -88.672523498535156, 27.548679351806641 ], [ -88.628776550292969, 27.548639297485352 ], [ -88.514183044433594, 27.547920227050781 ], [ -88.545570373535156, 27.525600433349609 ], [ -88.5968017578125, 27.514270782470703 ], [ -88.659767150878906, 27.502170562744141 ] ] ] } },
{ "type": "Feature", "properties": { "cluster_id": 29 }, "geometry": { "type": "Polygon", "coordinates": [ [ [ -81.960769653320312, 24.202049255371094 ], [ -82.162910461425781, 24.20598030090332 ], [ -82.261962890625, 24.232820510864258 ], [ -81.822319030761719, 24.553390502929688 ], [ -81.811866760253906, 24.558120727539062 ], [ -81.809318542480469, 24.558940887451172 ], [ -81.808822631835938, 24.559040069580078 ], [ -81.119468688964844, 24.384870529174805 ], [ -81.115447998046875, 24.327489852905273 ], [ -81.123542785644531, 24.312719345092773 ], [ -81.197319030761719, 24.298799514770508 ], [ -81.805633544921875, 24.212150573730469 ], [ -81.960769653320312, 24.202049255371094 ] ] ] } },
{ "type": "Feature", "properties": { "cluster_id": 261 }, "geometry": { "type": "Polygon", "coordinates": [ [ [ -82.466087341308594, 24.29210090637207 ], [ -82.47869873046875, 24.306600570678711 ], [ -82.472862243652344, 24.325849533081055 ], [ -82.45404052734375, 24.330080032348633 ], [ -82.271102905273438, 24.336889266967773 ], [ -82.308387756347656, 24.318340301513672 ], [ -82.384910583496094, 24.298320770263672 ], [ -82.466087341308594, 24.29210090637207 ] ] ] } },
{ "type": "Feature", "properties": { "cluster_id": 28 }, "geometry": { "type": "Polygon", "coordinates": [ [ [ -83.147262573242188, 27.45673942565918 ], [ -83.647377014160156, 27.59136962890625 ], [ -82.525413513183594, 27.788330078125 ], [ -82.510200500488281, 27.788290023803711 ], [ -82.563163757324219, 27.627420425415039 ], [ -83.053863525390625, 27.462940216064453 ], [ -83.0794677734375, 27.459360122680664 ], [ -83.147262573242188, 27.45673942565918 ] ] ] } },
{ "type": "Feature", "properties": { "cluster_id": 223 }, "geometry": { "type": "Polygon", "coordinates": [ [ [ -82.494979858398438, 27.793170928955078 ], [ -82.447273254394531, 27.942230224609375 ], [ -82.443389892578125, 27.954000473022461 ], [ -82.441963195800781, 27.954519271850586 ], [ -82.391181945800781, 27.855779647827148 ], [ -82.406639099121094, 27.807899475097656 ], [ -82.494979858398438, 27.793170928955078 ] ] ] } },
{ "type": "Feature", "properties": { "cluster_id": 205 }, "geometry": { "type": "Polygon", "coordinates": [ [ [ -85.766822814941406, 30.041780471801758 ], [ -85.785820007324219, 30.045150756835938 ], [ -85.785209655761719, 30.060459136962891 ], [ -85.782341003417969, 30.068470001220703 ], [ -85.732940673828125, 30.182699203491211 ], [ -85.732917785644531, 30.182699203491211 ], [ -85.682876586914062, 30.149450302124023 ], [ -85.68182373046875, 30.145320892333984 ], [ -85.682586669921875, 30.144269943237305 ], [ -85.766822814941406, 30.041780471801758 ] ] ] } },
{ "type": "Feature", "properties": { "cluster_id": 217 }, "geometry": { "type": "Polygon", "coordinates": [ [ [ -117.629020690917969, 32.391799926757812 ], [ -117.678329467773438, 32.392669677734375 ], [ -117.71746826171875, 32.402130126953125 ], [ -117.739578247070312, 32.408878326416016 ], [ -117.938186645507812, 32.471118927001953 ], [ -117.836807250976562, 32.480300903320312 ], [ -117.779930114746094, 32.484409332275391 ], [ -117.749237060546875, 32.484020233154297 ], [ -117.6851806640625, 32.482631683349609 ], [ -117.657806396484375, 32.481369018554688 ], [ -117.602882385253906, 32.414451599121094 ], [ -117.591087341308594, 32.395961761474609 ], [ -117.629020690917969, 32.391799926757812 ] ] ] } },
{ "type": "Feature", "properties": { "cluster_id": 242 }, "geometry": { "type": "Polygon", "coordinates": [ [ [ -74.617446899414062, 37.899948120117188 ], [ -74.661666870117188, 37.900669097900391 ], [ -74.643623352050781, 37.924999237060547 ], [ -74.6343994140625, 37.930301666259766 ], [ -74.607078552246094, 37.940479278564453 ], [ -74.586601257324219, 37.944091796875 ], [ -74.456268310546875, 37.944171905517578 ], [ -74.444572448730469, 37.930938720703125 ], [ -74.45184326171875, 37.910919189453125 ], [ -74.470748901367188, 37.904361724853516 ], [ -74.617446899414062, 37.899948120117188 ] ] ] } },
{ "type": "Feature", "properties": { "cluster_id": 156 }, "geometry": { "type": "Polygon", "coordinates": [ [ [ -74.731117248535156, 38.379810333251953 ], [ -74.882827758789062, 38.618148803710938 ], [ -74.889938354492188, 38.631061553955078 ], [ -74.865669250488281, 38.663871765136719 ], [ -74.2271728515625, 38.518230438232422 ], [ -74.205482482910156, 38.512401580810547 ], [ -74.226287841796875, 38.485820770263672 ], [ -74.683326721191406, 38.382831573486328 ], [ -74.731117248535156, 38.379810333251953 ] ] ] } },
{ "type": "Feature", "properties": { "cluster_id": 15 }, "geometry": { "type": "Polygon", "coordinates": [ [ [ -74.931838989257812, 38.672470092773438 ], [ -74.944969177246094, 38.681499481201172 ], [ -75.030723571777344, 38.761001586914062 ], [ -75.035598754882812, 38.765979766845703 ], [ -75.043182373046875, 38.775398254394531 ], [ -75.184310913085938, 38.950820922851562 ], [ -75.349136352539062, 39.273960113525391 ], [ -75.349449157714844, 39.274700164794922 ], [ -75.333732604980469, 39.261020660400391 ], [ -75.311241149902344, 39.2412109375 ], [ -75.301048278808594, 39.231479644775391 ], [ -74.893669128417969, 38.761028289794922 ], [ -74.897430419921875, 38.699859619140625 ], [ -74.899787902832031, 38.696651458740234 ], [ -74.92462158203125, 38.673679351806641 ], [ -74.931838989257812, 38.672470092773438 ] ] ] } },
{ "type": "Feature", "properties": { "cluster_id": 0 }, "geometry": { "type": "Polygon", "coordinates": [ [ [ -75.367996215820312, 39.289669036865234 ], [ -75.371589660644531, 39.291149139404297 ], [ -75.786529541015625, 39.53472900390625 ], [ -75.457389831542969, 39.785308837890625 ], [ -75.422340393066406, 39.804969787597656 ], [ -75.340789794921875, 39.850128173828125 ], [ -75.132858276367188, 39.959400177001953 ], [ -75.13275146484375, 39.958820343017578 ], [ -75.125740051269531, 39.915351867675781 ], [ -75.127487182617188, 39.903419494628906 ], [ -75.367477416992188, 39.289840698242188 ], [ -75.367996215820312, 39.289669036865234 ] ] ] } },
{ "type": "Feature", "properties": { "cluster_id": 175 }, "geometry": { "type": "Polygon", "coordinates": [ [ [ -74.637702941894531, 38.764549255371094 ], [ -74.6395263671875, 38.804279327392578 ], [ -74.610137939453125, 38.822921752929688 ], [ -74.553619384765625, 38.846298217773438 ], [ -74.530296325683594, 38.855258941650391 ], [ -74.444007873535156, 38.837879180908203 ], [ -74.439849853515625, 38.787120819091797 ], [ -74.484336853027344, 38.775829315185547 ], [ -74.502761840820312, 38.772258758544922 ], [ -74.524642944335938, 38.768680572509766 ], [ -74.573402404785156, 38.764808654785156 ], [ -74.637702941894531, 38.764549255371094 ] ] ] } },
{ "type": "Feature", "properties": { "cluster_id": 19 }, "geometry": { "type": "Polygon", "coordinates": [ [ [ -74.261161804199219, 39.098880767822266 ], [ -74.299118041992188, 39.105068206787109 ], [ -74.494758605957031, 39.218349456787109 ], [ -74.503692626953125, 39.224868774414062 ], [ -74.517532348632812, 39.240581512451172 ], [ -74.304283142089844, 39.271579742431641 ], [ -74.284126281738281, 39.264991760253906 ], [ -74.279762268066406, 39.262519836425781 ], [ -74.2398681640625, 39.239250183105469 ], [ -74.221099853515625, 39.227859497070312 ], [ -74.216682434082031, 39.221900939941406 ], [ -74.2139892578125, 39.215961456298828 ], [ -74.206016540527344, 39.171390533447266 ], [ -74.226417541503906, 39.105819702148438 ], [ -74.258468627929688, 39.099010467529297 ], [ -74.261161804199219, 39.098880767822266 ] ] ] } },
{ "type": "Feature", "properties": { "cluster_id": 228 }, "geometry": { "type": "Polygon", "coordinates": [ [ [ -73.704971313476562, 39.62567138671875 ], [ -73.721328735351562, 39.628398895263672 ], [ -73.730850219726562, 39.746849060058594 ], [ -73.6910400390625, 39.763568878173828 ], [ -73.658157348632812, 39.767158508300781 ], [ -73.558746337890625, 39.739631652832031 ], [ -73.541496276855469, 39.734519958496094 ], [ -73.540451049804688, 39.732879638671875 ], [ -73.518722534179688, 39.686649322509766 ], [ -73.514701843261719, 39.673671722412109 ], [ -73.514320373535156, 39.671329498291016 ], [ -73.542922973632812, 39.658321380615234 ], [ -73.625068664550781, 39.62908935546875 ], [ -73.673973083496094, 39.625679016113281 ], [ -73.704971313476562, 39.62567138671875 ] ] ] } },
{ "type": "Feature", "properties": { "cluster_id": 49 }, "geometry": { "type": "Polygon", "coordinates": [ [ [ -73.824211120605469, 40.153568267822266 ], [ -73.8294677734375, 40.1544189453125 ], [ -74.251693725585938, 40.492580413818359 ], [ -74.253326416015625, 40.494499206542969 ], [ -74.257827758789062, 40.501331329345703 ], [ -74.258827209472656, 40.504001617431641 ], [ -74.259002685546875, 40.506999969482422 ], [ -74.254058837890625, 40.540599822998047 ], [ -74.251502990722656, 40.548000335693359 ], [ -74.25067138671875, 40.549831390380859 ], [ -74.200721740722656, 40.633049011230469 ], [ -74.193717956542969, 40.64141845703125 ], [ -74.146141052246094, 40.697338104248047 ], [ -73.962516784667969, 40.822761535644531 ], [ -73.898170471191406, 40.805328369140625 ], [ -73.897171020507812, 40.804828643798828 ], [ -73.296501159667969, 40.485378265380859 ], [ -73.743019104003906, 40.156051635742188 ], [ -73.824211120605469, 40.153568267822266 ] ] ] } },
{ "type": "Feature", "properties": { "cluster_id": 253 }, "geometry": { "type": "Polygon", "coordinates": [ [ [ -73.906478881835938, 39.241981506347656 ], [ -73.966026306152344, 39.248020172119141 ], [ -73.950057983398438, 39.276039123535156 ], [ -73.913673400878906, 39.288749694824219 ], [ -73.769500732421875, 39.282081604003906 ], [ -73.742202758789062, 39.271900177001953 ], [ -73.906478881835938, 39.241981506347656 ] ] ] } },
{ "type": "Feature", "properties": { "cluster_id": 233 }, "geometry": { "type": "Polygon", "coordinates": [ [ [ -75.034202575683594, 35.364311218261719 ], [ -75.119529724121094, 35.403530120849609 ], [ -75.075729370117188, 35.406280517578125 ], [ -74.990631103515625, 35.403671264648438 ], [ -74.95086669921875, 35.396511077880859 ], [ -74.8974609375, 35.381248474121094 ], [ -74.901451110839844, 35.374748229980469 ], [ -74.907447814941406, 35.368148803710938 ], [ -74.996002197265625, 35.365119934082031 ], [ -75.034202575683594, 35.364311218261719 ] ] ] } },
{ "type": "Feature", "properties": { "cluster_id": 64 }, "geometry": { "type": "Polygon", "coordinates": [ [ [ -75.132972717285156, 34.936351776123047 ], [ -75.348648071289062, 34.944908142089844 ], [ -75.338668823242188, 35.005069732666016 ], [ -75.322418212890625, 35.082511901855469 ], [ -75.240196228027344, 35.195930480957031 ], [ -75.217521667480469, 35.213821411132812 ], [ -75.03582763671875, 35.213829040527344 ], [ -74.962303161621094, 35.199531555175781 ], [ -75.000053405761719, 35.055778503417969 ], [ -75.001579284667969, 35.050270080566406 ], [ -75.003646850585938, 35.046298980712891 ], [ -75.006431579589844, 35.042800903320312 ], [ -75.012130737304688, 35.037528991699219 ], [ -75.132972717285156, 34.936351776123047 ] ] ] } },
{ "type": "Feature", "properties": { "cluster_id": 259 }, "geometry": { "type": "Polygon", "coordinates": [ [ [ -77.435928344726562, 33.347850799560547 ], [ -77.506622314453125, 33.349418640136719 ], [ -77.573173522949219, 33.364879608154297 ], [ -77.6490478515625, 33.395401000976562 ], [ -77.628890991210938, 33.440021514892578 ], [ -77.547882080078125, 33.440170288085938 ], [ -77.496330261230469, 33.435829162597656 ], [ -77.460563659667969, 33.423118591308594 ], [ -77.428016662597656, 33.362991333007812 ], [ -77.432052612304688, 33.3489990234375 ], [ -77.435928344726562, 33.347850799560547 ] ] ] } },
{ "type": "Feature", "properties": { "cluster_id": 51 }, "geometry": { "type": "Polygon", "coordinates": [ [ [ -79.529052734375, 32.437931060791016 ], [ -79.628021240234375, 32.441448211669922 ], [ -79.633872985839844, 32.44451904296875 ], [ -79.923370361328125, 32.780780792236328 ], [ -79.965057373046875, 32.872501373291016 ], [ -79.965950012207031, 32.875911712646484 ], [ -79.966522216796875, 32.879890441894531 ], [ -79.966087341308594, 32.884368896484375 ], [ -79.965423583984375, 32.887569427490234 ], [ -79.964027404785156, 32.892940521240234 ], [ -79.963493347167969, 32.894760131835938 ], [ -79.960800170898438, 32.900848388671875 ], [ -79.958419799804688, 32.902881622314453 ], [ -79.954849243164062, 32.905311584472656 ], [ -79.951812744140625, 32.907188415527344 ], [ -79.950302124023438, 32.907730102539062 ], [ -79.942947387695312, 32.909351348876953 ], [ -79.046112060546875, 32.626228332519531 ], [ -79.049400329589844, 32.611000061035156 ], [ -79.056251525878906, 32.603378295898438 ], [ -79.308326721191406, 32.442550659179688 ], [ -79.529052734375, 32.437931060791016 ] ] ] } },
{ "type": "Feature", "properties": { "cluster_id": 135 }, "geometry": { "type": "Polygon", "coordinates": [ [ [ -79.643577575683594, 32.293949127197266 ], [ -79.726371765136719, 32.30059814453125 ], [ -79.692489624023438, 32.346458435058594 ], [ -79.674972534179688, 32.368579864501953 ], [ -79.6246337890625, 32.378631591796875 ], [ -79.512680053710938, 32.380138397216797 ], [ -79.507652282714844, 32.344779968261719 ], [ -79.615196228027344, 32.297298431396484 ], [ -79.643577575683594, 32.293949127197266 ] ] ] } },
{ "type": "Feature", "properties": { "cluster_id": 62 }, "geometry": { "type": "Polygon", "coordinates": [ [ [ -79.850059509277344, 32.201858520507812 ], [ -79.954261779785156, 32.222789764404297 ], [ -79.926856994628906, 32.245368957519531 ], [ -79.895980834960938, 32.245449066162109 ], [ -79.795639038085938, 32.242938995361328 ], [ -79.769599914550781, 32.229900360107422 ], [ -79.761383056640625, 32.211101531982422 ], [ -79.815948486328125, 32.203178405761719 ], [ -79.850059509277344, 32.201858520507812 ] ] ] } },
{ "type": "Feature", "properties": { "cluster_id": 9 }, "geometry": { "type": "Polygon", "coordinates": [ [ [ -80.431968688964844, 31.816120147705078 ], [ -80.605918884277344, 31.820610046386719 ], [ -80.632400512695312, 31.826419830322266 ], [ -81.094329833984375, 32.084278106689453 ], [ -81.095733642578125, 32.085189819335938 ], [ -81.0989990234375, 32.087329864501953 ], [ -81.1021728515625, 32.090499877929688 ], [ -81.109169006347656, 32.098011016845703 ], [ -81.008186340332031, 32.101779937744141 ], [ -81.004226684570312, 32.101730346679688 ], [ -79.96600341796875, 32.051471710205078 ], [ -79.988059997558594, 32.011631011962891 ], [ -80.033973693847656, 31.976129531860352 ], [ -80.203666687011719, 31.906669616699219 ], [ -80.431968688964844, 31.816120147705078 ] ] ] } },
{ "type": "Feature", "properties": { "cluster_id": 218 }, "geometry": { "type": "Polygon", "coordinates": [ [ [ -81.114616394042969, 32.1019287109375 ], [ -81.116470336914062, 32.102199554443359 ], [ -81.116500854492188, 32.102218627929688 ], [ -81.116676330566406, 32.102378845214844 ], [ -81.11669921875, 32.102401733398438 ], [ -81.132347106933594, 32.118900299072266 ], [ -81.140678405761719, 32.129920959472656 ], [ -81.142730712890625, 32.134971618652344 ], [ -81.143096923828125, 32.138721466064453 ], [ -81.142486572265625, 32.138931274414062 ], [ -81.142196655273438, 32.138999938964844 ], [ -81.114723205566406, 32.102218627929688 ], [ -81.114616394042969, 32.1019287109375 ] ] ] } },
{ "type": "Feature", "properties": { "cluster_id": 71 }, "geometry": { "type": "Polygon", "coordinates": [ [ [ -80.48822021484375, 31.479730606079102 ], [ -80.620429992675781, 31.502710342407227 ], [ -80.652099609375, 31.509880065917969 ], [ -80.507476806640625, 31.525999069213867 ], [ -80.447502136230469, 31.509670257568359 ], [ -80.454498291015625, 31.497329711914062 ], [ -80.48822021484375, 31.479730606079102 ] ] ] } },
{ "type": "Feature", "properties": { "cluster_id": 105 }, "geometry": { "type": "Polygon", "coordinates": [ [ [ -79.880027770996094, 27.605869293212891 ], [ -79.922996520996094, 27.610679626464844 ], [ -79.929000854492188, 27.643829345703125 ], [ -79.922126770019531, 27.644859313964844 ], [ -79.821380615234375, 27.644329071044922 ], [ -79.738426208496094, 27.618230819702148 ], [ -79.774208068847656, 27.612070083618164 ], [ -79.848297119140625, 27.607450485229492 ], [ -79.880027770996094, 27.605869293212891 ] ] ] } },
{ "type": "Feature", "properties": { "cluster_id": 257 }, "geometry": { "type": "Polygon", "coordinates": [ [ [ -79.917778015136719, 26.351650238037109 ], [ -79.956016540527344, 26.382419586181641 ], [ -79.956253051757812, 26.39369010925293 ], [ -79.858360290527344, 26.397300720214844 ], [ -79.824607849121094, 26.396650314331055 ], [ -79.773918151855469, 26.393730163574219 ], [ -79.738372802734375, 26.387430191040039 ], [ -79.776931762695312, 26.372629165649414 ], [ -79.818351745605469, 26.363809585571289 ], [ -79.85784912109375, 26.355869293212891 ], [ -79.917778015136719, 26.351650238037109 ] ] ] } },
{ "type": "Feature", "properties": { "cluster_id": 23 }, "geometry": { "type": "Polygon", "coordinates": [ [ [ -81.972618103027344, 23.668319702148438 ], [ -82.294029235839844, 23.669500350952148 ], [ -82.483238220214844, 23.670209884643555 ], [ -82.487129211425781, 23.675270080566406 ], [ -82.496788024902344, 23.750209808349609 ], [ -82.484413146972656, 23.761600494384766 ], [ -81.768692016601562, 23.847190856933594 ], [ -81.227882385253906, 23.904050827026367 ], [ -81.138717651367188, 23.904319763183594 ], [ -81.115081787109375, 23.892669677734375 ], [ -81.133468627929688, 23.830360412597656 ], [ -81.166221618652344, 23.800670623779297 ], [ -81.219017028808594, 23.764219284057617 ], [ -81.394676208496094, 23.721719741821289 ], [ -81.605972290039062, 23.685199737548828 ], [ -81.808952331542969, 23.672950744628906 ], [ -81.972618103027344, 23.668319702148438 ] ] ] } },
{ "type": "Feature", "properties": { "cluster_id": 18 }, "geometry": { "type": "Polygon", "coordinates": [ [ [ -130.320907592773438, 54.146881103515625 ], [ -130.590225219726562, 54.227989196777344 ], [ -130.609527587890625, 54.237339019775391 ], [ -130.27215576171875, 54.355918884277344 ], [ -130.2667236328125, 54.356170654296875 ], [ -130.265731811523438, 54.355148315429688 ], [ -130.250747680664062, 54.312648773193359 ], [ -130.250717163085938, 54.312198638916016 ], [ -130.320907592773438, 54.146881103515625 ] ] ] } },
{ "type": "Feature", "properties": { "cluster_id": 178 }, "geometry": { "type": "Polygon", "coordinates": [ [ [ -66.882362365722656, 17.77461051940918 ], [ -67.258163452148438, 17.783489227294922 ], [ -67.273979187011719, 17.799089431762695 ], [ -67.272987365722656, 17.821910858154297 ], [ -66.717796325683594, 17.819509506225586 ], [ -66.612937927246094, 17.80718994140625 ], [ -66.622032165527344, 17.780500411987305 ], [ -66.625419616699219, 17.778589248657227 ], [ -66.853416442871094, 17.774639129638672 ], [ -66.882362365722656, 17.77461051940918 ] ] ] } },
{ "type": "Feature", "properties": { "cluster_id": 72 }, "geometry": { "type": "Polygon", "coordinates": [ [ [ -68.588790893554688, 17.918209075927734 ], [ -68.63385009765625, 17.937170028686523 ], [ -68.662269592285156, 17.955759048461914 ], [ -68.665809631347656, 17.995019912719727 ], [ -68.656089782714844, 18.047750473022461 ], [ -68.308517456054688, 18.14940071105957 ], [ -68.230300903320312, 18.153440475463867 ], [ -68.210472106933594, 18.148870468139648 ], [ -68.210739135742188, 17.918590545654297 ], [ -68.588790893554688, 17.918209075927734 ] ] ] } },
{ "type": "Feature", "properties": { "cluster_id": 263 }, "geometry": { "type": "Polygon", "coordinates": [ [ [ -67.699287414550781, 18.399770736694336 ], [ -67.744827270507812, 18.404869079589844 ], [ -67.743072509765625, 18.428400039672852 ], [ -67.639976501464844, 18.433710098266602 ], [ -67.545021057128906, 18.434959411621094 ], [ -67.541229248046875, 18.432649612426758 ], [ -67.558181762695312, 18.418479919433594 ], [ -67.602500915527344, 18.403690338134766 ], [ -67.607696533203125, 18.402700424194336 ], [ -67.699287414550781, 18.399770736694336 ] ] ] } },
{ "type": "Feature", "properties": { "cluster_id": 159 }, "geometry": { "type": "Polygon", "coordinates": [ [ [ -66.016899108886719, 17.823389053344727 ], [ -66.108001708984375, 17.857070922851562 ], [ -66.017463684082031, 17.86005973815918 ], [ -66.014747619628906, 17.859830856323242 ], [ -65.971969604492188, 17.837970733642578 ], [ -65.962257385253906, 17.83152961730957 ], [ -65.962196350097656, 17.830320358276367 ], [ -65.964569091796875, 17.824319839477539 ], [ -66.016899108886719, 17.823389053344727 ] ] ] } },
{ "type": "Feature", "properties": { "cluster_id": 131 }, "geometry": { "type": "Polygon", "coordinates": [ [ [ -77.434440612792969, 25.785499572753906 ], [ -77.651329040527344, 25.789670944213867 ], [ -77.886482238769531, 25.863079071044922 ], [ -78.110481262207031, 25.944269180297852 ], [ -78.107933044433594, 25.953269958496094 ], [ -78.087081909179688, 25.961050033569336 ], [ -77.989166259765625, 25.967330932617188 ], [ -77.712173461914062, 25.968120574951172 ], [ -77.696823120117188, 25.962320327758789 ], [ -77.442047119140625, 25.836599349975586 ], [ -77.434440612792969, 25.785499572753906 ] ] ] } },
{ "type": "Feature", "properties": { "cluster_id": 176 }, "geometry": { "type": "Polygon", "coordinates": [ [ [ -78.091102600097656, 25.7977294921875 ], [ -78.091567993164062, 25.797769546508789 ], [ -78.104347229003906, 25.803329467773438 ], [ -78.106697082519531, 25.804460525512695 ], [ -78.106842041015625, 25.816080093383789 ], [ -78.10601806640625, 25.81743049621582 ], [ -77.936378479003906, 25.824129104614258 ], [ -77.935752868652344, 25.824079513549805 ], [ -78.091102600097656, 25.7977294921875 ] ] ] } },
{ "type": "Feature", "properties": { "cluster_id": 46 }, "geometry": { "type": "Polygon", "coordinates": [ [ [ -122.735618591308594, 45.566761016845703 ], [ -122.737808227539062, 45.567218780517578 ], [ -122.766181945800781, 45.585601806640625 ], [ -122.775108337402344, 45.593418121337891 ], [ -122.779533386230469, 45.598709106445312 ], [ -122.787338256835938, 45.612049102783203 ], [ -122.788749694824219, 45.614601135253906 ], [ -122.791511535644531, 45.622398376464844 ], [ -122.791358947753906, 45.628208160400391 ], [ -122.774711608886719, 45.696109771728516 ], [ -122.770156860351562, 45.707241058349609 ], [ -122.768753051757812, 45.710441589355469 ], [ -122.695640563964844, 45.630290985107422 ], [ -122.731971740722656, 45.566978454589844 ], [ -122.732948303222656, 45.566879272460938 ], [ -122.735618591308594, 45.566761016845703 ] ] ] } },
{ "type": "Feature", "properties": { "cluster_id": 111 }, "geometry": { "type": "Polygon", "coordinates": [ [ [ -122.761451721191406, 45.761341094970703 ], [ -122.790748596191406, 45.802391052246094 ], [ -122.792953491210938, 45.80548095703125 ], [ -122.795799255371094, 45.811069488525391 ], [ -122.796760559082031, 45.815319061279297 ], [ -122.810096740722656, 45.909599304199219 ], [ -122.810028076171875, 45.912319183349609 ], [ -122.806350708007812, 45.948928833007812 ], [ -122.805671691894531, 45.947879791259766 ], [ -122.783729553222656, 45.862209320068359 ], [ -122.760879516601562, 45.762790679931641 ], [ -122.761451721191406, 45.761341094970703 ] ] ] } },
{ "type": "Feature", "properties": { "cluster_id": 173 }, "geometry": { "type": "Polygon", "coordinates": [ [ [ -122.853500366210938, 46.008941650390625 ], [ -123.027778625488281, 46.141471862792969 ], [ -123.009780883789062, 46.135711669921875 ], [ -123.007087707519531, 46.134441375732422 ], [ -122.907997131347656, 46.086551666259766 ], [ -122.901939392089844, 46.083301544189453 ], [ -122.895332336425781, 46.078571319580078 ], [ -122.891769409179688, 46.074871063232422 ], [ -122.888412475585938, 46.071361541748047 ], [ -122.886947631835938, 46.069320678710938 ], [ -122.883857727050781, 46.064018249511719 ], [ -122.853569030761719, 46.0111083984375 ], [ -122.853500366210938, 46.008941650390625 ] ] ] } },
{ "type": "Feature", "properties": { "cluster_id": 36 }, "geometry": { "type": "Polygon", "coordinates": [ [ [ -123.336051940917969, 46.141780853271484 ], [ -123.342750549316406, 46.141979217529297 ], [ -123.352630615234375, 46.142921447753906 ], [ -123.358482360839844, 46.143878936767578 ], [ -123.381599426269531, 46.147769927978516 ], [ -123.38739013671875, 46.148960113525391 ], [ -123.700370788574219, 46.243808746337891 ], [ -123.700729370117188, 46.243980407714844 ], [ -123.694129943847656, 46.247409820556641 ], [ -123.690231323242188, 46.249259948730469 ], [ -123.65203857421875, 46.259380340576172 ], [ -123.646751403808594, 46.260288238525391 ], [ -123.492683410644531, 46.272998809814453 ], [ -123.48187255859375, 46.272750854492188 ], [ -123.475021362304688, 46.271530151367188 ], [ -123.122512817382812, 46.186458587646484 ], [ -123.119941711425781, 46.185829162597656 ], [ -123.054656982421875, 46.15557861328125 ], [ -123.05352783203125, 46.154708862304688 ], [ -123.053962707519531, 46.154251098632812 ], [ -123.317619323730469, 46.141960144042969 ], [ -123.336051940917969, 46.141780853271484 ] ] ] } },
{ "type": "Feature", "properties": { "cluster_id": 17 }, "geometry": { "type": "Polygon", "coordinates": [ [ [ -123.9102783203125, 46.189800262451172 ], [ -124.202438354492188, 46.190620422363281 ], [ -124.432083129882812, 46.272281646728516 ], [ -124.432426452636719, 46.272750854492188 ], [ -124.433731079101562, 46.300678253173828 ], [ -124.428390502929688, 46.317409515380859 ], [ -124.42437744140625, 46.319618225097656 ], [ -124.312599182128906, 46.320400238037109 ], [ -123.765762329101562, 46.21759033203125 ], [ -123.767158508300781, 46.216850280761719 ], [ -123.825813293457031, 46.194969177246094 ], [ -123.83251953125, 46.193901062011719 ], [ -123.898406982421875, 46.18988037109375 ], [ -123.9102783203125, 46.189800262451172 ] ] ] } },
{ "type": "Feature", "properties": { "cluster_id": 184 }, "geometry": { "type": "Polygon", "coordinates": [ [ [ -124.373847961425781, 46.156070709228516 ], [ -124.428802490234375, 46.166130065917969 ], [ -124.415138244628906, 46.184528350830078 ], [ -124.321136474609375, 46.187789916992188 ], [ -124.294258117675781, 46.187980651855469 ], [ -124.205909729003906, 46.185279846191406 ], [ -124.218399047851562, 46.160671234130859 ], [ -124.373847961425781, 46.156070709228516 ] ] ] } },
{ "type": "Feature", "properties": { "cluster_id": 125 }, "geometry": { "type": "Polygon", "coordinates": [ [ [ -75.121131896972656, 39.966789245605469 ], [ -75.052581787109375, 40.007579803466797 ], [ -75.051467895507812, 40.007888793945312 ], [ -75.06353759765625, 39.987991333007812 ], [ -75.06494140625, 39.986419677734375 ], [ -75.065689086914062, 39.985679626464844 ], [ -75.07135009765625, 39.980350494384766 ], [ -75.073158264160156, 39.979301452636719 ], [ -75.077430725097656, 39.977241516113281 ], [ -75.121131896972656, 39.966789245605469 ] ] ] } },
{ "type": "Feature", "properties": { "cluster_id": 237 }, "geometry": { "type": "Polygon", "coordinates": [ [ [ -74.888389587402344, 40.077598571777344 ], [ -74.826683044433594, 40.124908447265625 ], [ -74.824569702148438, 40.126449584960938 ], [ -74.819938659667969, 40.127918243408203 ], [ -74.754989624023438, 40.139381408691406 ], [ -74.752922058105469, 40.135719299316406 ], [ -74.780998229980469, 40.122039794921875 ], [ -74.862998962402344, 40.082759857177734 ], [ -74.864921569824219, 40.081951141357422 ], [ -74.866127014160156, 40.081470489501953 ], [ -74.888092041015625, 40.077640533447266 ], [ -74.888389587402344, 40.077598571777344 ] ] ] } },
{ "type": "Feature", "properties": { "cluster_id": 280 }, "geometry": { "type": "Polygon", "coordinates": [ [ [ -79.060432434082031, 32.107730865478516 ], [ -79.268508911132812, 32.114601135253906 ], [ -79.265068054199219, 32.117729187011719 ], [ -79.194770812988281, 32.148571014404297 ], [ -79.09771728515625, 32.146549224853516 ], [ -79.071182250976562, 32.139228820800781 ], [ -79.043899536132812, 32.119270324707031 ], [ -79.045883178710938, 32.109771728515625 ], [ -79.060432434082031, 32.107730865478516 ] ] ] } },
{ "type": "Feature", "properties": { "cluster_id": 25 }, "geometry": { "type": "Polygon", "coordinates": [ [ [ -80.729881286621094, 24.105230331420898 ], [ -80.821540832519531, 24.111509323120117 ], [ -80.849632263183594, 24.138700485229492 ], [ -80.844818115234375, 24.146629333496094 ], [ -80.673751831054688, 24.146030426025391 ], [ -80.659881591796875, 24.142299652099609 ], [ -80.729881286621094, 24.105230331420898 ] ] ] } },
{ "type": "Feature", "properties": { "cluster_id": 239 }, "geometry": { "type": "Polygon", "coordinates": [ [ [ -82.217903137207031, 23.624130249023438 ], [ -82.23516845703125, 23.633199691772461 ], [ -82.245498657226562, 23.652999877929688 ], [ -82.243499755859375, 23.662670135498047 ], [ -82.230552673339844, 23.667839050292969 ], [ -82.086349487304688, 23.666019439697266 ], [ -82.069450378417969, 23.647199630737305 ], [ -82.061927795410156, 23.629770278930664 ], [ -82.151947021484375, 23.625360488891602 ], [ -82.217903137207031, 23.624130249023438 ] ] ] } },
{ "type": "Feature", "properties": { "cluster_id": 66 }, "geometry": { "type": "Polygon", "coordinates": [ [ [ -81.27728271484375, 30.337539672851562 ], [ -81.620597839355469, 30.348789215087891 ], [ -81.620941162109375, 30.349309921264648 ], [ -81.629936218261719, 30.375520706176758 ], [ -81.629142761230469, 30.380289077758789 ], [ -81.628303527832031, 30.383089065551758 ], [ -81.624748229980469, 30.393930435180664 ], [ -81.622840881347656, 30.396560668945312 ], [ -81.621116638183594, 30.397680282592773 ], [ -81.617340087890625, 30.399919509887695 ], [ -81.612640380859375, 30.40233039855957 ], [ -81.600578308105469, 30.408340454101562 ], [ -81.598381042480469, 30.409290313720703 ], [ -81.596656799316406, 30.409999847412109 ], [ -81.593406677246094, 30.410589218139648 ], [ -81.283218383789062, 30.444229125976562 ], [ -80.960670471191406, 30.417329788208008 ], [ -80.962593078613281, 30.41486930847168 ], [ -81.017852783203125, 30.37261962890625 ], [ -81.041488647460938, 30.358600616455078 ], [ -81.049636840820312, 30.354499816894531 ], [ -81.053993225097656, 30.353229522705078 ], [ -81.060256958007812, 30.35276985168457 ], [ -81.27728271484375, 30.337539672851562 ] ] ] } },
{ "type": "Feature", "properties": { "cluster_id": 117 }, "geometry": { "type": "Polygon", "coordinates": [ [ [ -80.133438110351562, 27.934799194335938 ], [ -80.134811401367188, 27.935310363769531 ], [ -80.174301147460938, 27.95142936706543 ], [ -80.138221740722656, 27.979930877685547 ], [ -80.026260375976562, 27.980039596557617 ], [ -79.977241516113281, 27.948789596557617 ], [ -80.043998718261719, 27.940780639648438 ], [ -80.133438110351562, 27.934799194335938 ] ] ] } },
{ "type": "Feature", "properties": { "cluster_id": 196 }, "geometry": { "type": "Polygon", "coordinates": [ [ [ -75.015998840332031, 35.264499664306641 ], [ -75.05548095703125, 35.265190124511719 ], [ -75.121696472167969, 35.276481628417969 ], [ -75.052452087402344, 35.310039520263672 ], [ -74.894271850585938, 35.311759948730469 ], [ -74.98583984375, 35.272979736328125 ], [ -75.015998840332031, 35.264499664306641 ] ] ] } },
{ "type": "Feature", "properties": { "cluster_id": 106 }, "geometry": { "type": "Polygon", "coordinates": [ [ [ -78.186073303222656, 33.494411468505859 ], [ -78.242156982421875, 33.500690460205078 ], [ -78.278121948242188, 33.545520782470703 ], [ -78.261268615722656, 33.579261779785156 ], [ -78.247337341308594, 33.584671020507812 ], [ -78.148170471191406, 33.568241119384766 ], [ -78.125312805175781, 33.551689147949219 ], [ -78.119819641113281, 33.519420623779297 ], [ -78.132186889648438, 33.498100280761719 ], [ -78.186073303222656, 33.494411468505859 ] ] ] } },
{ "type": "Feature", "properties": { "cluster_id": 48 }, "geometry": { "type": "Polygon", "coordinates": [ [ [ -78.075408935546875, 33.732089996337891 ], [ -78.107002258300781, 33.739021301269531 ], [ -78.107681274414062, 33.784599304199219 ], [ -78.106849670410156, 33.79071044921875 ], [ -78.020370483398438, 33.910419464111328 ], [ -77.939857482910156, 34.016250610351562 ], [ -77.939720153808594, 34.016258239746094 ], [ -77.939826965332031, 34.011341094970703 ], [ -77.948692321777344, 33.971481323242188 ], [ -77.949073791503906, 33.970600128173828 ], [ -77.9498291015625, 33.968868255615234 ], [ -78.041641235351562, 33.769229888916016 ], [ -78.042930603027344, 33.766651153564453 ], [ -78.075408935546875, 33.732089996337891 ] ] ] } },
{ "type": "Feature", "properties": { "cluster_id": 101 }, "geometry": { "type": "Polygon", "coordinates": [ [ [ -77.934822082519531, 34.068958282470703 ], [ -77.960823059082031, 34.1610107421875 ], [ -77.96099853515625, 34.162330627441406 ], [ -77.960868835449219, 34.165321350097656 ], [ -77.957588195800781, 34.209918975830078 ], [ -77.955909729003906, 34.209980010986328 ], [ -77.935188293457031, 34.125049591064453 ], [ -77.93499755859375, 34.122829437255859 ], [ -77.932357788085938, 34.075790405273438 ], [ -77.934822082519531, 34.068958282470703 ] ] ] } },
{ "type": "Feature", "properties": { "cluster_id": 162 }, "geometry": { "type": "Polygon", "coordinates": [ [ [ -80.905403137207031, 29.036539077758789 ], [ -80.931907653808594, 29.059640884399414 ], [ -80.932258605957031, 29.060609817504883 ], [ -80.918853759765625, 29.077310562133789 ], [ -80.900360107421875, 29.080949783325195 ], [ -80.904830932617188, 29.041170120239258 ], [ -80.905403137207031, 29.036539077758789 ] ] ] } },
{ "type": "Feature", "properties": { "cluster_id": 94 }, "geometry": { "type": "Polygon", "coordinates": [ [ [ -80.433853149414062, 28.277280807495117 ], [ -80.650726318359375, 28.409490585327148 ], [ -80.642356872558594, 28.448570251464844 ], [ -80.638877868652344, 28.455610275268555 ], [ -80.638587951660156, 28.45564079284668 ], [ -80.429496765136719, 28.359830856323242 ], [ -80.428916931152344, 28.309829711914062 ], [ -80.42926025390625, 28.294300079345703 ], [ -80.429679870605469, 28.284650802612305 ], [ -80.433853149414062, 28.277280807495117 ] ] ] } },
{ "type": "Feature", "properties": { "cluster_id": 236 }, "geometry": { "type": "Polygon", "coordinates": [ [ [ -92.310600280761719, 27.65049934387207 ], [ -92.354087829589844, 27.651609420776367 ], [ -92.387062072753906, 27.65880012512207 ], [ -92.404838562011719, 27.669559478759766 ], [ -92.390289306640625, 27.686830520629883 ], [ -92.3779296875, 27.691299438476562 ], [ -92.229949951171875, 27.688699722290039 ], [ -92.189338684082031, 27.687870025634766 ], [ -92.197837829589844, 27.662990570068359 ], [ -92.310600280761719, 27.65049934387207 ] ] ] } },
{ "type": "Feature", "properties": { "cluster_id": 249 }, "geometry": { "type": "Polygon", "coordinates": [ [ [ -91.404098510742188, 27.265689849853516 ], [ -91.450218200683594, 27.266149520874023 ], [ -91.452560424804688, 27.266300201416016 ], [ -91.457160949707031, 27.268220901489258 ], [ -91.47015380859375, 27.275270462036133 ], [ -91.480758666992188, 27.28809928894043 ], [ -91.479393005371094, 27.304849624633789 ], [ -91.452049255371094, 27.305839538574219 ], [ -91.439903259277344, 27.298229217529297 ], [ -91.404098510742188, 27.265689849853516 ] ] ] } },
{ "type": "Feature", "properties": { "cluster_id": 99 }, "geometry": { "type": "Polygon", "coordinates": [ [ [ -79.921722412109375, 28.080320358276367 ], [ -79.93048095703125, 28.084619522094727 ], [ -79.935096740722656, 28.088649749755859 ], [ -79.955833435058594, 28.117269515991211 ], [ -79.959381103515625, 28.122749328613281 ], [ -79.732749938964844, 28.123760223388672 ], [ -79.851837158203125, 28.089580535888672 ], [ -79.921722412109375, 28.080320358276367 ] ] ] } },
{ "type": "Feature", "properties": { "cluster_id": 147 }, "geometry": { "type": "Polygon", "coordinates": [ [ [ -88.885421752929688, 27.84330940246582 ], [ -88.943702697753906, 27.883499145507812 ], [ -88.896919250488281, 27.926380157470703 ], [ -88.841339111328125, 27.92848014831543 ], [ -88.804801940917969, 27.909879684448242 ], [ -88.759567260742188, 27.881059646606445 ], [ -88.759490966796875, 27.851579666137695 ], [ -88.885421752929688, 27.84330940246582 ] ] ] } },
{ "type": "Feature", "properties": { "cluster_id": 211 }, "geometry": { "type": "Polygon", "coordinates": [ [ [ -151.388809204101562, 59.614620208740234 ], [ -151.391433715820312, 59.621559143066406 ], [ -151.391143798828125, 59.621658325195312 ], [ -151.389144897460938, 59.622261047363281 ], [ -151.385787963867188, 59.621891021728516 ], [ -151.384262084960938, 59.620861053466797 ], [ -151.385086059570312, 59.617378234863281 ], [ -151.3863525390625, 59.615749359130859 ], [ -151.388809204101562, 59.614620208740234 ] ] ] } },
{ "type": "Feature", "properties": { "cluster_id": 133 }, "geometry": { "type": "Polygon", "coordinates": [ [ [ -164.078826904296875, 54.242710113525391 ], [ -164.158843994140625, 54.246681213378906 ], [ -164.233413696289062, 54.250461578369141 ], [ -164.25152587890625, 54.255451202392578 ], [ -164.271759033203125, 54.261329650878906 ], [ -164.236312866210938, 54.279979705810547 ], [ -164.096908569335938, 54.284019470214844 ], [ -164.073211669921875, 54.249240875244141 ], [ -164.075820922851562, 54.244678497314453 ], [ -164.078826904296875, 54.242710113525391 ] ] ] } },
{ "type": "Feature", "properties": { "cluster_id": 127 }, "geometry": { "type": "Polygon", "coordinates": [ [ [ -164.585250854492188, 54.289180755615234 ], [ -164.747116088867188, 54.291110992431641 ], [ -164.746658325195312, 54.312618255615234 ], [ -164.7080078125, 54.329601287841797 ], [ -164.636825561523438, 54.324680328369141 ], [ -164.585250854492188, 54.289180755615234 ] ] ] } },
{ "type": "Feature", "properties": { "cluster_id": 59 }, "geometry": { "type": "Polygon", "coordinates": [ [ [ -88.120620727539062, 29.755899429321289 ], [ -88.256843566894531, 29.762500762939453 ], [ -88.480201721191406, 29.830400466918945 ], [ -88.516098022460938, 29.855009078979492 ], [ -88.517799377441406, 29.85630989074707 ], [ -88.527137756347656, 29.866199493408203 ], [ -88.525718688964844, 29.872390747070312 ], [ -88.447731018066406, 30.037590026855469 ], [ -88.038131713867188, 30.25963020324707 ], [ -87.952880859375, 30.046480178833008 ], [ -88.113319396972656, 29.760690689086914 ], [ -88.120620727539062, 29.755899429321289 ] ] ] } },
{ "type": "Feature", "properties": { "cluster_id": 153 }, "geometry": { "type": "Polygon", "coordinates": [ [ [ -88.492462158203125, 30.092769622802734 ], [ -88.860252380371094, 30.118249893188477 ], [ -88.865577697753906, 30.118640899658203 ], [ -88.931259155273438, 30.124130249023438 ], [ -88.935417175292969, 30.125869750976562 ], [ -88.939781188964844, 30.129610061645508 ], [ -88.944572448730469, 30.135440826416016 ], [ -88.945869445800781, 30.137079238891602 ], [ -88.505142211914062, 30.225549697875977 ], [ -88.492500305175781, 30.12384033203125 ], [ -88.492462158203125, 30.092769622802734 ] ] ] } },
{ "type": "Feature", "properties": { "cluster_id": 268 }, "geometry": { "type": "Polygon", "coordinates": [ [ [ -87.661827087402344, 29.328100204467773 ], [ -87.673027038574219, 29.329160690307617 ], [ -87.679428100585938, 29.330890655517578 ], [ -87.70758056640625, 29.357219696044922 ], [ -87.705352783203125, 29.364189147949219 ], [ -87.689483642578125, 29.362539291381836 ], [ -87.680458068847656, 29.356529235839844 ], [ -87.677200317382812, 29.352750778198242 ], [ -87.661827087402344, 29.328100204467773 ] ] ] } },
{ "type": "Feature", "properties": { "cluster_id": 251 }, "geometry": { "type": "Polygon", "coordinates": [ [ [ -123.971031188964844, 46.961471557617188 ], [ -123.966949462890625, 46.962371826171875 ], [ -123.928672790527344, 46.969280242919922 ], [ -123.924339294433594, 46.969810485839844 ], [ -123.913551330566406, 46.969921112060547 ], [ -123.87255859375, 46.967811584472656 ], [ -123.857856750488281, 46.965950012207031 ], [ -123.853111267089844, 46.964000701904297 ], [ -123.853126525878906, 46.9639892578125 ], [ -123.971031188964844, 46.961471557617188 ] ] ] } },
{ "type": "Feature", "properties": { "cluster_id": 177 }, "geometry": { "type": "Polygon", "coordinates": [ [ [ -124.187911987304688, 46.9085693359375 ], [ -124.192306518554688, 46.909580230712891 ], [ -123.987899780273438, 46.955001831054688 ], [ -124.005142211914062, 46.940788269042969 ], [ -124.012008666992188, 46.935470581054688 ], [ -124.018318176269531, 46.931041717529297 ], [ -124.024620056152344, 46.928119659423828 ], [ -124.05413818359375, 46.920791625976562 ], [ -124.143157958984375, 46.909141540527344 ], [ -124.143707275390625, 46.909130096435547 ], [ -124.187911987304688, 46.9085693359375 ] ] ] } },
{ "type": "Feature", "properties": { "cluster_id": 222 }, "geometry": { "type": "Polygon", "coordinates": [ [ [ -124.255538940429688, 46.862030029296875 ], [ -124.26312255859375, 46.862430572509766 ], [ -124.277313232421875, 46.864738464355469 ], [ -124.288131713867188, 46.867740631103516 ], [ -124.298660278320312, 46.871818542480469 ], [ -124.303672790527344, 46.875141143798828 ], [ -124.306930541992188, 46.87847900390625 ], [ -124.320068359375, 46.897518157958984 ], [ -124.324050903320312, 46.906959533691406 ], [ -124.213096618652344, 46.896659851074219 ], [ -124.215232849121094, 46.883831024169922 ], [ -124.225929260253906, 46.875171661376953 ], [ -124.239051818847656, 46.864959716796875 ], [ -124.242996215820312, 46.863250732421875 ], [ -124.255538940429688, 46.862030029296875 ] ] ] } },
{ "type": "Feature", "properties": { "cluster_id": 198 }, "geometry": { "type": "Polygon", "coordinates": [ [ [ -93.252571105957031, 28.989389419555664 ], [ -93.259178161621094, 28.989419937133789 ], [ -93.259750366210938, 28.989740371704102 ], [ -93.261260986328125, 28.9906005859375 ], [ -93.306411743164062, 29.043920516967773 ], [ -93.254241943359375, 29.079299926757812 ], [ -93.210350036621094, 29.081470489501953 ], [ -93.198051452636719, 29.06981086730957 ], [ -93.197456359863281, 29.061119079589844 ], [ -93.199798583984375, 29.002599716186523 ], [ -93.212333679199219, 28.989580154418945 ], [ -93.252571105957031, 28.989389419555664 ] ] ] } },
{ "type": "Feature", "properties": { "cluster_id": 108 }, "geometry": { "type": "Polygon", "coordinates": [ [ [ -93.218017578125, 29.275239944458008 ], [ -93.251312255859375, 29.301639556884766 ], [ -93.252799987792969, 29.303470611572266 ], [ -93.253959655761719, 29.307960510253906 ], [ -93.253822326660156, 29.325380325317383 ], [ -93.252571105957031, 29.328500747680664 ], [ -93.218017578125, 29.37013053894043 ], [ -93.212081909179688, 29.361160278320312 ], [ -93.20361328125, 29.296869277954102 ], [ -93.21038818359375, 29.278120040893555 ], [ -93.218017578125, 29.275239944458008 ] ] ] } },
{ "type": "Feature", "properties": { "cluster_id": 194 }, "geometry": { "type": "Polygon", "coordinates": [ [ [ -93.206260681152344, 29.468540191650391 ], [ -93.224227905273438, 29.478879928588867 ], [ -93.323867797851562, 29.610660552978516 ], [ -93.324928283691406, 29.612579345703125 ], [ -93.3271484375, 29.656509399414062 ], [ -93.278160095214844, 29.63170051574707 ], [ -93.2569580078125, 29.619049072265625 ], [ -93.228523254394531, 29.601419448852539 ], [ -93.215911865234375, 29.558259963989258 ], [ -93.209640502929688, 29.531440734863281 ], [ -93.206260681152344, 29.468540191650391 ] ] ] } },
{ "type": "Feature", "properties": { "cluster_id": 65 }, "geometry": { "type": "Polygon", "coordinates": [ [ [ -93.34783935546875, 29.809089660644531 ], [ -93.348426818847656, 29.814210891723633 ], [ -93.348793029785156, 29.831060409545898 ], [ -93.348739624023438, 29.831899642944336 ], [ -93.348388671875, 29.834360122680664 ], [ -93.348289489746094, 29.834060668945312 ], [ -93.34783935546875, 29.809089660644531 ] ] ] } },
{ "type": "Feature", "properties": { "cluster_id": 35 }, "geometry": { "type": "Polygon", "coordinates": [ [ [ -93.324966430664062, 30.08949089050293 ], [ -93.334320068359375, 30.110630035400391 ], [ -93.3349609375, 30.112480163574219 ], [ -93.3349609375, 30.112739562988281 ], [ -93.334709167480469, 30.145290374755859 ], [ -93.332366943359375, 30.153680801391602 ], [ -93.316886901855469, 30.177249908447266 ], [ -93.315711975097656, 30.178810119628906 ], [ -93.279617309570312, 30.221250534057617 ], [ -93.2767333984375, 30.223390579223633 ], [ -93.247108459472656, 30.232280731201172 ], [ -93.241378784179688, 30.224029541015625 ], [ -93.24078369140625, 30.223110198974609 ], [ -93.240272521972656, 30.221839904785156 ], [ -93.240867614746094, 30.219839096069336 ], [ -93.295387268066406, 30.10984992980957 ], [ -93.324966430664062, 30.08949089050293 ] ] ] } },
{ "type": "Feature", "properties": { "cluster_id": 11 }, "geometry": { "type": "Polygon", "coordinates": [ [ [ -93.620170593261719, 29.035919189453125 ], [ -93.756088256835938, 29.062950134277344 ], [ -94.08795166015625, 30.07628059387207 ], [ -94.087928771972656, 30.076320648193359 ], [ -94.084617614746094, 30.077569961547852 ], [ -94.0792236328125, 30.077810287475586 ], [ -94.06951904296875, 30.078220367431641 ], [ -94.06622314453125, 30.077920913696289 ], [ -94.065132141113281, 30.077749252319336 ], [ -94.061759948730469, 30.076459884643555 ], [ -93.862632751464844, 29.978420257568359 ], [ -93.860420227050781, 29.977140426635742 ], [ -93.858848571777344, 29.975889205932617 ], [ -93.857498168945312, 29.974079132080078 ], [ -93.85650634765625, 29.972400665283203 ], [ -93.615058898925781, 29.404029846191406 ], [ -93.569366455078125, 29.038299560546875 ], [ -93.572578430175781, 29.036029815673828 ], [ -93.620170593261719, 29.035919189453125 ] ] ] } },
{ "type": "Feature", "properties": { "cluster_id": 32 }, "geometry": { "type": "Polygon", "coordinates": [ [ [ -88.020851135253906, 30.379379272460938 ], [ -88.025001525878906, 30.484500885009766 ], [ -88.018180847167969, 30.493570327758789 ], [ -88.014839172363281, 30.46044921875 ], [ -88.013893127441406, 30.450229644775391 ], [ -88.013572692871094, 30.446380615234375 ], [ -88.013023376464844, 30.439149856567383 ], [ -88.013526916503906, 30.428810119628906 ], [ -88.015731811523438, 30.410980224609375 ], [ -88.018547058105469, 30.392980575561523 ], [ -88.020347595214844, 30.381799697875977 ], [ -88.020851135253906, 30.379379272460938 ] ] ] } },
{ "type": "Feature", "properties": { "cluster_id": 103 }, "geometry": { "type": "Polygon", "coordinates": [ [ [ -88.032577514648438, 30.616369247436523 ], [ -88.032791137695312, 30.616640090942383 ], [ -88.033157348632812, 30.617189407348633 ], [ -88.042953491210938, 30.707149505615234 ], [ -88.043350219726562, 30.727119445800781 ], [ -88.043350219726562, 30.727209091186523 ], [ -88.042449951171875, 30.727739334106445 ], [ -88.040046691894531, 30.726669311523438 ], [ -88.039306640625, 30.725709915161133 ], [ -88.039222717285156, 30.725570678710938 ], [ -88.031982421875, 30.684799194335938 ], [ -88.030601501464844, 30.664400100708008 ], [ -88.030838012695312, 30.657709121704102 ], [ -88.032402038574219, 30.616369247436523 ], [ -88.032577514648438, 30.616369247436523 ] ] ] } },
{ "type": "Feature", "properties": { "cluster_id": 118 }, "geometry": { "type": "Polygon", "coordinates": [ [ [ -88.478492736816406, 28.843610763549805 ], [ -88.478401184082031, 28.846380233764648 ], [ -88.463493347167969, 28.858009338378906 ], [ -88.457763671875, 28.861160278320312 ], [ -88.450241088867188, 28.862899780273438 ], [ -88.380882263183594, 28.874900817871094 ], [ -88.302276611328125, 28.886299133300781 ], [ -88.322662353515625, 28.869640350341797 ], [ -88.348716735839844, 28.851720809936523 ], [ -88.478492736816406, 28.843610763549805 ] ] ] } },
{ "type": "Feature", "properties": { "cluster_id": 204 }, "geometry": { "type": "Polygon", "coordinates": [ [ [ -88.451148986816406, 29.613309860229492 ], [ -88.4373779296875, 29.629400253295898 ], [ -88.357803344726562, 29.656009674072266 ], [ -88.355598449707031, 29.654769897460938 ], [ -88.353981018066406, 29.65247917175293 ], [ -88.355026245117188, 29.650869369506836 ], [ -88.451148986816406, 29.613309860229492 ] ] ] } },
{ "type": "Feature", "properties": { "cluster_id": 258 }, "geometry": { "type": "Polygon", "coordinates": [ [ [ -97.824317932128906, 22.244550704956055 ], [ -97.811653137207031, 22.25275993347168 ], [ -97.793502807617188, 22.260900497436523 ], [ -97.732223510742188, 22.276859283447266 ], [ -97.730018615722656, 22.275270462036133 ], [ -97.719306945800781, 22.265939712524414 ], [ -97.742080688476562, 22.261220932006836 ], [ -97.824317932128906, 22.244550704956055 ] ] ] } },
{ "type": "Feature", "properties": { "cluster_id": 221 }, "geometry": { "type": "Polygon", "coordinates": [ [ [ -123.083526611328125, 37.948280334472656 ], [ -123.173820495605469, 37.951370239257812 ], [ -123.182296752929688, 37.95404052734375 ], [ -123.21063232421875, 37.981979370117188 ], [ -123.220230102539062, 37.992019653320312 ], [ -123.169532775878906, 37.994400024414062 ], [ -123.160453796386719, 37.992591857910156 ], [ -123.096549987792969, 37.957820892333984 ], [ -123.083526611328125, 37.948280334472656 ] ] ] } },
{ "type": "Feature", "properties": { "cluster_id": 44 }, "geometry": { "type": "Polygon", "coordinates": [ [ [ -123.322929382324219, 38.143150329589844 ], [ -123.37982177734375, 38.146198272705078 ], [ -123.496749877929688, 38.152500152587891 ], [ -123.467277526855469, 38.213081359863281 ], [ -123.454483032226562, 38.226779937744141 ], [ -123.409957885742188, 38.235069274902344 ], [ -123.372756958007812, 38.227390289306641 ], [ -123.372268676757812, 38.227260589599609 ], [ -123.352951049804688, 38.206039428710938 ], [ -123.322929382324219, 38.143150329589844 ] ] ] } },
{ "type": "Feature", "properties": { "cluster_id": 7 }, "geometry": { "type": "Polygon", "coordinates": [ [ [ -73.540687561035156, 45.527309417724609 ], [ -73.540840148925781, 45.527519226074219 ], [ -73.540977478027344, 45.531951904296875 ], [ -73.498588562011719, 45.625438690185547 ], [ -73.451812744140625, 45.693119049072266 ], [ -73.434432983398438, 45.717571258544922 ], [ -73.424232482910156, 45.72711181640625 ], [ -73.38519287109375, 45.762569427490234 ], [ -73.371902465820312, 45.774169921875 ], [ -73.37042236328125, 45.775428771972656 ], [ -73.365951538085938, 45.778331756591797 ], [ -73.365737915039062, 45.778469085693359 ], [ -73.34033203125, 45.792018890380859 ], [ -73.513328552246094, 45.558650970458984 ], [ -73.516708374023438, 45.554458618164062 ], [ -73.524620056152344, 45.544818878173828 ], [ -73.535499572753906, 45.532501220703125 ], [ -73.540687561035156, 45.527309417724609 ] ] ] } },
{ "type": "Feature", "properties": { "cluster_id": 50 }, "geometry": { "type": "Polygon", "coordinates": [ [ [ -123.234329223632812, 37.134670257568359 ], [ -123.229362487792969, 37.152938842773438 ], [ -123.210533142089844, 37.165409088134766 ], [ -123.173988342285156, 37.178089141845703 ], [ -123.17327880859375, 37.161128997802734 ], [ -123.188728332519531, 37.137950897216797 ], [ -123.191841125488281, 37.135818481445312 ], [ -123.196746826171875, 37.135368347167969 ], [ -123.234329223632812, 37.134670257568359 ] ] ] } },
{ "type": "Feature", "properties": { "cluster_id": 188 }, "geometry": { "type": "Polygon", "coordinates": [ [ [ -123.097900390625, 37.373859405517578 ], [ -123.247756958007812, 37.395748138427734 ], [ -123.232917785644531, 37.410530090332031 ], [ -123.229141235351562, 37.413860321044922 ], [ -123.055999755859375, 37.412998199462891 ], [ -123.053672790527344, 37.404830932617188 ], [ -123.097900390625, 37.373859405517578 ] ] ] } },
{ "type": "Feature", "properties": { "cluster_id": 148 }, "geometry": { "type": "Polygon", "coordinates": [ [ [ -73.227256774902344, 40.105430603027344 ], [ -73.253196716308594, 40.122791290283203 ], [ -73.265968322753906, 40.141151428222656 ], [ -73.191856384277344, 40.15032958984375 ], [ -73.088699340820312, 40.144168853759766 ], [ -73.160369873046875, 40.113300323486328 ], [ -73.227256774902344, 40.105430603027344 ] ] ] } },
{ "type": "Feature", "properties": { "cluster_id": 248 }, "geometry": { "type": "Polygon", "coordinates": [ [ [ -74.402542114257812, 38.003219604492188 ], [ -74.416732788085938, 38.016239166259766 ], [ -74.403892517089844, 38.034149169921875 ], [ -74.210250854492188, 38.038898468017578 ], [ -74.23931884765625, 38.012691497802734 ], [ -74.362457275390625, 38.005348205566406 ], [ -74.402542114257812, 38.003219604492188 ] ] ] } },
{ "type": "Feature", "properties": { "cluster_id": 83 }, "geometry": { "type": "Polygon", "coordinates": [ [ [ -75.358238220214844, 36.564849853515625 ], [ -75.525352478027344, 36.572879791259766 ], [ -75.549186706542969, 36.575229644775391 ], [ -75.580047607421875, 36.60491943359375 ], [ -75.396759033203125, 36.599300384521484 ], [ -75.374313354492188, 36.584468841552734 ], [ -75.366958618164062, 36.5771484375 ], [ -75.358238220214844, 36.564849853515625 ] ] ] } },
{ "type": "Feature", "properties": { "cluster_id": 207 }, "geometry": { "type": "Polygon", "coordinates": [ [ [ -75.202987670898438, 36.185951232910156 ], [ -75.327217102050781, 36.190849304199219 ], [ -75.343482971191406, 36.192050933837891 ], [ -75.353302001953125, 36.198318481445312 ], [ -75.345710754394531, 36.285648345947266 ], [ -75.185829162597656, 36.310928344726562 ], [ -75.147003173828125, 36.272541046142578 ], [ -75.142082214355469, 36.267589569091797 ], [ -75.161170959472656, 36.222221374511719 ], [ -75.167327880859375, 36.215679168701172 ], [ -75.202987670898438, 36.185951232910156 ] ] ] } },
{ "type": "Feature", "properties": { "cluster_id": 78 }, "geometry": { "type": "Polygon", "coordinates": [ [ [ -75.214996337890625, 35.942169189453125 ], [ -75.222671508789062, 35.944000244140625 ], [ -75.228828430175781, 35.947498321533203 ], [ -75.237518310546875, 35.958118438720703 ], [ -75.245597839355469, 35.97296142578125 ], [ -75.26116943359375, 36.007331848144531 ], [ -75.265167236328125, 36.024330139160156 ], [ -75.262222290039062, 36.026859283447266 ], [ -75.167083740234375, 36.030620574951172 ], [ -75.130096435546875, 36.026069641113281 ], [ -75.148536682128906, 35.958518981933594 ], [ -75.214996337890625, 35.942169189453125 ] ] ] } },
{ "type": "Feature", "properties": { "cluster_id": 181 }, "geometry": { "type": "Polygon", "coordinates": [ [ [ -77.437950134277344, 33.254688262939453 ], [ -77.634429931640625, 33.264339447021484 ], [ -77.586662292480469, 33.295318603515625 ], [ -77.522621154785156, 33.294971466064453 ], [ -77.490921020507812, 33.293209075927734 ], [ -77.455459594726562, 33.273170471191406 ], [ -77.437950134277344, 33.254688262939453 ] ] ] } },
{ "type": "Feature", "properties": { "cluster_id": 85 }, "geometry": { "type": "Polygon", "coordinates": [ [ [ -77.700042724609375, 33.109699249267578 ], [ -77.884071350097656, 33.116298675537109 ], [ -77.837158203125, 33.13800048828125 ], [ -77.739479064941406, 33.147468566894531 ], [ -77.70123291015625, 33.144439697265625 ], [ -77.677963256835938, 33.113121032714844 ], [ -77.700042724609375, 33.109699249267578 ] ] ] } },
{ "type": "Feature", "properties": { "cluster_id": 70 }, "geometry": { "type": "Polygon", "coordinates": [ [ [ -126.019813537597656, 48.395050048828125 ], [ -126.028892517089844, 48.397449493408203 ], [ -126.0509033203125, 48.403751373291016 ], [ -126.267532348632812, 48.487499237060547 ], [ -126.268783569335938, 48.498561859130859 ], [ -126.1590576171875, 48.533599853515625 ], [ -125.926589965820312, 48.421199798583984 ], [ -125.926513671875, 48.419761657714844 ], [ -125.929893493652344, 48.418731689453125 ], [ -126.019813537597656, 48.395050048828125 ] ] ] } },
{ "type": "Feature", "properties": { "cluster_id": 89 }, "geometry": { "type": "Polygon", "coordinates": [ [ [ -76.099296569824219, 34.116729736328125 ], [ -76.214973449707031, 34.125118255615234 ], [ -76.232948303222656, 34.126628875732422 ], [ -76.257408142089844, 34.136959075927734 ], [ -76.223098754882812, 34.160148620605469 ], [ -76.058609008789062, 34.154621124267578 ], [ -76.052528381347656, 34.146938323974609 ], [ -76.054222106933594, 34.131729125976562 ], [ -76.099296569824219, 34.116729736328125 ] ] ] } },
{ "type": "Feature", "properties": { "cluster_id": 47 }, "geometry": { "type": "Polygon", "coordinates": [ [ [ -80.206832885742188, 31.576330184936523 ], [ -80.405502319335938, 31.57682991027832 ], [ -80.327171325683594, 31.649469375610352 ], [ -80.255828857421875, 31.669830322265625 ], [ -80.201278686523438, 31.634319305419922 ], [ -80.206832885742188, 31.576330184936523 ] ] ] } },
{ "type": "Feature", "properties": { "cluster_id": 187 }, "geometry": { "type": "Polygon", "coordinates": [ [ [ -68.055717468261719, 18.591350555419922 ], [ -68.204841613769531, 18.600540161132812 ], [ -68.195632934570312, 18.634540557861328 ], [ -68.085517883300781, 18.632219314575195 ], [ -67.991912841796875, 18.629430770874023 ], [ -67.980751037597656, 18.615629196166992 ], [ -68.007049560546875, 18.602010726928711 ], [ -68.020751953125, 18.596380233764648 ], [ -68.055717468261719, 18.591350555419922 ] ] ] } },
{ "type": "Feature", "properties": { "cluster_id": 191 }, "geometry": { "type": "Polygon", "coordinates": [ [ [ -73.540092468261719, 39.5294189453125 ], [ -73.704727172851562, 39.536380767822266 ], [ -73.710952758789062, 39.546058654785156 ], [ -73.716796875, 39.566501617431641 ], [ -73.713462829589844, 39.576908111572266 ], [ -73.5157470703125, 39.549800872802734 ], [ -73.540092468261719, 39.5294189453125 ] ] ] } },
{ "type": "Feature", "properties": { "cluster_id": 126 }, "geometry": { "type": "Polygon", "coordinates": [ [ [ -75.552947998046875, 36.654880523681641 ], [ -75.577117919921875, 36.658451080322266 ], [ -75.581428527832031, 36.669700622558594 ], [ -75.581130981445312, 36.679168701171875 ], [ -75.564079284667969, 36.701629638671875 ], [ -75.450813293457031, 36.682571411132812 ], [ -75.42791748046875, 36.670379638671875 ], [ -75.454673767089844, 36.662021636962891 ], [ -75.552947998046875, 36.654880523681641 ] ] ] } },
{ "type": "Feature", "properties": { "cluster_id": 77 }, "geometry": { "type": "Polygon", "coordinates": [ [ [ -116.777717590332031, 31.767599105834961 ], [ -116.789016723632812, 31.768829345703125 ], [ -116.800758361816406, 31.770490646362305 ], [ -116.830299377441406, 31.834999084472656 ], [ -116.827293395996094, 31.882930755615234 ], [ -116.82470703125, 31.894369125366211 ], [ -116.625190734863281, 31.855350494384766 ], [ -116.620269775390625, 31.846410751342773 ], [ -116.626167297363281, 31.824390411376953 ], [ -116.628089904785156, 31.818790435791016 ], [ -116.631187438964844, 31.816169738769531 ], [ -116.650947570800781, 31.805780410766602 ], [ -116.655349731445312, 31.803689956665039 ], [ -116.7177734375, 31.782140731811523 ], [ -116.777717590332031, 31.767599105834961 ] ] ] } },
{ "type": "Feature", "properties": { "cluster_id": 255 }, "geometry": { "type": "Polygon", "coordinates": [ [ [ -117.156463623046875, 31.574840545654297 ], [ -117.204818725585938, 31.575950622558594 ], [ -117.242828369140625, 31.587139129638672 ], [ -117.282676696777344, 31.601579666137695 ], [ -117.280158996582031, 31.667919158935547 ], [ -117.139266967773438, 31.669290542602539 ], [ -117.087333679199219, 31.667200088500977 ], [ -117.071853637695312, 31.666160583496094 ], [ -117.1280517578125, 31.58390998840332 ], [ -117.156463623046875, 31.574840545654297 ] ] ] } },
{ "type": "Feature", "properties": { "cluster_id": 79 }, "geometry": { "type": "Polygon", "coordinates": [ [ [ -95.113739013671875, 28.69965934753418 ], [ -95.3411865234375, 28.940250396728516 ], [ -95.330772399902344, 28.942329406738281 ], [ -94.98626708984375, 28.981279373168945 ], [ -94.973129272460938, 28.975000381469727 ], [ -94.943702697753906, 28.94849967956543 ], [ -94.952781677246094, 28.824869155883789 ], [ -94.957969665527344, 28.813709259033203 ], [ -95.052169799804688, 28.71068000793457 ], [ -95.097190856933594, 28.700809478759766 ], [ -95.113739013671875, 28.69965934753418 ] ] ] } },
{ "type": "Feature", "properties": { "cluster_id": 75 }, "geometry": { "type": "Polygon", "coordinates": [ [ [ -96.226097106933594, 28.364330291748047 ], [ -96.228378295898438, 28.364370346069336 ], [ -96.229202270507812, 28.364519119262695 ], [ -96.230422973632812, 28.365850448608398 ], [ -96.230148315429688, 28.366949081420898 ], [ -96.229682922363281, 28.367589950561523 ], [ -96.229400634765625, 28.367950439453125 ], [ -96.228683471679688, 28.368389129638672 ], [ -96.228500366210938, 28.368339538574219 ], [ -96.225288391113281, 28.364559173583984 ], [ -96.226097106933594, 28.364330291748047 ] ] ] } },
{ "type": "Feature", "properties": { "cluster_id": 252 }, "geometry": { "type": "Polygon", "coordinates": [ [ [ -94.916831970214844, 28.846179962158203 ], [ -94.918601989746094, 28.852720260620117 ], [ -94.917800903320312, 28.854330062866211 ], [ -94.862007141113281, 28.885360717773438 ], [ -94.844451904296875, 28.886869430541992 ], [ -94.840538024902344, 28.885290145874023 ], [ -94.839408874511719, 28.883769989013672 ], [ -94.836807250976562, 28.874229431152344 ], [ -94.834022521972656, 28.863000869750977 ], [ -94.834190368652344, 28.861160278320312 ], [ -94.836746215820312, 28.858680725097656 ], [ -94.916831970214844, 28.846179962158203 ] ] ] } },
{ "type": "Feature", "properties": { "cluster_id": 174 }, "geometry": { "type": "Polygon", "coordinates": [ [ [ -68.157997131347656, 18.158500671386719 ], [ -68.194831848144531, 18.164779663085938 ], [ -68.201553344726562, 18.179550170898438 ], [ -68.205680847167969, 18.240379333496094 ], [ -68.193710327148438, 18.253059387207031 ], [ -68.03466796875, 18.245769500732422 ], [ -68.007759094238281, 18.244039535522461 ], [ -67.986160278320312, 18.217950820922852 ], [ -67.99188232421875, 18.211009979248047 ], [ -68.040092468261719, 18.166149139404297 ], [ -68.087623596191406, 18.159690856933594 ], [ -68.157997131347656, 18.158500671386719 ] ] ] } },
{ "type": "Feature", "properties": { "cluster_id": 220 }, "geometry": { "type": "Polygon", "coordinates": [ [ [ -67.810638427734375, 18.301540374755859 ], [ -68.18817138671875, 18.30211067199707 ], [ -68.198486328125, 18.318700790405273 ], [ -68.186737060546875, 18.343830108642578 ], [ -67.818008422851562, 18.349039077758789 ], [ -67.761642456054688, 18.343379974365234 ], [ -67.765090942382812, 18.320610046386719 ], [ -67.810638427734375, 18.301540374755859 ] ] ] } },
{ "type": "Feature", "properties": { "cluster_id": 109 }, "geometry": { "type": "Polygon", "coordinates": [ [ [ -117.142936706542969, 32.342208862304688 ], [ -117.402847290039062, 32.345359802246094 ], [ -117.405899047851562, 32.355178833007812 ], [ -117.406349182128906, 32.359378814697266 ], [ -117.405662536621094, 32.364288330078125 ], [ -117.402931213378906, 32.383678436279297 ], [ -117.399421691894531, 32.386310577392578 ], [ -117.154830932617188, 32.372951507568359 ], [ -117.102897644042969, 32.353828430175781 ], [ -117.096672058105469, 32.351081848144531 ], [ -117.096046447753906, 32.349029541015625 ], [ -117.095901489257812, 32.345050811767578 ], [ -117.100303649902344, 32.344169616699219 ], [ -117.142936706542969, 32.342208862304688 ] ] ] } },
{ "type": "Feature", "properties": { "cluster_id": 201 }, "geometry": { "type": "Polygon", "coordinates": [ [ [ -80.555351257324219, 31.721330642700195 ], [ -80.589546203613281, 31.721929550170898 ], [ -80.646247863769531, 31.754060745239258 ], [ -80.606697082519531, 31.763050079345703 ], [ -80.567947387695312, 31.76460075378418 ], [ -80.515167236328125, 31.728000640869141 ], [ -80.555351257324219, 31.721330642700195 ] ] ] } },
{ "type": "Feature", "properties": { "cluster_id": 202 }, "geometry": { "type": "Polygon", "coordinates": [ [ [ -77.350257873535156, 25.733749389648438 ], [ -77.423469543457031, 25.740859985351562 ], [ -77.374046325683594, 25.761470794677734 ], [ -77.348587036132812, 25.765790939331055 ], [ -77.312042236328125, 25.768949508666992 ], [ -77.282211303710938, 25.764089584350586 ], [ -77.217018127441406, 25.749679565429688 ], [ -77.240982055664062, 25.736410140991211 ], [ -77.350257873535156, 25.733749389648438 ] ] ] } },
{ "type": "Feature", "properties": { "cluster_id": 278 }, "geometry": { "type": "Polygon", "coordinates": [ [ [ -79.993049621582031, 27.745569229125977 ], [ -80.001670837402344, 27.745670318603516 ], [ -80.020317077636719, 27.748569488525391 ], [ -80.126129150390625, 27.765180587768555 ], [ -80.066818237304688, 27.786699295043945 ], [ -80.024650573730469, 27.784530639648438 ], [ -79.974647521972656, 27.770380020141602 ], [ -79.978630065917969, 27.753499984741211 ], [ -79.984489440917969, 27.746259689331055 ], [ -79.993049621582031, 27.745569229125977 ] ] ] } },
{ "type": "Feature", "properties": { "cluster_id": 244 }, "geometry": { "type": "Polygon", "coordinates": [ [ [ -90.003997802734375, 27.93617057800293 ], [ -90.085189819335938, 27.937219619750977 ], [ -90.022598266601562, 27.980520248413086 ], [ -89.875831604003906, 27.975500106811523 ], [ -89.908889770507812, 27.942159652709961 ], [ -90.003997802734375, 27.93617057800293 ] ] ] } },
{ "type": "Feature", "properties": { "cluster_id": 179 }, "geometry": { "type": "Polygon", "coordinates": [ [ [ -117.27105712890625, 30.377799987792969 ], [ -117.282272338867188, 30.391170501708984 ], [ -117.281562805175781, 30.417449951171875 ], [ -117.252578735351562, 30.416959762573242 ], [ -117.103073120117188, 30.410720825195312 ], [ -117.27105712890625, 30.377799987792969 ] ] ] } },
{ "type": "Feature", "properties": { "cluster_id": 141 }, "geometry": { "type": "Polygon", "coordinates": [ [ [ -123.347213745117188, 36.799339294433594 ], [ -123.401222229003906, 36.834629058837891 ], [ -123.317832946777344, 36.844329833984375 ], [ -123.288421630859375, 36.807670593261719 ], [ -123.347213745117188, 36.799339294433594 ] ] ] } },
{ "type": "Feature", "properties": { "cluster_id": 277 }, "geometry": { "type": "Polygon", "coordinates": [ [ [ -77.119171142578125, 25.685329437255859 ], [ -77.132003784179688, 25.68549919128418 ], [ -77.140670776367188, 25.686670303344727 ], [ -77.153999328613281, 25.691829681396484 ], [ -77.172332763671875, 25.70067024230957 ], [ -77.192802429199219, 25.720819473266602 ], [ -77.045768737792969, 25.726640701293945 ], [ -76.982078552246094, 25.72504997253418 ], [ -76.986221313476562, 25.715169906616211 ], [ -77.013999938964844, 25.700830459594727 ], [ -77.082832336425781, 25.68617057800293 ], [ -77.119171142578125, 25.685329437255859 ] ] ] } },
{ "type": "Feature", "properties": { "cluster_id": 4 }, "geometry": { "type": "Polygon", "coordinates": [ [ [ -70.922340393066406, 42.311370849609375 ], [ -70.998832702636719, 42.334201812744141 ], [ -71.000076293945312, 42.334781646728516 ], [ -71.038063049316406, 42.355480194091797 ], [ -71.039680480957031, 42.356868743896484 ], [ -71.042121887207031, 42.35955810546875 ], [ -71.043228149414062, 42.361038208007812 ], [ -71.063247680664062, 42.38848876953125 ], [ -70.774147033691406, 42.439151763916016 ], [ -70.767196655273438, 42.440219879150391 ], [ -70.762321472167969, 42.439079284667969 ], [ -70.758079528808594, 42.436809539794922 ], [ -70.756172180175781, 42.434749603271484 ], [ -70.745246887207031, 42.422199249267578 ], [ -70.768608093261719, 42.352138519287109 ], [ -70.8497314453125, 42.325439453125 ], [ -70.864356994628906, 42.321868896484375 ], [ -70.922340393066406, 42.311370849609375 ] ] ] } },
{ "type": "Feature", "properties": { "cluster_id": 96 }, "geometry": { "type": "Polygon", "coordinates": [ [ [ -96.155746459960938, 27.410449981689453 ], [ -96.269996643066406, 27.416179656982422 ], [ -96.305099487304688, 27.428499221801758 ], [ -96.306671142578125, 27.430980682373047 ], [ -96.307891845703125, 27.437709808349609 ], [ -96.224769592285156, 27.452430725097656 ], [ -96.192779541015625, 27.448720932006836 ], [ -96.096183776855469, 27.420669555664062 ], [ -96.134536743164062, 27.410579681396484 ], [ -96.155746459960938, 27.410449981689453 ] ] ] } },
{ "type": "Feature", "properties": { "cluster_id": 54 }, "geometry": { "type": "Polygon", "coordinates": [ [ [ 144.985443115234375, 14.088939666748047 ], [ 145.006912231445312, 14.111900329589844 ], [ 145.011825561523438, 14.116649627685547 ], [ 145.109146118164062, 14.170700073242188 ], [ 145.133468627929688, 14.145299911499023 ], [ 145.146163940429688, 14.126660346984863 ], [ 145.145965576171875, 14.125280380249023 ], [ 145.135284423828125, 14.115570068359375 ], [ 145.126663208007812, 14.109550476074219 ], [ 145.118606567382812, 14.107879638671875 ], [ 144.985443115234375, 14.088939666748047 ] ] ] } },
{ "type": "Feature", "properties": { "cluster_id": 270 }, "geometry": { "type": "Polygon", "coordinates": [ [ [ -71.9415283203125, 40.494380950927734 ], [ -72.056022644042969, 40.494430541992188 ], [ -72.111473083496094, 40.514850616455078 ], [ -71.992996215820312, 40.530330657958984 ], [ -71.948501586914062, 40.530998229980469 ], [ -71.901718139648438, 40.525318145751953 ], [ -71.9415283203125, 40.494380950927734 ] ] ] } },
{ "type": "Feature", "properties": { "cluster_id": 110 }, "geometry": { "type": "Polygon", "coordinates": [ [ [ -73.26300048828125, 40.487499237060547 ], [ -73.276786804199219, 40.502170562744141 ], [ -73.2557373046875, 40.507339477539062 ], [ -73.246528625488281, 40.508670806884766 ], [ -73.057350158691406, 40.511268615722656 ], [ -73.100631713867188, 40.493251800537109 ], [ -73.204071044921875, 40.48822021484375 ], [ -73.26300048828125, 40.487499237060547 ] ] ] } },
{ "type": "Feature", "properties": { "cluster_id": 22 }, "geometry": { "type": "Polygon", "coordinates": [ [ [ -63.099998474121094, 17.967330932617188 ], [ -63.552490234375, 18.022140502929688 ], [ -63.592788696289062, 18.05327033996582 ], [ -63.598728179931641, 18.060590744018555 ], [ -63.405769348144531, 18.061199188232422 ], [ -63.255199432373047, 18.056859970092773 ], [ -63.089881896972656, 18.039579391479492 ], [ -63.089801788330078, 18.039569854736328 ], [ -63.045501708984375, 18.01283073425293 ], [ -63.044891357421875, 18.007150650024414 ], [ -63.084629058837891, 17.974079132080078 ], [ -63.099998474121094, 17.967330932617188 ] ] ] } },
{ "type": "Feature", "properties": { "cluster_id": 274 }, "geometry": { "type": "Polygon", "coordinates": [ [ [ -81.412391662597656, 19.264619827270508 ], [ -81.464630126953125, 19.276599884033203 ], [ -81.391990661621094, 19.307060241699219 ], [ -81.3895263671875, 19.303579330444336 ], [ -81.387649536132812, 19.298700332641602 ], [ -81.387680053710938, 19.298149108886719 ], [ -81.389480590820312, 19.293170928955078 ], [ -81.412391662597656, 19.264619827270508 ] ] ] } },
{ "type": "Feature", "properties": { "cluster_id": 166 }, "geometry": { "type": "Polygon", "coordinates": [ [ [ -126.690528869628906, 49.113971710205078 ], [ -126.73626708984375, 49.151149749755859 ], [ -126.576606750488281, 49.206748962402344 ], [ -126.529098510742188, 49.207801818847656 ], [ -126.513847351074219, 49.161998748779297 ], [ -126.521369934082031, 49.132919311523438 ], [ -126.639572143554688, 49.115180969238281 ], [ -126.690528869628906, 49.113971710205078 ] ] ] } },
{ "type": "Feature", "properties": { "cluster_id": 186 }, "geometry": { "type": "Polygon", "coordinates": [ [ [ -71.079483032226562, 41.0625 ], [ -71.342727661132812, 41.064170837402344 ], [ -71.412338256835938, 41.064689636230469 ], [ -71.430419921875, 41.066928863525391 ], [ -71.421401977539062, 41.150119781494141 ], [ -71.417839050292969, 41.153770446777344 ], [ -71.14959716796875, 41.249279022216797 ], [ -71.11151123046875, 41.249240875244141 ], [ -71.065292358398438, 41.240779876708984 ], [ -70.992637634277344, 41.219009399414062 ], [ -70.989723205566406, 41.217800140380859 ], [ -70.814918518066406, 41.120861053466797 ], [ -70.813812255859375, 41.119831085205078 ], [ -70.810127258300781, 41.115730285644531 ], [ -70.810111999511719, 41.114608764648438 ], [ -70.811943054199219, 41.112621307373047 ], [ -71.079483032226562, 41.0625 ] ] ] } },
{ "type": "Feature", "properties": { "cluster_id": 113 }, "geometry": { "type": "Polygon", "coordinates": [ [ [ -71.363746643066406, 41.3037109375 ], [ -71.420272827148438, 41.361019134521484 ], [ -71.417282104492188, 41.378578186035156 ], [ -71.416419982910156, 41.381118774414062 ], [ -71.351882934570312, 41.392280578613281 ], [ -71.327438354492188, 41.390541076660156 ], [ -71.21466064453125, 41.309181213378906 ], [ -71.363746643066406, 41.3037109375 ] ] ] } },
{ "type": "Feature", "properties": { "cluster_id": 197 }, "geometry": { "type": "Polygon", "coordinates": [ [ [ -71.37493896484375, 41.447761535644531 ], [ -71.377861022949219, 41.457790374755859 ], [ -71.377662658691406, 41.4586181640625 ], [ -71.355583190917969, 41.519161224365234 ], [ -71.353012084960938, 41.52117919921875 ], [ -71.327606201171875, 41.540138244628906 ], [ -71.348579406738281, 41.479770660400391 ], [ -71.348701477050781, 41.479469299316406 ], [ -71.349411010742188, 41.47808837890625 ], [ -71.35247802734375, 41.473281860351562 ], [ -71.371932983398438, 41.448951721191406 ], [ -71.37493896484375, 41.447761535644531 ] ] ] } },
{ "type": "Feature", "properties": { "cluster_id": 273 }, "geometry": { "type": "Polygon", "coordinates": [ [ [ -71.306549072265625, 41.589698791503906 ], [ -71.299583435058594, 41.626548767089844 ], [ -71.26806640625, 41.631698608398438 ], [ -71.298820495605469, 41.597568511962891 ], [ -71.306549072265625, 41.589698791503906 ] ] ] } },
{ "type": "Feature", "properties": { "cluster_id": 55 }, "geometry": { "type": "Polygon", "coordinates": [ [ [ -71.313636779785156, 41.687961578369141 ], [ -71.360099792480469, 41.726718902587891 ], [ -71.362739562988281, 41.728969573974609 ], [ -71.363838195800781, 41.730438232421875 ], [ -71.368247985839844, 41.738689422607422 ], [ -71.3760986328125, 41.759178161621094 ], [ -71.376312255859375, 41.764019012451172 ], [ -71.372802734375, 41.779090881347656 ], [ -71.37255859375, 41.779769897460938 ], [ -71.372146606445312, 41.779361724853516 ], [ -71.31427001953125, 41.689441680908203 ], [ -71.313743591308594, 41.688499450683594 ], [ -71.313636779785156, 41.687961578369141 ] ] ] } },
{ "type": "Feature", "properties": { "cluster_id": 69 }, "geometry": { "type": "Polygon", "coordinates": [ [ [ -120.182777404785156, 33.014179229736328 ], [ -120.185272216796875, 33.01422119140625 ], [ -120.132850646972656, 33.033329010009766 ], [ -120.120857238769531, 33.035930633544922 ], [ -120.07623291015625, 33.0401611328125 ], [ -120.092529296875, 33.034198760986328 ], [ -120.149749755859375, 33.018089294433594 ], [ -120.182777404785156, 33.014179229736328 ] ] ] } },
{ "type": "Feature", "properties": { "cluster_id": 140 }, "geometry": { "type": "Polygon", "coordinates": [ [ [ -119.956077575683594, 31.958940505981445 ], [ -120.030380249023438, 31.970149993896484 ], [ -120.030731201171875, 32.211219787597656 ], [ -119.956260681152344, 32.290920257568359 ], [ -119.766441345214844, 32.291469573974609 ], [ -119.544891357421875, 32.288261413574219 ], [ -119.417831420898438, 32.2835693359375 ], [ -119.41522216796875, 32.282611846923828 ], [ -119.412811279296875, 32.280410766601562 ], [ -119.41143798828125, 32.276920318603516 ], [ -119.412612915039062, 32.273120880126953 ], [ -119.416557312011719, 32.269588470458984 ], [ -119.8565673828125, 32.013729095458984 ], [ -119.956077575683594, 31.958940505981445 ] ] ] } },
{ "type": "Feature", "properties": { "cluster_id": 208 }, "geometry": { "type": "Polygon", "coordinates": [ [ [ -119.435417175292969, 32.151348114013672 ], [ -119.438720703125, 32.152011871337891 ], [ -119.590896606445312, 32.187980651855469 ], [ -119.510330200195312, 32.192909240722656 ], [ -119.385787963867188, 32.195499420166016 ], [ -119.396240234375, 32.176158905029297 ], [ -119.435417175292969, 32.151348114013672 ] ] ] } },
{ "type": "Feature", "properties": { "cluster_id": 225 }, "geometry": { "type": "Polygon", "coordinates": [ [ [ -95.858253479003906, 27.597820281982422 ], [ -95.849769592285156, 27.611770629882812 ], [ -95.805328369140625, 27.639520645141602 ], [ -95.690620422363281, 27.636020660400391 ], [ -95.648117065429688, 27.629199981689453 ], [ -95.712181091308594, 27.603200912475586 ], [ -95.858253479003906, 27.597820281982422 ] ] ] } },
{ "type": "Feature", "properties": { "cluster_id": 56 }, "geometry": { "type": "Polygon", "coordinates": [ [ [ -76.077568054199219, 37.565380096435547 ], [ -76.152420043945312, 37.573051452636719 ], [ -76.1890869140625, 37.707340240478516 ], [ -76.265716552734375, 38.173648834228516 ], [ -76.257667541503906, 38.230331420898438 ], [ -76.256668090820312, 38.230838775634766 ], [ -76.247512817382812, 38.221370697021484 ], [ -76.242591857910156, 38.215599060058594 ], [ -76.236869812011719, 38.205970764160156 ], [ -76.045173645019531, 37.569000244140625 ], [ -76.044998168945312, 37.565670013427734 ], [ -76.077568054199219, 37.565380096435547 ] ] ] } },
{ "type": "Feature", "properties": { "cluster_id": 199 }, "geometry": { "type": "Polygon", "coordinates": [ [ [ -117.260978698730469, 32.007369995117188 ], [ -117.26904296875, 32.007400512695312 ], [ -117.406272888183594, 32.011020660400391 ], [ -117.403160095214844, 32.018768310546875 ], [ -117.399398803710938, 32.024810791015625 ], [ -117.388687133789062, 32.03607177734375 ], [ -117.368949890136719, 32.050239562988281 ], [ -117.3070068359375, 32.050491333007812 ], [ -117.103462219238281, 32.04541015625 ], [ -117.150718688964844, 32.016368865966797 ], [ -117.172683715820312, 32.012371063232422 ], [ -117.260978698730469, 32.007369995117188 ] ] ] } },
{ "type": "Feature", "properties": { "cluster_id": 183 }, "geometry": { "type": "Polygon", "coordinates": [ [ [ -71.055946350097656, 40.971359252929688 ], [ -71.057907104492188, 40.971981048583984 ], [ -71.060707092285156, 40.987091064453125 ], [ -71.041397094726562, 41.005088806152344 ], [ -71.039688110351562, 41.006290435791016 ], [ -71.033241271972656, 41.0052490234375 ], [ -71.023452758789062, 40.995269775390625 ], [ -71.018341064453125, 40.987819671630859 ], [ -71.010452270507812, 40.973850250244141 ], [ -71.010978698730469, 40.972648620605469 ], [ -71.013069152832031, 40.97161865234375 ], [ -71.055946350097656, 40.971359252929688 ] ] ] } },
{ "type": "Feature", "properties": { "cluster_id": 107 }, "geometry": { "type": "Polygon", "coordinates": [ [ [ -88.236900329589844, 28.465459823608398 ], [ -88.246261596679688, 28.466829299926758 ], [ -88.251869201660156, 28.467840194702148 ], [ -88.239540100097656, 28.494930267333984 ], [ -88.146209716796875, 28.503509521484375 ], [ -88.084999084472656, 28.506320953369141 ], [ -88.21160888671875, 28.468000411987305 ], [ -88.216567993164062, 28.46735954284668 ], [ -88.236900329589844, 28.465459823608398 ] ] ] } },
{ "type": "Feature", "properties": { "cluster_id": 165 }, "geometry": { "type": "Polygon", "coordinates": [ [ [ -93.907707214355469, 27.750310897827148 ], [ -94.001243591308594, 27.751529693603516 ], [ -93.99169921875, 27.765359878540039 ], [ -93.891433715820312, 27.773090362548828 ], [ -93.651290893554688, 27.783670425415039 ], [ -93.587821960449219, 27.785690307617188 ], [ -93.55999755859375, 27.782279968261719 ], [ -93.582672119140625, 27.777130126953125 ], [ -93.790496826171875, 27.75786018371582 ], [ -93.825408935546875, 27.754800796508789 ], [ -93.907707214355469, 27.750310897827148 ] ] ] } },
{ "type": "Feature", "properties": { "cluster_id": 84 }, "geometry": { "type": "Polygon", "coordinates": [ [ [ -80.861602783203125, 30.475559234619141 ], [ -80.840667724609375, 30.510400772094727 ], [ -80.777168273925781, 30.515060424804688 ], [ -80.705070495605469, 30.489910125732422 ], [ -80.716522216796875, 30.481330871582031 ], [ -80.861602783203125, 30.475559234619141 ] ] ] } },
{ "type": "Feature", "properties": { "cluster_id": 243 }, "geometry": { "type": "Polygon", "coordinates": [ [ [ -118.449333190917969, 32.485828399658203 ], [ -118.45172119140625, 32.485908508300781 ], [ -118.461143493652344, 32.486808776855469 ], [ -118.476272583007812, 32.490669250488281 ], [ -118.554702758789062, 32.517791748046875 ], [ -118.557929992675781, 32.519001007080078 ], [ -118.573112487792969, 32.538639068603516 ], [ -118.573806762695312, 32.541229248046875 ], [ -118.571449279785156, 32.544258117675781 ], [ -118.506866455078125, 32.624591827392578 ], [ -118.503952026367188, 32.626419067382812 ], [ -118.450592041015625, 32.618389129638672 ], [ -118.263153076171875, 32.570121765136719 ], [ -118.449333190917969, 32.485828399658203 ] ] ] } },
{ "type": "Feature", "properties": { "cluster_id": 193 }, "geometry": { "type": "Polygon", "coordinates": [ [ [ -118.689430236816406, 31.73362922668457 ], [ -118.7440185546875, 31.734750747680664 ], [ -118.85736083984375, 31.811559677124023 ], [ -118.857261657714844, 31.812280654907227 ], [ -118.68463134765625, 31.775129318237305 ], [ -118.680412292480469, 31.773550033569336 ], [ -118.677757263183594, 31.771450042724609 ], [ -118.676399230957031, 31.768680572509766 ], [ -118.679046630859375, 31.737190246582031 ], [ -118.684959411621094, 31.734659194946289 ], [ -118.689430236816406, 31.73362922668457 ] ] ] } },
{ "type": "Feature", "properties": { "cluster_id": 92 }, "geometry": { "type": "Polygon", "coordinates": [ [ [ -88.087310791015625, 30.520530700683594 ], [ -88.0966796875, 30.524360656738281 ], [ -88.101997375488281, 30.527250289916992 ], [ -88.10296630859375, 30.527969360351562 ], [ -88.102828979492188, 30.528430938720703 ], [ -88.027763366699219, 30.567899703979492 ], [ -88.087310791015625, 30.520530700683594 ] ] ] } },
{ "type": "Feature", "properties": { "cluster_id": 214 }, "geometry": { "type": "Polygon", "coordinates": [ [ [ -64.424453735351562, 18.686330795288086 ], [ -64.436500549316406, 18.686830520629883 ], [ -64.413131713867188, 18.720149993896484 ], [ -64.411880493164062, 18.7216796875 ], [ -64.407546997070312, 18.725120544433594 ], [ -64.424453735351562, 18.686330795288086 ] ] ] } },
{ "type": "Feature", "properties": { "cluster_id": 41 }, "geometry": { "type": "Polygon", "coordinates": [ [ [ -91.285392761230469, 27.359039306640625 ], [ -91.366127014160156, 27.366170883178711 ], [ -91.393646240234375, 27.388189315795898 ], [ -91.3961181640625, 27.391519546508789 ], [ -91.396148681640625, 27.393739700317383 ], [ -91.395370483398438, 27.395540237426758 ], [ -91.394279479980469, 27.396839141845703 ], [ -91.338706970214844, 27.402650833129883 ], [ -91.168769836425781, 27.398910522460938 ], [ -91.103797912597656, 27.379640579223633 ], [ -91.210403442382812, 27.360540390014648 ], [ -91.229949951171875, 27.360050201416016 ], [ -91.285392761230469, 27.359039306640625 ] ] ] } },
{ "type": "Feature", "properties": { "cluster_id": 275 }, "geometry": { "type": "Polygon", "coordinates": [ [ [ -72.010406494140625, 40.636249542236328 ], [ -72.017539978027344, 40.662021636962891 ], [ -71.933952331542969, 40.663978576660156 ], [ -71.932579040527344, 40.663539886474609 ], [ -71.932746887207031, 40.660560607910156 ], [ -71.936897277832031, 40.649810791015625 ], [ -71.937820434570312, 40.648681640625 ], [ -71.968070983886719, 40.6414794921875 ], [ -72.010406494140625, 40.636249542236328 ] ] ] } },
{ "type": "Feature", "properties": { "cluster_id": 157 }, "geometry": { "type": "Polygon", "coordinates": [ [ [ -90.164962768554688, 28.844369888305664 ], [ -90.289093017578125, 28.847450256347656 ], [ -90.295692443847656, 28.874870300292969 ], [ -90.303558349609375, 28.919170379638672 ], [ -90.302352905273438, 29.022129058837891 ], [ -90.221122741699219, 29.142969131469727 ], [ -90.220420837402344, 29.143360137939453 ], [ -90.219810485839844, 29.143650054931641 ], [ -90.209228515625, 29.14763069152832 ], [ -90.20892333984375, 29.147720336914062 ], [ -90.208412170410156, 29.147819519042969 ], [ -90.204002380371094, 29.148649215698242 ], [ -90.199073791503906, 29.149530410766602 ], [ -90.1202392578125, 29.018449783325195 ], [ -90.164962768554688, 28.844369888305664 ] ] ] } },
{ "type": "Feature", "properties": { "cluster_id": 97 }, "geometry": { "type": "Polygon", "coordinates": [ [ [ -67.1893310546875, 18.545669555664062 ], [ -67.265670776367188, 18.571680068969727 ], [ -67.287757873535156, 18.596029281616211 ], [ -67.196022033691406, 18.621509552001953 ], [ -67.191291809082031, 18.622779846191406 ], [ -67.18157958984375, 18.624120712280273 ], [ -67.090408325195312, 18.630409240722656 ], [ -67.079582214355469, 18.611370086669922 ], [ -67.087318420410156, 18.583589553833008 ], [ -67.1893310546875, 18.545669555664062 ] ] ] } },
{ "type": "Feature", "properties": { "cluster_id": 155 }, "geometry": { "type": "Polygon", "coordinates": [ [ [ -117.557571411132812, 32.297451019287109 ], [ -117.708290100097656, 32.299900054931641 ], [ -117.716598510742188, 32.30670166015625 ], [ -117.728233337402344, 32.340068817138672 ], [ -117.56488037109375, 32.340431213378906 ], [ -117.547569274902344, 32.323078155517578 ], [ -117.557571411132812, 32.297451019287109 ] ] ] } },
{ "type": "Feature", "properties": { "cluster_id": 171 }, "geometry": { "type": "Polygon", "coordinates": [ [ [ -117.513099670410156, 31.910360336303711 ], [ -117.516578674316406, 31.912220001220703 ], [ -117.522453308105469, 31.918220520019531 ], [ -117.508171081542969, 31.93950080871582 ], [ -117.401176452636719, 31.957450866699219 ], [ -117.348731994628906, 31.932979583740234 ], [ -117.370460510253906, 31.925970077514648 ], [ -117.513099670410156, 31.910360336303711 ] ] ] } },
{ "type": "Feature", "properties": { "cluster_id": 138 }, "geometry": { "type": "Polygon", "coordinates": [ [ [ -94.114662170410156, 27.186609268188477 ], [ -94.170867919921875, 27.194259643554688 ], [ -94.175697326660156, 27.195949554443359 ], [ -94.182632446289062, 27.200759887695312 ], [ -94.188423156738281, 27.208629608154297 ], [ -94.1231689453125, 27.208229064941406 ], [ -94.071922302246094, 27.205230712890625 ], [ -94.074211120605469, 27.202129364013672 ], [ -94.114662170410156, 27.186609268188477 ] ] ] } },
{ "type": "Feature", "properties": { "cluster_id": 213 }, "geometry": { "type": "Polygon", "coordinates": [ [ [ -82.519996643066406, 24.245029449462891 ], [ -82.639549255371094, 24.248500823974609 ], [ -82.72161865234375, 24.268169403076172 ], [ -82.717453002929688, 24.277580261230469 ], [ -82.669212341308594, 24.288200378417969 ], [ -82.583938598632812, 24.285299301147461 ], [ -82.514320373535156, 24.278579711914062 ], [ -82.519996643066406, 24.245029449462891 ] ] ] } },
{ "type": "Feature", "properties": { "cluster_id": 170 }, "geometry": { "type": "Polygon", "coordinates": [ [ [ -81.347236633300781, 24.199050903320312 ], [ -81.420539855957031, 24.200939178466797 ], [ -81.526382446289062, 24.207849502563477 ], [ -81.572982788085938, 24.231990814208984 ], [ -81.564178466796875, 24.241060256958008 ], [ -81.451797485351562, 24.243030548095703 ], [ -81.379501342773438, 24.241329193115234 ], [ -81.367279052734375, 24.239830017089844 ], [ -81.356613159179688, 24.237710952758789 ], [ -81.347236633300781, 24.199050903320312 ] ] ] } },
{ "type": "Feature", "properties": { "cluster_id": 206 }, "geometry": { "type": "Polygon", "coordinates": [ [ [ -78.144218444824219, 26.447820663452148 ], [ -78.194023132324219, 26.449079513549805 ], [ -78.234298706054688, 26.450859069824219 ], [ -78.344070434570312, 26.474790573120117 ], [ -78.345809936523438, 26.533119201660156 ], [ -78.312400817871094, 26.542970657348633 ], [ -78.210151672363281, 26.540239334106445 ], [ -78.18853759765625, 26.539199829101562 ], [ -78.180931091308594, 26.538080215454102 ], [ -78.177833557128906, 26.536609649658203 ], [ -78.144218444824219, 26.447820663452148 ] ] ] } },
{ "type": "Feature", "properties": { "cluster_id": 74 }, "geometry": { "type": "Polygon", "coordinates": [ [ [ -82.496719360351562, 42.701988220214844 ], [ -82.496742248535156, 42.702041625976562 ], [ -82.496757507324219, 42.702659606933594 ], [ -82.483497619628906, 42.823829650878906 ], [ -82.472808837890625, 42.888900756835938 ], [ -82.47216796875, 42.891330718994141 ], [ -82.471061706542969, 42.894050598144531 ], [ -82.425666809082031, 42.995670318603516 ], [ -82.41632080078125, 43.013031005859375 ], [ -82.415672302246094, 43.012580871582031 ], [ -82.357398986816406, 42.959510803222656 ], [ -82.485671997070312, 42.721019744873047 ], [ -82.488670349121094, 42.715488433837891 ], [ -82.496719360351562, 42.701988220214844 ] ] ] } },
{ "type": "Feature", "properties": { "cluster_id": 95 }, "geometry": { "type": "Polygon", "coordinates": [ [ [ -82.705673217773438, 42.504669189453125 ], [ -82.503562927246094, 42.686481475830078 ], [ -82.50927734375, 42.643409729003906 ], [ -82.509468078613281, 42.64208984375 ], [ -82.510986328125, 42.635231018066406 ], [ -82.513069152832031, 42.626361846923828 ], [ -82.51715087890625, 42.615730285644531 ], [ -82.519020080566406, 42.612598419189453 ], [ -82.522109985351562, 42.608291625976562 ], [ -82.52252197265625, 42.607730865478516 ], [ -82.523323059082031, 42.606960296630859 ], [ -82.58709716796875, 42.552520751953125 ], [ -82.590316772460938, 42.550491333007812 ], [ -82.705673217773438, 42.504669189453125 ] ] ] } },
{ "type": "Feature", "properties": { "cluster_id": 142 }, "geometry": { "type": "Polygon", "coordinates": [ [ [ -82.756210327148438, 42.461528778076172 ], [ -82.756080627441406, 42.462379455566406 ], [ -82.754722595214844, 42.4635009765625 ], [ -82.735000610351562, 42.479171752929688 ], [ -82.750503540039062, 42.465499877929688 ], [ -82.754859924316406, 42.461959838867188 ], [ -82.756210327148438, 42.461528778076172 ] ] ] } },
{ "type": "Feature", "properties": { "cluster_id": 60 }, "geometry": { "type": "Polygon", "coordinates": [ [ [ -83.123497009277344, 42.13616943359375 ], [ -83.136192321777344, 42.171459197998047 ], [ -83.136611938476562, 42.173469543457031 ], [ -83.136360168457031, 42.283359527587891 ], [ -83.082351684570312, 42.3094482421875 ], [ -83.066162109375, 42.316650390625 ], [ -83.062660217285156, 42.318088531494141 ], [ -82.845077514648438, 42.401920318603516 ], [ -83.123329162597656, 42.13616943359375 ], [ -83.123497009277344, 42.13616943359375 ] ] ] } },
{ "type": "Feature", "properties": { "cluster_id": 212 }, "geometry": { "type": "Polygon", "coordinates": [ [ [ -82.573371887207031, 43.843009948730469 ], [ -82.587600708007812, 43.858890533447266 ], [ -82.598518371582031, 43.878669738769531 ], [ -82.565811157226562, 43.885238647460938 ], [ -82.518180847167969, 43.883609771728516 ], [ -82.526557922363281, 43.843070983886719 ], [ -82.573371887207031, 43.843009948730469 ] ] ] } },
{ "type": "Feature", "properties": { "cluster_id": 154 }, "geometry": { "type": "Polygon", "coordinates": [ [ [ -83.632591247558594, 43.988838195800781 ], [ -83.633041381835938, 43.990230560302734 ], [ -83.632621765136719, 43.991439819335938 ], [ -83.527702331542969, 44.018699645996094 ], [ -83.530120849609375, 44.014019012451172 ], [ -83.553230285644531, 43.989528656005859 ], [ -83.632591247558594, 43.988838195800781 ] ] ] } },
{ "type": "Feature", "properties": { "cluster_id": 115 }, "geometry": { "type": "Polygon", "coordinates": [ [ [ -63.942668914794922, 18.064329147338867 ], [ -64.039878845214844, 18.068580627441406 ], [ -64.058006286621094, 18.077640533447266 ], [ -64.01806640625, 18.098270416259766 ], [ -63.964828491210938, 18.106000900268555 ], [ -63.896739959716797, 18.094879150390625 ], [ -63.845809936523438, 18.070550918579102 ], [ -63.942668914794922, 18.064329147338867 ] ] ] } },
{ "type": "Feature", "properties": { "cluster_id": 39 }, "geometry": { "type": "Polygon", "coordinates": [ [ [ -115.814826965332031, 28.132329940795898 ], [ -115.867622375488281, 28.138099670410156 ], [ -115.874977111816406, 28.147079467773438 ], [ -115.882270812988281, 28.156610488891602 ], [ -115.88751220703125, 28.166749954223633 ], [ -115.89984130859375, 28.197639465332031 ], [ -115.89691162109375, 28.203250885009766 ], [ -115.877983093261719, 28.214950561523438 ], [ -115.851249694824219, 28.219829559326172 ], [ -115.802490234375, 28.157939910888672 ], [ -115.814826965332031, 28.132329940795898 ] ] ] } },
{ "type": "Feature", "properties": { "cluster_id": 163 }, "geometry": { "type": "Polygon", "coordinates": [ [ [ -73.942138671875, 41.733959197998047 ], [ -73.951408386230469, 41.771690368652344 ], [ -73.952217102050781, 41.775901794433594 ], [ -73.952651977539062, 41.781051635742188 ], [ -73.961288452148438, 41.90203857421875 ], [ -73.96270751953125, 41.939121246337891 ], [ -73.962158203125, 41.945301055908203 ], [ -73.961982727050781, 41.946060180664062 ], [ -73.956733703613281, 41.960121154785156 ], [ -73.955467224121094, 41.963260650634766 ], [ -73.937850952148438, 41.867420196533203 ], [ -73.940589904785156, 41.7447509765625 ], [ -73.940940856933594, 41.741291046142578 ], [ -73.942138671875, 41.733959197998047 ] ] ] } },
{ "type": "Feature", "properties": { "cluster_id": 10 }, "geometry": { "type": "Polygon", "coordinates": [ [ [ -73.934669494628906, 42.022998809814453 ], [ -73.930366516113281, 42.087680816650391 ], [ -73.929527282714844, 42.094261169433594 ], [ -73.928520202636719, 42.098838806152344 ], [ -73.761192321777344, 42.611309051513672 ], [ -73.760902404785156, 42.612110137939453 ], [ -73.754119873046875, 42.629749298095703 ], [ -73.752761840820312, 42.631259918212891 ], [ -73.752021789550781, 42.631500244140625 ], [ -73.75177001953125, 42.570209503173828 ], [ -73.781143188476562, 42.300689697265625 ], [ -73.781898498535156, 42.294521331787109 ], [ -73.783950805664062, 42.281871795654297 ], [ -73.784149169921875, 42.280670166015625 ], [ -73.786048889160156, 42.274440765380859 ], [ -73.789360046386719, 42.268119812011719 ], [ -73.934669494628906, 42.022998809814453 ] ] ] } },
{ "type": "Feature", "properties": { "cluster_id": 116 }, "geometry": { "type": "Polygon", "coordinates": [ [ [ -73.99285888671875, 41.450199127197266 ], [ -73.999786376953125, 41.454410552978516 ], [ -74.010040283203125, 41.471969604492188 ], [ -74.007339477539062, 41.484718322753906 ], [ -73.998298645019531, 41.526069641113281 ], [ -73.993637084960938, 41.536430358886719 ], [ -73.992622375488281, 41.537799835205078 ], [ -73.990592956542969, 41.538421630859375 ], [ -73.99285888671875, 41.450199127197266 ] ] ] } },
{ "type": "Feature", "properties": { "cluster_id": 227 }, "geometry": { "type": "Polygon", "coordinates": [ [ [ -73.959388732910156, 41.352088928222656 ], [ -73.960090637207031, 41.352161407470703 ], [ -73.959968566894531, 41.3543701171875 ], [ -73.959281921386719, 41.362358093261719 ], [ -73.958686828613281, 41.368118286132812 ], [ -73.950706481933594, 41.397758483886719 ], [ -73.948997497558594, 41.396751403808594 ], [ -73.948738098144531, 41.396289825439453 ], [ -73.948211669921875, 41.394458770751953 ], [ -73.948402404785156, 41.392711639404297 ], [ -73.959388732910156, 41.352088928222656 ] ] ] } },
{ "type": "Feature", "properties": { "cluster_id": 260 }, "geometry": { "type": "Polygon", "coordinates": [ [ [ -73.971000671386719, 41.305580139160156 ], [ -73.979728698730469, 41.314350128173828 ], [ -73.980598449707031, 41.315959930419922 ], [ -73.982353210449219, 41.320011138916016 ], [ -73.982467651367188, 41.320510864257812 ], [ -73.982688903808594, 41.323268890380859 ], [ -73.980972290039062, 41.326938629150391 ], [ -73.978469848632812, 41.330101013183594 ], [ -73.97186279296875, 41.336368560791016 ], [ -73.971000671386719, 41.305580139160156 ] ] ] } },
{ "type": "Feature", "properties": { "cluster_id": 190 }, "geometry": { "type": "Polygon", "coordinates": [ [ [ -73.970413208007812, 41.25537109375 ], [ -73.970420837402344, 41.255821228027344 ], [ -73.970252990722656, 41.257888793945312 ], [ -73.964179992675781, 41.299991607666016 ], [ -73.954811096191406, 41.294120788574219 ], [ -73.949836730957031, 41.289478302001953 ], [ -73.948760986328125, 41.287761688232422 ], [ -73.94921875, 41.283401489257812 ], [ -73.950668334960938, 41.280719757080078 ], [ -73.9517822265625, 41.278728485107422 ], [ -73.970413208007812, 41.25537109375 ] ] ] } },
{ "type": "Feature", "properties": { "cluster_id": 104 }, "geometry": { "type": "Polygon", "coordinates": [ [ [ -73.879806518554688, 41.116840362548828 ], [ -73.903640747070312, 41.157600402832031 ], [ -73.892356872558594, 41.151260375976562 ], [ -73.887557983398438, 41.147979736328125 ], [ -73.882606506347656, 41.141529083251953 ], [ -73.880943298339844, 41.138080596923828 ], [ -73.879920959472656, 41.134109497070312 ], [ -73.87921142578125, 41.128459930419922 ], [ -73.878852844238281, 41.118061065673828 ], [ -73.878936767578125, 41.117561340332031 ], [ -73.879806518554688, 41.116840362548828 ] ] ] } },
{ "type": "Feature", "properties": { "cluster_id": 272 }, "geometry": { "type": "Polygon", "coordinates": [ [ [ -73.911293029785156, 40.923160552978516 ], [ -73.911300659179688, 40.929851531982422 ], [ -73.911239624023438, 40.944671630859375 ], [ -73.910888671875, 40.946460723876953 ], [ -73.909568786621094, 40.949119567871094 ], [ -73.903160095214844, 40.959709167480469 ], [ -73.903633117675781, 40.954048156738281 ], [ -73.907081604003906, 40.937679290771484 ], [ -73.911293029785156, 40.923160552978516 ] ] ] } },
{ "type": "Feature", "properties": { "cluster_id": 230 }, "geometry": { "type": "Polygon", "coordinates": [ [ [ -85.381332397460938, 29.231019973754883 ], [ -85.396347045898438, 29.231090545654297 ], [ -85.3988037109375, 29.232410430908203 ], [ -85.417938232421875, 29.27140998840332 ], [ -85.412368774414062, 29.273960113525391 ], [ -85.386459350585938, 29.244609832763672 ], [ -85.380439758300781, 29.236270904541016 ], [ -85.381332397460938, 29.231019973754883 ] ] ] } },
{ "type": "Feature", "properties": { "cluster_id": 161 }, "geometry": { "type": "Polygon", "coordinates": [ [ [ -85.298271179199219, 29.53080940246582 ], [ -85.299232482910156, 29.531400680541992 ], [ -85.303169250488281, 29.538240432739258 ], [ -85.302001953125, 29.538700103759766 ], [ -85.291450500488281, 29.54010009765625 ], [ -85.290390014648438, 29.540119171142578 ], [ -85.28875732421875, 29.539920806884766 ], [ -85.281417846679688, 29.535469055175781 ], [ -85.280403137207031, 29.534719467163086 ], [ -85.282028198242188, 29.53230094909668 ], [ -85.283241271972656, 29.531740188598633 ], [ -85.298271179199219, 29.53080940246582 ] ] ] } },
{ "type": "Feature", "properties": { "cluster_id": 283 }, "geometry": { "type": "Polygon", "coordinates": [ [ [ -66.415481567382812, 17.582740783691406 ], [ -66.585731506347656, 17.624130249023438 ], [ -66.382621765136719, 17.625219345092773 ], [ -66.372940063476562, 17.598369598388672 ], [ -66.385932922363281, 17.592720031738281 ], [ -66.415481567382812, 17.582740783691406 ] ] ] } },
{ "type": "Feature", "properties": { "cluster_id": 151 }, "geometry": { "type": "Polygon", "coordinates": [ [ [ -90.097770690917969, 28.748020172119141 ], [ -90.027900695800781, 28.784040451049805 ], [ -89.997871398925781, 28.795120239257812 ], [ -89.914649963378906, 28.78727912902832 ], [ -89.909149169921875, 28.785640716552734 ], [ -89.906486511230469, 28.784139633178711 ], [ -89.903892517089844, 28.781679153442383 ], [ -89.902252197265625, 28.778999328613281 ], [ -89.900672912597656, 28.774089813232422 ], [ -89.896148681640625, 28.759939193725586 ], [ -89.902870178222656, 28.759069442749023 ], [ -90.097770690917969, 28.748020172119141 ] ] ] } },
{ "type": "Feature", "properties": { "cluster_id": 149 }, "geometry": { "type": "Polygon", "coordinates": [ [ [ -77.332443237304688, 25.078170776367188 ], [ -77.346031188964844, 25.081750869750977 ], [ -77.349067687988281, 25.083080291748047 ], [ -77.353286743164062, 25.08612060546875 ], [ -77.372032165527344, 25.103630065917969 ], [ -77.361549377441406, 25.10222053527832 ], [ -77.359230041503906, 25.100330352783203 ], [ -77.332443237304688, 25.078170776367188 ] ] ] } },
{ "type": "Feature", "properties": { "cluster_id": 160 }, "geometry": { "type": "Polygon", "coordinates": [ [ [ -81.619270324707031, 24.100080490112305 ], [ -81.650581359863281, 24.100120544433594 ], [ -81.803253173828125, 24.10944938659668 ], [ -81.798377990722656, 24.152570724487305 ], [ -81.779022216796875, 24.176120758056641 ], [ -81.65283203125, 24.191669464111328 ], [ -81.638046264648438, 24.189960479736328 ], [ -81.594398498535156, 24.178960800170898 ], [ -81.575721740722656, 24.142309188842773 ], [ -81.577720642089844, 24.133769989013672 ], [ -81.619270324707031, 24.100080490112305 ] ] ] } },
{ "type": "Feature", "properties": { "cluster_id": 112 }, "geometry": { "type": "Polygon", "coordinates": [ [ [ -71.482467651367188, 41.260478973388672 ], [ -71.625167846679688, 41.290889739990234 ], [ -71.609977722167969, 41.293750762939453 ], [ -71.564079284667969, 41.299110412597656 ], [ -71.532157897949219, 41.29949951171875 ], [ -71.525138854980469, 41.298759460449219 ], [ -71.521949768066406, 41.297920227050781 ], [ -71.501953125, 41.290981292724609 ], [ -71.500137329101562, 41.289810180664062 ], [ -71.482467651367188, 41.260478973388672 ] ] ] } },
{ "type": "Feature", "properties": { "cluster_id": 53 }, "geometry": { "type": "Polygon", "coordinates": [ [ [ -71.999969482421875, 41.22589111328125 ], [ -72.121246337890625, 41.234260559082031 ], [ -72.118820190429688, 41.253959655761719 ], [ -72.078201293945312, 41.292839050292969 ], [ -71.908447265625, 41.245891571044922 ], [ -71.986427307128906, 41.226551055908203 ], [ -71.999969482421875, 41.22589111328125 ] ] ] } },
{ "type": "Feature", "properties": { "cluster_id": 189 }, "geometry": { "type": "Polygon", "coordinates": [ [ [ -72.864723205566406, 41.1715087890625 ], [ -72.869621276855469, 41.174991607666016 ], [ -72.876968383789062, 41.182048797607422 ], [ -72.897598266601562, 41.205619812011719 ], [ -72.839569091796875, 41.180828094482422 ], [ -72.846092224121094, 41.171859741210938 ], [ -72.864723205566406, 41.1715087890625 ] ] ] } },
{ "type": "Feature", "properties": { "cluster_id": 121 }, "geometry": { "type": "Polygon", "coordinates": [ [ [ -80.881629943847656, 31.051589965820312 ], [ -80.879981994628906, 31.067829132080078 ], [ -80.866966247558594, 31.073869705200195 ], [ -80.796546936035156, 31.091079711914062 ], [ -80.700531005859375, 31.09358024597168 ], [ -80.881629943847656, 31.051589965820312 ] ] ] } },
{ "type": "Feature", "properties": { "cluster_id": 139 }, "geometry": { "type": "Polygon", "coordinates": [ [ [ -81.19000244140625, 31.001949310302734 ], [ -81.281890869140625, 31.015600204467773 ], [ -81.288253784179688, 31.01732063293457 ], [ -81.289260864257812, 31.018569946289062 ], [ -81.32586669921875, 31.095510482788086 ], [ -81.323959350585938, 31.094959259033203 ], [ -81.143272399902344, 31.039419174194336 ], [ -81.132553100585938, 31.024349212646484 ], [ -81.19000244140625, 31.001949310302734 ] ] ] } },
{ "type": "Feature", "properties": { "cluster_id": 168 }, "geometry": { "type": "Polygon", "coordinates": [ [ [ -81.439483642578125, 31.100299835205078 ], [ -81.456993103027344, 31.105899810791016 ], [ -81.532386779785156, 31.13092041015625 ], [ -81.535507202148438, 31.132129669189453 ], [ -81.538352966308594, 31.134319305419922 ], [ -81.538101196289062, 31.134689331054688 ], [ -81.494918823242188, 31.135000228881836 ], [ -81.403602600097656, 31.132329940795898 ], [ -81.399391174316406, 31.131729125976562 ], [ -81.39202880859375, 31.130420684814453 ], [ -81.387809753417969, 31.129619598388672 ], [ -81.387031555175781, 31.129379272460938 ], [ -81.3834228515625, 31.128219604492188 ], [ -81.376602172851562, 31.124959945678711 ], [ -81.372787475585938, 31.122980117797852 ], [ -81.368759155273438, 31.12074089050293 ], [ -81.365898132324219, 31.119150161743164 ], [ -81.352119445800781, 31.110509872436523 ], [ -81.439483642578125, 31.100299835205078 ] ] ] } },
{ "type": "Feature", "properties": { "cluster_id": 145 }, "geometry": { "type": "Polygon", "coordinates": [ [ [ -125.262252807617188, 48.2034912109375 ], [ -125.337188720703125, 48.221149444580078 ], [ -125.320236206054688, 48.235408782958984 ], [ -125.237457275390625, 48.248279571533203 ], [ -125.186653137207031, 48.249298095703125 ], [ -125.213493347167969, 48.203670501708984 ], [ -125.262252807617188, 48.2034912109375 ] ] ] } },
{ "type": "Feature", "properties": { "cluster_id": 152 }, "geometry": { "type": "Polygon", "coordinates": [ [ [ -70.067092895507812, 43.615760803222656 ], [ -70.161186218261719, 43.619590759277344 ], [ -70.168678283691406, 43.620220184326172 ], [ -70.178260803222656, 43.621829986572266 ], [ -70.183700561523438, 43.622749328613281 ], [ -70.195510864257812, 43.625579833984375 ], [ -70.207099914550781, 43.629489898681641 ], [ -70.257682800292969, 43.646888732910156 ], [ -70.257530212402344, 43.647331237792969 ], [ -70.257171630859375, 43.647689819335938 ], [ -70.256690979003906, 43.647930145263672 ], [ -70.253349304199219, 43.648628234863281 ], [ -70.077827453613281, 43.617889404296875 ], [ -70.067092895507812, 43.615760803222656 ] ] ] } },
{ "type": "Feature", "properties": { "cluster_id": 271 }, "geometry": { "type": "Polygon", "coordinates": [ [ [ -76.666801452636719, 34.600841522216797 ], [ -76.689811706542969, 34.632419586181641 ], [ -76.685317993164062, 34.641258239746094 ], [ -76.649757385253906, 34.638420104980469 ], [ -76.648780822753906, 34.638111114501953 ], [ -76.666801452636719, 34.600841522216797 ] ] ] } },
{ "type": "Feature", "properties": { "cluster_id": 245 }, "geometry": { "type": "Polygon", "coordinates": [ [ [ -156.681045532226562, 20.846380233764648 ], [ -156.68310546875, 20.850730895996094 ], [ -156.68731689453125, 20.862260818481445 ], [ -156.687026977539062, 20.863059997558594 ], [ -156.686752319335938, 20.863460540771484 ], [ -156.685134887695312, 20.863750457763672 ], [ -156.68408203125, 20.863540649414062 ], [ -156.68194580078125, 20.857450485229492 ], [ -156.6817626953125, 20.85569953918457 ], [ -156.681045532226562, 20.846380233764648 ] ] ] } },
{ "type": "Feature", "properties": { "cluster_id": 86 }, "geometry": { "type": "Polygon", "coordinates": [ [ [ -79.252090454101562, 25.464780807495117 ], [ -79.268287658691406, 25.470560073852539 ], [ -79.265937805175781, 25.473669052124023 ], [ -79.249076843261719, 25.473690032958984 ], [ -79.243637084960938, 25.472620010375977 ], [ -79.242599487304688, 25.471080780029297 ], [ -79.250907897949219, 25.464990615844727 ], [ -79.252090454101562, 25.464780807495117 ] ] ] } },
{ "type": "Feature", "properties": { "cluster_id": 238 }, "geometry": { "type": "Polygon", "coordinates": [ [ [ -126.028602600097656, 48.269798278808594 ], [ -125.972030639648438, 48.344329833984375 ], [ -125.850997924804688, 48.345928192138672 ], [ -125.845046997070312, 48.342601776123047 ], [ -125.821823120117188, 48.32794189453125 ], [ -125.881988525390625, 48.281639099121094 ], [ -125.884552001953125, 48.281120300292969 ], [ -126.028602600097656, 48.269798278808594 ] ] ] } },
{ "type": "Feature", "properties": { "cluster_id": 265 }, "geometry": { "type": "Polygon", "coordinates": [ [ [ -90.978050231933594, 27.121980667114258 ], [ -90.983627319335938, 27.122020721435547 ], [ -91.02001953125, 27.122390747070312 ], [ -91.000396728515625, 27.160139083862305 ], [ -90.981643676757812, 27.157100677490234 ], [ -90.960678100585938, 27.151350021362305 ], [ -90.95709228515625, 27.12809944152832 ], [ -90.978050231933594, 27.121980667114258 ] ] ] } },
{ "type": "Feature", "properties": { "cluster_id": 250 }, "geometry": { "type": "Polygon", "coordinates": [ [ [ -83.457969665527344, 23.093730926513672 ], [ -83.629318237304688, 23.099649429321289 ], [ -83.632652282714844, 23.099979400634766 ], [ -83.633819580078125, 23.101810455322266 ], [ -83.623863220214844, 23.133710861206055 ], [ -83.606559753417969, 23.13970947265625 ], [ -83.539909362792969, 23.137800216674805 ], [ -83.446342468261719, 23.110679626464844 ], [ -83.421539306640625, 23.099460601806641 ], [ -83.455467224121094, 23.094030380249023 ], [ -83.457969665527344, 23.093730926513672 ] ] ] } },
{ "type": "Feature", "properties": { "cluster_id": 122 }, "geometry": { "type": "Polygon", "coordinates": [ [ [ -90.173187255859375, 35.074588775634766 ], [ -90.173789978027344, 35.075389862060547 ], [ -90.174552917480469, 35.076641082763672 ], [ -90.175041198730469, 35.080219268798828 ], [ -90.175201416015625, 35.081539154052734 ], [ -90.174888610839844, 35.084339141845703 ], [ -90.162910461425781, 35.085578918457031 ], [ -90.107109069824219, 35.090450286865234 ], [ -90.107017517089844, 35.090381622314453 ], [ -90.106597900390625, 35.089778900146484 ], [ -90.107246398925781, 35.087779998779297 ], [ -90.10870361328125, 35.085289001464844 ], [ -90.110946655273438, 35.082500457763672 ], [ -90.113807678222656, 35.081169128417969 ], [ -90.120109558105469, 35.07830810546875 ], [ -90.122787475585938, 35.077510833740234 ], [ -90.123359680175781, 35.077369689941406 ], [ -90.123947143554688, 35.0772705078125 ], [ -90.126296997070312, 35.077011108398438 ], [ -90.173187255859375, 35.074588775634766 ] ] ] } },
{ "type": "Feature", "properties": { "cluster_id": 6 }, "geometry": { "type": "Polygon", "coordinates": [ [ [ -91.993667602539062, 29.399890899658203 ], [ -92.319679260253906, 29.467819213867188 ], [ -92.322181701660156, 29.46980094909668 ], [ -92.323066711425781, 29.471920013427734 ], [ -92.312698364257812, 29.51361083984375 ], [ -92.243202209472656, 29.728300094604492 ], [ -92.242080688476562, 29.729909896850586 ], [ -92.240318298339844, 29.731729507446289 ], [ -92.188140869140625, 29.781150817871094 ], [ -92.144088745117188, 29.791990280151367 ], [ -92.14404296875, 29.791999816894531 ], [ -92.141372680664062, 29.792449951171875 ], [ -92.127899169921875, 29.787740707397461 ], [ -92.004920959472656, 29.619979858398438 ], [ -92.003982543945312, 29.618579864501953 ], [ -92.003250122070312, 29.617170333862305 ], [ -92.002700805664062, 29.615299224853516 ], [ -92.002388000488281, 29.612480163574219 ], [ -91.985832214355469, 29.408380508422852 ], [ -91.993667602539062, 29.399890899658203 ] ] ] } },
{ "type": "Feature", "properties": { "cluster_id": 76 }, "geometry": { "type": "Polygon", "coordinates": [ [ [ -91.864082336425781, 28.989450454711914 ], [ -91.875236511230469, 28.989599227905273 ], [ -91.876190185546875, 28.990329742431641 ], [ -91.877227783203125, 29.002029418945312 ], [ -91.876411437988281, 29.002050399780273 ], [ -91.875831604003906, 29.001710891723633 ], [ -91.864189147949219, 28.990100860595703 ], [ -91.864059448242188, 28.989469528198242 ], [ -91.864082336425781, 28.989450454711914 ] ] ] } },
{ "type": "Feature", "properties": { "cluster_id": 27 }, "geometry": { "type": "Polygon", "coordinates": [ [ [ -166.5325927734375, 53.876651763916016 ], [ -166.548980712890625, 53.877490997314453 ], [ -166.500762939453125, 53.93511962890625 ], [ -166.486572265625, 53.94879150390625 ], [ -166.471694946289062, 53.949440002441406 ], [ -166.465225219726562, 53.943561553955078 ], [ -166.471466064453125, 53.932411193847656 ], [ -166.481826782226562, 53.913970947265625 ], [ -166.483978271484375, 53.911201477050781 ], [ -166.495101928710938, 53.902469635009766 ], [ -166.502243041992188, 53.897129058837891 ], [ -166.5198974609375, 53.884288787841797 ], [ -166.528533935546875, 53.878791809082031 ], [ -166.5325927734375, 53.876651763916016 ] ] ] } },
{ "type": "Feature", "properties": { "cluster_id": 137 }, "geometry": { "type": "Polygon", "coordinates": [ [ [ -152.518600463867188, 57.712070465087891 ], [ -152.52301025390625, 57.712581634521484 ], [ -152.529296875, 57.714900970458984 ], [ -152.530242919921875, 57.715389251708984 ], [ -152.532073974609375, 57.717540740966797 ], [ -152.532302856445312, 57.719871520996094 ], [ -152.523651123046875, 57.731521606445312 ], [ -152.425613403320312, 57.783699035644531 ], [ -152.322219848632812, 57.811988830566406 ], [ -152.321609497070312, 57.811569213867188 ], [ -152.321426391601562, 57.811298370361328 ], [ -152.40655517578125, 57.738739013671875 ], [ -152.509857177734375, 57.713230133056641 ], [ -152.518600463867188, 57.712070465087891 ] ] ] } },
{ "type": "Feature", "properties": { "cluster_id": 246 }, "geometry": { "type": "Polygon", "coordinates": [ [ [ -152.284683227539062, 57.833740234375 ], [ -152.286056518554688, 57.834129333496094 ], [ -152.287612915039062, 57.834880828857422 ], [ -152.302398681640625, 57.843761444091797 ], [ -152.30517578125, 57.848209381103516 ], [ -152.252853393554688, 57.855949401855469 ], [ -152.280654907226562, 57.835430145263672 ], [ -152.284683227539062, 57.833740234375 ] ] ] } },
{ "type": "Feature", "properties": { "cluster_id": 68 }, "geometry": { "type": "Polygon", "coordinates": [ [ [ -152.861785888671875, 57.856460571289062 ], [ -153.002853393554688, 57.969898223876953 ], [ -152.585174560546875, 57.934700012207031 ], [ -152.499282836914062, 57.920791625976562 ], [ -152.42236328125, 57.882888793945312 ], [ -152.861785888671875, 57.856460571289062 ] ] ] } },
{ "type": "Feature", "properties": { "cluster_id": 144 }, "geometry": { "type": "Polygon", "coordinates": [ [ [ -151.95611572265625, 59.417598724365234 ], [ -151.97833251953125, 59.422351837158203 ], [ -151.934356689453125, 59.439701080322266 ], [ -151.7293701171875, 59.500858306884766 ], [ -151.673904418945312, 59.506950378417969 ], [ -151.670135498046875, 59.503471374511719 ], [ -151.720611572265625, 59.438709259033203 ], [ -151.72125244140625, 59.438339233398438 ], [ -151.722274780273438, 59.438228607177734 ], [ -151.95611572265625, 59.417598724365234 ] ] ] } },
{ "type": "Feature", "properties": { "cluster_id": 87 }, "geometry": { "type": "Polygon", "coordinates": [ [ [ -151.504486083984375, 59.563091278076172 ], [ -151.409866333007812, 59.604549407958984 ], [ -151.40728759765625, 59.604789733886719 ], [ -151.402130126953125, 59.603481292724609 ], [ -151.397842407226562, 59.600780487060547 ], [ -151.401016235351562, 59.597511291503906 ], [ -151.403915405273438, 59.596031188964844 ], [ -151.406692504882812, 59.59490966796875 ], [ -151.443084716796875, 59.582180023193359 ], [ -151.465316772460938, 59.574638366699219 ], [ -151.504486083984375, 59.563091278076172 ] ] ] } },
{ "type": "Feature", "properties": { "cluster_id": 123 }, "geometry": { "type": "Polygon", "coordinates": [ [ [ -120.073699951171875, 31.487489700317383 ], [ -120.266983032226562, 31.495620727539062 ], [ -120.161163330078125, 31.565090179443359 ], [ -120.059478759765625, 31.497379302978516 ], [ -120.071929931640625, 31.488210678100586 ], [ -120.073699951171875, 31.487489700317383 ] ] ] } },
{ "type": "Feature", "properties": { "cluster_id": 146 }, "geometry": { "type": "Polygon", "coordinates": [ [ [ -120.892562866210938, 30.904390335083008 ], [ -121.364639282226562, 30.977039337158203 ], [ -121.368476867675781, 30.980859756469727 ], [ -121.367538452148438, 30.981260299682617 ], [ -121.348442077636719, 30.985809326171875 ], [ -121.329803466796875, 30.989229202270508 ], [ -121.232070922851562, 30.996059417724609 ], [ -121.000282287597656, 30.999639511108398 ], [ -120.962928771972656, 30.984170913696289 ], [ -120.868263244628906, 30.906259536743164 ], [ -120.869583129882812, 30.905620574951172 ], [ -120.892562866210938, 30.904390335083008 ] ] ] } },
{ "type": "Feature", "properties": { "cluster_id": 209 }, "geometry": { "type": "Polygon", "coordinates": [ [ [ -134.360122680664062, 58.266441345214844 ], [ -134.443984985351562, 58.305419921875 ], [ -134.444122314453125, 58.305538177490234 ], [ -134.444656372070312, 58.306480407714844 ], [ -134.44427490234375, 58.308731079101562 ], [ -134.390975952148438, 58.285049438476562 ], [ -134.359725952148438, 58.268131256103516 ], [ -134.358001708984375, 58.267059326171875 ], [ -134.360122680664062, 58.266441345214844 ] ] ] } },
{ "type": "Feature", "properties": { "cluster_id": 192 }, "geometry": { "type": "Polygon", "coordinates": [ [ [ -147.476348876953125, 60.640110015869141 ], [ -147.4552001953125, 60.644481658935547 ], [ -147.450698852539062, 60.644630432128906 ], [ -147.450271606445312, 60.644290924072266 ], [ -147.450241088867188, 60.644218444824219 ], [ -147.450485229492188, 60.643901824951172 ], [ -147.451553344726562, 60.643280029296875 ], [ -147.452957153320312, 60.643089294433594 ], [ -147.476348876953125, 60.640110015869141 ] ] ] } },
{ "type": "Feature", "properties": { "cluster_id": 256 }, "geometry": { "type": "Polygon", "coordinates": [ [ [ -146.882064819335938, 60.805210113525391 ], [ -147.011154174804688, 60.821170806884766 ], [ -147.008270263671875, 60.834888458251953 ], [ -147.004867553710938, 60.841789245605469 ], [ -147.000473022460938, 60.846511840820312 ], [ -146.99688720703125, 60.849281311035156 ], [ -146.939132690429688, 60.848831176757812 ], [ -146.918075561523438, 60.847648620605469 ], [ -146.882064819335938, 60.805210113525391 ] ] ] } },
{ "type": "Feature", "properties": { "cluster_id": 279 }, "geometry": { "type": "Polygon", "coordinates": [ [ [ -146.94952392578125, 60.902370452880859 ], [ -146.941879272460938, 60.909320831298828 ], [ -146.924240112304688, 60.922111511230469 ], [ -146.89520263671875, 60.939910888671875 ], [ -146.838638305664062, 60.948139190673828 ], [ -146.808547973632812, 60.945541381835938 ], [ -146.82177734375, 60.935359954833984 ], [ -146.836746215820312, 60.925239562988281 ], [ -146.870407104492188, 60.904308319091797 ], [ -146.94952392578125, 60.902370452880859 ] ] ] } },
{ "type": "Feature", "properties": { "cluster_id": 91 }, "geometry": { "type": "Polygon", "coordinates": [ [ [ -146.757888793945312, 61.001708984375 ], [ -146.765380859375, 61.004650115966797 ], [ -146.667465209960938, 61.069080352783203 ], [ -146.633468627929688, 61.085338592529297 ], [ -146.625579833984375, 61.088279724121094 ], [ -146.543624877929688, 61.106891632080078 ], [ -146.3427734375, 61.122051239013672 ], [ -146.307113647460938, 61.121578216552734 ], [ -146.306625366210938, 61.121471405029297 ], [ -146.283584594726562, 61.112178802490234 ], [ -146.283172607421875, 61.111740112304688 ], [ -146.284133911132812, 61.110408782958984 ], [ -146.284393310546875, 61.110118865966797 ], [ -146.757888793945312, 61.001708984375 ] ] ] } },
{ "type": "Feature", "properties": { "cluster_id": 52 }, "geometry": { "type": "Polygon", "coordinates": [ [ [ -146.676559448242188, 60.197849273681641 ], [ -146.718612670898438, 60.200889587402344 ], [ -146.734146118164062, 60.205848693847656 ], [ -146.738616943359375, 60.208358764648438 ], [ -146.765243530273438, 60.2333984375 ], [ -146.76763916015625, 60.256820678710938 ], [ -146.762466430664062, 60.266521453857422 ], [ -146.734176635742188, 60.276020050048828 ], [ -146.7247314453125, 60.276378631591797 ], [ -146.654312133789062, 60.207550048828125 ], [ -146.653915405273438, 60.204341888427734 ], [ -146.656845092773438, 60.202018737792969 ], [ -146.6619873046875, 60.199779510498047 ], [ -146.669296264648438, 60.198318481445312 ], [ -146.676559448242188, 60.197849273681641 ] ] ] } },
{ "type": "Feature", "properties": { "cluster_id": 30 }, "geometry": { "type": "Polygon", "coordinates": [ [ [ -163.3817138671875, 54.834461212158203 ], [ -163.38494873046875, 54.835750579833984 ], [ -163.406051635742188, 54.856498718261719 ], [ -163.410690307617188, 54.862049102783203 ], [ -163.367767333984375, 54.954849243164062 ], [ -163.364944458007812, 54.955158233642578 ], [ -163.322418212890625, 54.910221099853516 ], [ -163.3333740234375, 54.879199981689453 ], [ -163.3817138671875, 54.834461212158203 ] ] ] } },
{ "type": "Feature", "properties": { "cluster_id": 195 }, "geometry": { "type": "Polygon", "coordinates": [ [ [ -163.150497436523438, 54.779911041259766 ], [ -163.295852661132812, 54.783008575439453 ], [ -163.311676025390625, 54.784038543701172 ], [ -163.3463134765625, 54.790279388427734 ], [ -163.352493286132812, 54.793178558349609 ], [ -163.357192993164062, 54.796928405761719 ], [ -163.359527587890625, 54.798820495605469 ], [ -163.364593505859375, 54.806980133056641 ], [ -163.365829467773438, 54.811241149902344 ], [ -163.179641723632812, 54.788288116455078 ], [ -163.152587890625, 54.783248901367188 ], [ -163.150497436523438, 54.779911041259766 ] ] ] } },
{ "type": "Feature", "properties": { "cluster_id": 31 }, "geometry": { "type": "Polygon", "coordinates": [ [ [ -165.64654541015625, 54.21527099609375 ], [ -165.640625, 54.2193603515625 ], [ -165.615585327148438, 54.233741760253906 ], [ -165.615158081054688, 54.233688354492188 ], [ -165.615005493164062, 54.233650207519531 ], [ -165.614242553710938, 54.233089447021484 ], [ -165.614044189453125, 54.230491638183594 ], [ -165.619125366210938, 54.223850250244141 ], [ -165.631973266601562, 54.218891143798828 ], [ -165.64654541015625, 54.21527099609375 ] ] ] } },
{ "type": "Feature", "properties": { "cluster_id": 129 }, "geometry": { "type": "Polygon", "coordinates": [ [ [ -72.635963439941406, 40.737560272216797 ], [ -72.685623168945312, 40.758518218994141 ], [ -72.687820434570312, 40.765380859375 ], [ -72.687477111816406, 40.771171569824219 ], [ -72.686668395996094, 40.773189544677734 ], [ -72.686233520507812, 40.774200439453125 ], [ -72.565803527832031, 40.806098937988281 ], [ -72.564369201660156, 40.806461334228516 ], [ -72.561981201171875, 40.806968688964844 ], [ -72.550361633300781, 40.806549072265625 ], [ -72.549110412597656, 40.806049346923828 ], [ -72.543617248535156, 40.800540924072266 ], [ -72.542518615722656, 40.798301696777344 ], [ -72.547073364257812, 40.779689788818359 ], [ -72.550491333007812, 40.775409698486328 ], [ -72.634567260742188, 40.737720489501953 ], [ -72.635963439941406, 40.737560272216797 ] ] ] } },
{ "type": "Feature", "properties": { "cluster_id": 120 }, "geometry": { "type": "Polygon", "coordinates": [ [ [ -163.379440307617188, 54.978141784667969 ], [ -163.426361083984375, 55.002140045166016 ], [ -163.57562255859375, 55.086841583251953 ], [ -163.4991455078125, 55.099990844726562 ], [ -163.422698974609375, 55.052799224853516 ], [ -163.419021606445312, 55.04827880859375 ], [ -163.379440307617188, 54.978141784667969 ] ] ] } },
{ "type": "Feature", "properties": { "cluster_id": 80 }, "geometry": { "type": "Polygon", "coordinates": [ [ [ -160.500885009765625, 55.33203125 ], [ -160.501922607421875, 55.332340240478516 ], [ -160.5025634765625, 55.332660675048828 ], [ -160.506317138671875, 55.335430145263672 ], [ -160.507232666015625, 55.337398529052734 ], [ -160.505111694335938, 55.341670989990234 ], [ -160.496353149414062, 55.332969665527344 ], [ -160.50006103515625, 55.332149505615234 ], [ -160.50042724609375, 55.332080841064453 ], [ -160.500885009765625, 55.33203125 ] ] ] } },
{ "type": "Feature", "properties": { "cluster_id": 134 }, "geometry": { "type": "Polygon", "coordinates": [ [ [ -165.796676635742188, 54.125511169433594 ], [ -165.797210693359375, 54.125709533691406 ], [ -165.796173095703125, 54.128078460693359 ], [ -165.794784545898438, 54.129341125488281 ], [ -165.790054321289062, 54.132648468017578 ], [ -165.714157104492188, 54.179428100585938 ], [ -165.710586547851562, 54.179008483886719 ], [ -165.704513549804688, 54.163448333740234 ], [ -165.70367431640625, 54.154029846191406 ], [ -165.704986572265625, 54.148109436035156 ], [ -165.7071533203125, 54.142528533935547 ], [ -165.720077514648438, 54.136119842529297 ], [ -165.732757568359375, 54.132720947265625 ], [ -165.796676635742188, 54.125511169433594 ] ] ] } },
{ "type": "Feature", "properties": { "cluster_id": 281 }, "geometry": { "type": "Polygon", "coordinates": [ [ [ -130.2579345703125, 54.053829193115234 ], [ -130.25897216796875, 54.053951263427734 ], [ -130.26165771484375, 54.055000305175781 ], [ -130.293487548828125, 54.081588745117188 ], [ -130.30157470703125, 54.092380523681641 ], [ -130.277114868164062, 54.094478607177734 ], [ -130.2579345703125, 54.053829193115234 ] ] ] } },
{ "type": "Feature", "properties": { "cluster_id": 100 }, "geometry": { "type": "Polygon", "coordinates": [ [ [ -84.934211730957031, 46.776329040527344 ], [ -85.017616271972656, 46.789741516113281 ], [ -85.014076232910156, 46.810718536376953 ], [ -84.844711303710938, 46.805110931396484 ], [ -84.838348388671875, 46.789558410644531 ], [ -84.925613403320312, 46.776889801025391 ], [ -84.929832458496094, 46.776519775390625 ], [ -84.934211730957031, 46.776329040527344 ] ] ] } },
{ "type": "Feature", "properties": { "cluster_id": 182 }, "geometry": { "type": "Polygon", "coordinates": [ [ [ -84.704719543457031, 46.573429107666016 ], [ -84.727279663085938, 46.574661254882812 ], [ -84.785018920898438, 46.606998443603516 ], [ -84.788429260253906, 46.609970092773438 ], [ -84.79730224609375, 46.620891571044922 ], [ -84.7994384765625, 46.647701263427734 ], [ -84.79351806640625, 46.664688110351562 ], [ -84.671127319335938, 46.61920166015625 ], [ -84.657241821289062, 46.574661254882812 ], [ -84.704719543457031, 46.573429107666016 ] ] ] } },
{ "type": "Feature", "properties": { "cluster_id": 128 }, "geometry": { "type": "Polygon", "coordinates": [ [ [ -83.891860961914062, 45.903209686279297 ], [ -83.925849914550781, 45.910148620605469 ], [ -84.031211853027344, 46.079460144042969 ], [ -84.0313720703125, 46.080318450927734 ], [ -84.02423095703125, 46.141021728515625 ], [ -84.023872375488281, 46.140979766845703 ], [ -84.020561218261719, 46.139331817626953 ], [ -83.881576538085938, 46.026958465576172 ], [ -83.880928039550781, 46.02178955078125 ], [ -83.879730224609375, 45.923568725585938 ], [ -83.891860961914062, 45.903209686279297 ] ] ] } },
{ "type": "Feature", "properties": { "cluster_id": 132 }, "geometry": { "type": "Polygon", "coordinates": [ [ [ -83.139816284179688, 45.088600158691406 ], [ -83.168937683105469, 45.161441802978516 ], [ -83.162269592285156, 45.173839569091797 ], [ -83.150749206542969, 45.17620849609375 ], [ -83.017578125, 45.173610687255859 ], [ -82.961700439453125, 45.164920806884766 ], [ -82.984169006347656, 45.108001708984375 ], [ -83.139816284179688, 45.088600158691406 ] ] ] } },
{ "type": "Feature", "properties": { "cluster_id": 200 }, "geometry": { "type": "Polygon", "coordinates": [ [ [ -83.131202697753906, 41.981548309326172 ], [ -83.135169982910156, 41.991710662841797 ], [ -83.139389038085938, 42.003570556640625 ], [ -83.141899108886719, 42.010669708251953 ], [ -83.139747619628906, 42.010799407958984 ], [ -83.138397216796875, 42.010799407958984 ], [ -83.131202697753906, 41.981548309326172 ] ] ] } },
{ "type": "Feature", "properties": { "cluster_id": 172 }, "geometry": { "type": "Polygon", "coordinates": [ [ [ -82.731521606445312, 41.886890411376953 ], [ -82.899162292480469, 41.887660980224609 ], [ -83.10968017578125, 41.892318725585938 ], [ -83.10833740234375, 41.923599243164062 ], [ -82.828117370605469, 41.914508819580078 ], [ -82.825447082519531, 41.914150238037109 ], [ -82.749732971191406, 41.896049499511719 ], [ -82.728630065917969, 41.888710021972656 ], [ -82.731521606445312, 41.886890411376953 ] ] ] } },
{ "type": "Feature", "properties": { "cluster_id": 203 }, "geometry": { "type": "Polygon", "coordinates": [ [ [ -82.404060363769531, 43.080890655517578 ], [ -82.413116455078125, 43.085609436035156 ], [ -82.414581298828125, 43.106369018554688 ], [ -82.414817810058594, 43.110340118408203 ], [ -82.409660339355469, 43.118938446044922 ], [ -82.362327575683594, 43.097721099853516 ], [ -82.362106323242188, 43.096218109130859 ], [ -82.36376953125, 43.095321655273438 ], [ -82.404060363769531, 43.080890655517578 ] ] ] } },
{ "type": "Feature", "properties": { "cluster_id": 219 }, "geometry": { "type": "Polygon", "coordinates": [ [ [ -83.446426391601562, 44.221298217773438 ], [ -83.447410583496094, 44.221649169921875 ], [ -83.449043273925781, 44.222999572753906 ], [ -83.44830322265625, 44.223949432373047 ], [ -83.447563171386719, 44.224441528320312 ], [ -83.446426391601562, 44.221298217773438 ] ] ] } },
{ "type": "Feature", "properties": { "cluster_id": 88 }, "geometry": { "type": "Polygon", "coordinates": [ [ [ -91.323486328125, 29.63909912109375 ], [ -91.3253173828125, 29.63916015625 ], [ -91.358299255371094, 29.641990661621094 ], [ -91.367301940917969, 29.643289566040039 ], [ -91.368492126464844, 29.643510818481445 ], [ -91.395942687988281, 29.649290084838867 ], [ -91.405410766601562, 29.651630401611328 ], [ -91.407798767089844, 29.652280807495117 ], [ -91.264938354492188, 29.652299880981445 ], [ -91.279693603515625, 29.647039413452148 ], [ -91.285011291503906, 29.645990371704102 ], [ -91.316650390625, 29.639949798583984 ], [ -91.323486328125, 29.63909912109375 ] ] ] } },
{ "type": "Feature", "properties": { "cluster_id": 90 }, "geometry": { "type": "Polygon", "coordinates": [ [ [ -91.099952697753906, 29.657989501953125 ], [ -91.243492126464844, 29.658300399780273 ], [ -91.235511779785156, 29.667770385742188 ], [ -91.212760925292969, 29.687070846557617 ], [ -91.2091064453125, 29.688310623168945 ], [ -91.203628540039062, 29.688970565795898 ], [ -91.0985107421875, 29.691669464111328 ], [ -91.097358703613281, 29.691059112548828 ], [ -91.099662780761719, 29.661350250244141 ], [ -91.099952697753906, 29.657989501953125 ] ] ] } },
{ "type": "Feature", "properties": { "cluster_id": 262 }, "geometry": { "type": "Polygon", "coordinates": [ [ [ -84.454750061035156, 45.667259216308594 ], [ -84.477401733398438, 45.706428527832031 ], [ -84.355926513671875, 45.688411712646484 ], [ -84.454750061035156, 45.667259216308594 ] ] ] } },
{ "type": "Feature", "properties": { "cluster_id": 42 }, "geometry": { "type": "Polygon", "coordinates": [ [ [ -156.498077392578125, 21.03462028503418 ], [ -156.669540405273438, 21.035530090332031 ], [ -156.692642211914062, 21.059839248657227 ], [ -156.675613403320312, 21.066970825195312 ], [ -156.648544311523438, 21.076179504394531 ], [ -156.636566162109375, 21.078659057617188 ], [ -156.623779296875, 21.080280303955078 ], [ -156.60015869140625, 21.080049514770508 ], [ -156.573745727539062, 21.075920104980469 ], [ -156.532211303710938, 21.059839248657227 ], [ -156.502944946289062, 21.047269821166992 ], [ -156.492950439453125, 21.041280746459961 ], [ -156.490875244140625, 21.039329528808594 ], [ -156.498077392578125, 21.03462028503418 ] ] ] } },
{ "type": "Feature", "properties": { "cluster_id": 169 }, "geometry": { "type": "Polygon", "coordinates": [ [ [ -156.959274291992188, 20.986419677734375 ], [ -157.0328369140625, 20.994119644165039 ], [ -157.041015625, 20.99506950378418 ], [ -157.148239135742188, 21.011699676513672 ], [ -157.140777587890625, 21.01991081237793 ], [ -157.117767333984375, 21.019880294799805 ], [ -157.045166015625, 21.013250350952148 ], [ -157.004684448242188, 21.009330749511719 ], [ -156.965484619140625, 21.005239486694336 ], [ -156.959274291992188, 20.986419677734375 ] ] ] } },
{ "type": "Feature", "properties": { "cluster_id": 247 }, "geometry": { "type": "Polygon", "coordinates": [ [ [ -157.703582763671875, 21.135129928588867 ], [ -157.752853393554688, 21.143880844116211 ], [ -157.838211059570312, 21.168350219726562 ], [ -157.842483520507812, 21.170589447021484 ], [ -157.8319091796875, 21.175590515136719 ], [ -157.77410888671875, 21.16703987121582 ], [ -157.739212036132812, 21.154630661010742 ], [ -157.719436645507812, 21.143899917602539 ], [ -157.703582763671875, 21.135129928588867 ] ] ] } },
{ "type": "Feature", "properties": { "cluster_id": 226 }, "geometry": { "type": "Polygon", "coordinates": [ [ [ -64.667327880859375, 19.404369354248047 ], [ -64.680717468261719, 19.437309265136719 ], [ -64.678901672363281, 19.441429138183594 ], [ -64.617301940917969, 19.451240539550781 ], [ -64.616767883300781, 19.448530197143555 ], [ -64.617073059082031, 19.447719573974609 ], [ -64.632949829101562, 19.428129196166992 ], [ -64.647361755371094, 19.413139343261719 ], [ -64.650039672851562, 19.410680770874023 ], [ -64.667327880859375, 19.404369354248047 ] ] ] } },
{ "type": "Feature", "properties": { "cluster_id": 98 }, "geometry": { "type": "Polygon", "coordinates": [ [ [ -64.543411254882812, 18.999860763549805 ], [ -64.544418334960938, 18.999969482421875 ], [ -64.744232177734375, 19.060970306396484 ], [ -64.575691223144531, 19.06757926940918 ], [ -64.527999877929688, 19.002130508422852 ], [ -64.528312683105469, 19.001680374145508 ], [ -64.528488159179688, 19.001569747924805 ], [ -64.529411315917969, 19.001079559326172 ], [ -64.543411254882812, 18.999860763549805 ] ] ] } },
{ "type": "Feature", "properties": { "cluster_id": 276 }, "geometry": { "type": "Polygon", "coordinates": [ [ [ -89.080230712890625, 30.347679138183594 ], [ -89.08837890625, 30.349889755249023 ], [ -89.091796875, 30.354169845581055 ], [ -89.093002319335938, 30.356170654296875 ], [ -89.089706420898438, 30.355400085449219 ], [ -89.082588195800781, 30.350030899047852 ], [ -89.080230712890625, 30.347679138183594 ] ] ] } },
{ "type": "Feature", "properties": { "cluster_id": 143 }, "geometry": { "type": "Polygon", "coordinates": [ [ [ -97.826240539550781, 22.484289169311523 ], [ -97.868179321289062, 22.485170364379883 ], [ -97.872802734375, 22.485429763793945 ], [ -97.87384033203125, 22.486049652099609 ], [ -97.873451232910156, 22.48682975769043 ], [ -97.871597290039062, 22.487470626831055 ], [ -97.804298400878906, 22.501810073852539 ], [ -97.779220581054688, 22.496730804443359 ], [ -97.7996826171875, 22.487220764160156 ], [ -97.805549621582031, 22.485679626464844 ], [ -97.816658020019531, 22.48430061340332 ], [ -97.826240539550781, 22.484289169311523 ] ] ] } },
{ "type": "Feature", "properties": { "cluster_id": 37 }, "geometry": { "type": "Polygon", "coordinates": [ [ [ -96.922569274902344, 25.968870162963867 ], [ -96.992477416992188, 26.007940292358398 ], [ -96.999618530273438, 26.015159606933594 ], [ -96.999420166015625, 26.015510559082031 ], [ -96.990272521972656, 26.01262092590332 ], [ -96.926109313964844, 25.977500915527344 ], [ -96.922569274902344, 25.968870162963867 ] ] ] } },
{ "type": "Feature", "properties": { "cluster_id": 232 }, "geometry": { "type": "Polygon", "coordinates": [ [ [ -81.464752197265625, 30.677059173583984 ], [ -81.462860107421875, 30.704189300537109 ], [ -81.459671020507812, 30.711599349975586 ], [ -81.372718811035156, 30.710590362548828 ], [ -81.370140075683594, 30.708580017089844 ], [ -81.366828918457031, 30.681430816650391 ], [ -81.464752197265625, 30.677059173583984 ] ] ] } },
{ "type": "Feature", "properties": { "cluster_id": 180 }, "geometry": { "type": "Polygon", "coordinates": [ [ [ -119.68475341796875, 34.357151031494141 ], [ -119.683967590332031, 34.392730712890625 ], [ -119.683723449707031, 34.396659851074219 ], [ -119.683479309082031, 34.397220611572266 ], [ -119.683021545410156, 34.397251129150391 ], [ -119.682731628417969, 34.396648406982422 ], [ -119.6815185546875, 34.390640258789062 ], [ -119.680267333984375, 34.378238677978516 ], [ -119.682090759277344, 34.363151550292969 ], [ -119.68475341796875, 34.357151031494141 ] ] ] } },
{ "type": "Feature", "properties": { "cluster_id": 235 }, "geometry": { "type": "Polygon", "coordinates": [ [ [ -121.884201049804688, 36.6126708984375 ], [ -121.886268615722656, 36.613021850585938 ], [ -121.895309448242188, 36.646568298339844 ], [ -121.892486572265625, 36.643661499023438 ], [ -121.888046264648438, 36.638290405273438 ], [ -121.887001037597656, 36.634040832519531 ], [ -121.884376525878906, 36.620620727539062 ], [ -121.883872985839844, 36.613418579101562 ], [ -121.884147644042969, 36.612678527832031 ], [ -121.884201049804688, 36.6126708984375 ] ] ] } },
{ "type": "Feature", "properties": { "cluster_id": 282 }, "geometry": { "type": "Polygon", "coordinates": [ [ [ -76.184967041015625, 24.631620407104492 ], [ -76.184471130371094, 24.63368034362793 ], [ -76.183952331542969, 24.63279914855957 ], [ -76.184967041015625, 24.631620407104492 ] ] ] } },
{ "type": "Feature", "properties": { "cluster_id": 264 }, "geometry": { "type": "Polygon", "coordinates": [ [ [ -79.787590026855469, 43.267101287841797 ], [ -79.8509521484375, 43.271659851074219 ], [ -79.860710144042969, 43.278400421142578 ], [ -79.772003173828125, 43.311111450195312 ], [ -79.765556335449219, 43.313289642333984 ], [ -79.755668640136719, 43.313331604003906 ], [ -79.750167846679688, 43.308998107910156 ], [ -79.787590026855469, 43.267101287841797 ] ] ] } },
{ "type": "Feature", "properties": { "cluster_id": 234 }, "geometry": { "type": "Polygon", "coordinates": [ [ [ -125.1219482421875, 50.075080871582031 ], [ -125.175682067871094, 50.109268188476562 ], [ -125.170387268066406, 50.109718322753906 ], [ -125.133003234863281, 50.108760833740234 ], [ -125.0830078125, 50.106739044189453 ], [ -125.069129943847656, 50.105480194091797 ], [ -125.068702697753906, 50.105400085449219 ], [ -125.068679809570312, 50.105018615722656 ], [ -125.069122314453125, 50.103389739990234 ], [ -125.090011596679688, 50.086540222167969 ], [ -125.1219482421875, 50.075080871582031 ] ] ] } },
{ "type": "Feature", "properties": { "cluster_id": 12 }, "geometry": { "type": "Polygon", "coordinates": [ [ [ -79.215492248535156, 43.223049163818359 ], [ -79.216278076171875, 43.224529266357422 ], [ -79.231056213378906, 43.262729644775391 ], [ -79.232002258300781, 43.266170501708984 ], [ -79.213958740234375, 43.261581420898438 ], [ -79.215492248535156, 43.223049163818359 ] ] ] } },
{ "type": "Feature", "properties": { "cluster_id": 216 }, "geometry": { "type": "Polygon", "coordinates": [ [ [ -79.208831787109375, 43.087169647216797 ], [ -79.208511352539062, 43.089561462402344 ], [ -79.207832336425781, 43.093669891357422 ], [ -79.207328796386719, 43.095001220703125 ], [ -79.206649780273438, 43.096351623535156 ], [ -79.205497741699219, 43.098499298095703 ], [ -79.1961669921875, 43.114898681640625 ], [ -79.195327758789062, 43.116001129150391 ], [ -79.195671081542969, 43.114498138427734 ], [ -79.208831787109375, 43.087169647216797 ] ] ] } },
{ "type": "Feature", "properties": { "cluster_id": 93 }, "geometry": { "type": "Polygon", "coordinates": [ [ [ -79.267349243164062, 42.838371276855469 ], [ -79.263496398925781, 42.852668762207031 ], [ -79.248847961425781, 42.878631591796875 ], [ -79.248237609863281, 42.879600524902344 ], [ -79.248222351074219, 42.879619598388672 ], [ -79.249832153320312, 42.872829437255859 ], [ -79.252166748046875, 42.866329193115234 ], [ -79.260841369628906, 42.842609405517578 ], [ -79.267349243164062, 42.838371276855469 ] ] ] } },
{ "type": "Feature", "properties": { "cluster_id": 224 }, "geometry": { "type": "Polygon", "coordinates": [ [ [ -125.543258666992188, 48.88433837890625 ], [ -125.547561645507812, 48.887210845947266 ], [ -125.562919616699219, 48.897941589355469 ], [ -125.58489990234375, 48.921798706054688 ], [ -125.545440673828125, 48.943759918212891 ], [ -125.544273376464844, 48.944229125976562 ], [ -125.535697937011719, 48.940048217773438 ], [ -125.488739013671875, 48.905971527099609 ], [ -125.486968994140625, 48.897850036621094 ], [ -125.490989685058594, 48.895858764648438 ], [ -125.516563415527344, 48.887500762939453 ], [ -125.543258666992188, 48.88433837890625 ] ] ] } },
{ "type": "Feature", "properties": { "cluster_id": 158 }, "geometry": { "type": "Polygon", "coordinates": [ [ [ -82.427932739257812, 41.483451843261719 ], [ -82.428352355957031, 41.483631134033203 ], [ -82.430473327636719, 41.484928131103516 ], [ -82.430549621582031, 41.485950469970703 ], [ -82.428817749023438, 41.487739562988281 ], [ -82.421722412109375, 41.487621307373047 ], [ -82.424697875976562, 41.484661102294922 ], [ -82.427932739257812, 41.483451843261719 ] ] ] } },
{ "type": "Feature", "properties": { "cluster_id": 26 }, "geometry": { "type": "Polygon", "coordinates": [ [ [ -82.445030212402344, 41.80194091796875 ], [ -82.458999633789062, 41.802669525146484 ], [ -82.463829040527344, 41.803501129150391 ], [ -82.491889953613281, 41.821220397949219 ], [ -82.494270324707031, 41.82666015625 ], [ -82.368659973144531, 41.827220916748047 ], [ -82.362968444824219, 41.825431823730469 ], [ -82.358673095703125, 41.822330474853516 ], [ -82.37847900390625, 41.810588836669922 ], [ -82.440177917480469, 41.802310943603516 ], [ -82.445030212402344, 41.80194091796875 ] ] ] } },
{ "type": "Feature", "properties": { "cluster_id": 269 }, "geometry": { "type": "Polygon", "coordinates": [ [ [ -82.519996643066406, 41.838699340820312 ], [ -82.543327331542969, 41.843669891357422 ], [ -82.661666870117188, 41.869331359863281 ], [ -82.608352661132812, 41.876651763916016 ], [ -82.605377197265625, 41.876869201660156 ], [ -82.599861145019531, 41.875728607177734 ], [ -82.585220336914062, 41.870441436767578 ], [ -82.565048217773438, 41.862579345703125 ], [ -82.540359497070312, 41.852291107177734 ], [ -82.519996643066406, 41.838699340820312 ] ] ] } },
{ "type": "Feature", "properties": { "cluster_id": 240 }, "geometry": { "type": "Polygon", "coordinates": [ [ [ -80.647529602050781, 42.312999725341797 ], [ -80.622230529785156, 42.339088439941406 ], [ -80.592048645019531, 42.346569061279297 ], [ -80.482048034667969, 42.347900390625 ], [ -80.47332763671875, 42.347751617431641 ], [ -80.472137451171875, 42.346950531005859 ], [ -80.472030639648438, 42.344638824462891 ], [ -80.473426818847656, 42.343700408935547 ], [ -80.509750366210938, 42.326850891113281 ], [ -80.647529602050781, 42.312999725341797 ] ] ] } },
{ "type": "Feature", "properties": { "cluster_id": 61 }, "geometry": { "type": "Polygon", "coordinates": [ [ [ -88.739509582519531, 48.253330230712891 ], [ -88.97161865234375, 48.272930145263672 ], [ -89.232452392578125, 48.354690551757812 ], [ -89.232368469238281, 48.356399536132812 ], [ -89.223831176757812, 48.414161682128906 ], [ -89.189178466796875, 48.447319030761719 ], [ -89.18096923828125, 48.447269439697266 ], [ -88.778068542480469, 48.295028686523438 ], [ -88.73193359375, 48.269748687744141 ], [ -88.739509582519531, 48.253330230712891 ] ] ] } },
{ "type": "Feature", "properties": { "cluster_id": 241 }, "geometry": { "type": "Polygon", "coordinates": [ [ [ -88.353378295898438, 48.20281982421875 ], [ -88.374908447265625, 48.208900451660156 ], [ -88.402473449707031, 48.218399047851562 ], [ -88.423690795898438, 48.227798461914062 ], [ -88.469276428222656, 48.249549865722656 ], [ -88.453567504882812, 48.247699737548828 ], [ -88.424819946289062, 48.243789672851562 ], [ -88.417510986328125, 48.240558624267578 ], [ -88.342857360839844, 48.204078674316406 ], [ -88.353378295898438, 48.20281982421875 ] ] ] } },
{ "type": "Feature", "properties": { "cluster_id": 150 }, "geometry": { "type": "Polygon", "coordinates": [ [ [ -125.138587951660156, 48.835929870605469 ], [ -125.139228820800781, 48.836029052734375 ], [ -125.147087097167969, 48.839950561523438 ], [ -125.147789001464844, 48.856651306152344 ], [ -125.140533447265625, 48.861919403076172 ], [ -125.128189086914062, 48.870201110839844 ], [ -125.1273193359375, 48.866878509521484 ], [ -125.130096435546875, 48.850971221923828 ], [ -125.135108947753906, 48.837421417236328 ], [ -125.138282775878906, 48.835990905761719 ], [ -125.138587951660156, 48.835929870605469 ] ] ] } },
{ "type": "Feature", "properties": { "cluster_id": 229 }, "geometry": { "type": "Polygon", "coordinates": [ [ [ -125.102249145507812, 48.876129150390625 ], [ -125.105819702148438, 48.876350402832031 ], [ -125.0924072265625, 48.887771606445312 ], [ -125.070259094238281, 48.897129058837891 ], [ -125.022552490234375, 48.907810211181641 ], [ -125.019798278808594, 48.907958984375 ], [ -125.022758483886719, 48.905239105224609 ], [ -125.028251647949219, 48.902229309082031 ], [ -125.040298461914062, 48.897251129150391 ], [ -125.102249145507812, 48.876129150390625 ] ] ] } },
{ "type": "Feature", "properties": { "cluster_id": 267 }, "geometry": { "type": "Polygon", "coordinates": [ [ [ -80.784721374511719, 41.906349182128906 ], [ -80.798072814941406, 41.924209594726562 ], [ -80.795257568359375, 41.922908782958984 ], [ -80.785980224609375, 41.915691375732422 ], [ -80.784156799316406, 41.913501739501953 ], [ -80.784721374511719, 41.906349182128906 ] ] ] } },
{ "type": "Feature", "properties": { "cluster_id": 254 }, "geometry": { "type": "Polygon", "coordinates": [ [ [ -87.8433837890625, 47.342430114746094 ], [ -87.908912658691406, 47.384620666503906 ], [ -87.909393310546875, 47.385391235351562 ], [ -87.908248901367188, 47.385719299316406 ], [ -87.853401184082031, 47.371070861816406 ], [ -87.843276977539062, 47.346000671386719 ], [ -87.8433837890625, 47.342430114746094 ] ] ] } },
{ "type": "Feature", "properties": { "cluster_id": 119 }, "geometry": { "type": "Polygon", "coordinates": [ [ [ -125.933128356933594, 49.113548278808594 ], [ -125.972602844238281, 49.132511138916016 ], [ -126.010063171386719, 49.154361724853516 ], [ -125.909599304199219, 49.160221099853516 ], [ -125.897392272949219, 49.157741546630859 ], [ -125.884193420410156, 49.150901794433594 ], [ -125.901359558105469, 49.114250183105469 ], [ -125.90496826171875, 49.113590240478516 ], [ -125.933128356933594, 49.113548278808594 ] ] ] } },
{ "type": "Feature", "properties": { "cluster_id": 102 }, "geometry": { "type": "Polygon", "coordinates": [ [ [ -80.085807800292969, 42.708198547363281 ], [ -80.138442993164062, 42.716220855712891 ], [ -80.14031982421875, 42.717578887939453 ], [ -80.153068542480469, 42.730110168457031 ], [ -80.152397155761719, 42.731220245361328 ], [ -80.143302917480469, 42.736740112304688 ], [ -80.13995361328125, 42.738658905029297 ], [ -80.043411254882812, 42.784168243408203 ], [ -80.043678283691406, 42.782741546630859 ], [ -80.085807800292969, 42.708198547363281 ] ] ] } }
]
}
